source_excel_row,survey_date_parsed,covid_period,intersection_key,road_key,time_key,period_hours,total,vph
11,2017-03-03,ก่อนโควิด,สุขุมวิท24,สุขุมวิท,07:00-09:00,2.0,4912.0,2456.0
23,2017-03-06,ก่อนโควิด,วัดสน,สุขสวัสดิ์,07:00-09:00,2.0,9513.0,4756.5
24,2017-03-06,ก่อนโควิด,วัดสน,สุขสวัสดิ์,09:00-16:00,7.0,36032.0,5147.428571428572
25,2017-03-06,ก่อนโควิด,วัดสน,สุขสวัสดิ์,16:00-19:00,3.0,16262.0,5420.666666666667
26,2017-03-07,ก่อนโควิด,ใต้ด่วนพระราม4,เชื้อเพลิง,07:00-09:00,2.0,2196.0,1098.0
27,2017-03-07,ก่อนโควิด,ใต้ด่วนพระราม4,เชื้อเพลิง,09:00-16:00,7.0,8836.0,1262.2857142857142
28,2017-03-07,ก่อนโควิด,ใต้ด่วนพระราม4,เชื้อเพลิง,16:00-19:00,3.0,3681.0,1227.0
29,2017-03-07,ก่อนโควิด,ใต้ด่วนพระราม4,ทางด่วน,07:00-09:00,2.0,2610.0,1305.0
30,2017-03-07,ก่อนโควิด,ใต้ด่วนพระราม4,ทางด่วน,09:00-16:00,7.0,8146.0,1163.7142857142858
31,2017-03-07,ก่อนโควิด,ใต้ด่วนพระราม4,ทางด่วน,16:00-19:00,3.0,2912.0,970.6666666666666
32,2017-03-07,ก่อนโควิด,ใต้ด่วนพระราม4,พระรามที่4,07:00-09:00,2.0,9926.0,4963.0
33,2017-03-07,ก่อนโควิด,ใต้ด่วนพระราม4,พระรามที่4,09:00-16:00,7.0,37306.0,5329.428571428572
34,2017-03-07,ก่อนโควิด,ใต้ด่วนพระราม4,พระรามที่4,16:00-19:00,3.0,20851.0,6950.333333333333
47,2017-03-09,ก่อนโควิด,สะพานเหลือง,พระรามที่4,07:00-09:00,2.0,8906.0,4453.0
53,2017-03-09,ก่อนโควิด,สะพานเหลือง,บรรทัดทอง,07:00-09:00,2.0,1282.0,641.0
62,2017-03-13,ก่อนโควิด,บางขุนนนท์,จรัญสนิทวงศ์,07:00-09:00,2.0,3934.0,1967.0
65,2017-03-13,ก่อนโควิด,บางขุนนนท์,บางกอกน้อยตลิ่งชัน,07:00-09:00,2.0,1384.0,692.0
86,2017-03-16,ก่อนโควิด,เกษมราษฎร์,เกษมราษฎร์,07:00-09:00,2.0,1163.0,581.5
87,2017-03-16,ก่อนโควิด,เกษมราษฎร์,เกษมราษฎร์,09:00-16:00,7.0,5044.0,720.5714285714286
88,2017-03-16,ก่อนโควิด,เกษมราษฎร์,เกษมราษฎร์,16:00-19:00,3.0,2729.0,909.6666666666666
92,2017-03-16,ก่อนโควิด,เกษมราษฎร์,พระรามที่4,07:00-09:00,2.0,8118.0,4059.0
93,2017-03-16,ก่อนโควิด,เกษมราษฎร์,พระรามที่4,09:00-16:00,7.0,26124.0,3732.0
94,2017-03-16,ก่อนโควิด,เกษมราษฎร์,พระรามที่4,16:00-19:00,3.0,11536.0,3845.3333333333335
95,2017-03-17,ก่อนโควิด,หัวลำโพง,มหาพฤฒาราม,07:00-09:00,2.0,967.0,483.5
98,2017-03-17,ก่อนโควิด,หัวลำโพง,พระรามที่4,07:00-09:00,2.0,7977.0,3988.5
101,2017-03-20,ก่อนโควิด,อุณากรรณ,อุณากรรณ,07:00-09:00,2.0,1134.0,567.0
104,2017-03-20,ก่อนโควิด,อุณากรรณ,เจริญกรุง,07:00-09:00,2.0,1979.0,989.5
113,2017-03-22,ก่อนโควิด,บุคคโล,เจริญนคร,07:00-09:00,2.0,6506.0,3253.0
116,2017-03-22,ก่อนโควิด,บุคคโล,มไหสวรรย์,07:00-09:00,2.0,4414.0,2207.0
134,2017-03-28,ก่อนโควิด,สุทธิสาร,รัชดาภิเษก,07:00-09:00,2.0,12187.0,6093.5
135,2017-03-28,ก่อนโควิด,สุทธิสาร,รัชดาภิเษก,09:00-16:00,7.0,35833.0,5119.0
136,2017-03-28,ก่อนโควิด,สุทธิสาร,รัชดาภิเษก,16:00-19:00,3.0,15642.0,5214.0
137,2017-03-28,ก่อนโควิด,สุทธิสาร,สุทธิสารวินิจฉัย,07:00-09:00,2.0,3288.0,1644.0
138,2017-03-28,ก่อนโควิด,สุทธิสาร,สุทธิสารวินิจฉัย,09:00-16:00,7.0,8433.0,1204.7142857142858
139,2017-03-28,ก่อนโควิด,สุทธิสาร,สุทธิสารวินิจฉัย,16:00-19:00,3.0,3174.0,1058.0
146,2017-03-30,ก่อนโควิด,ประชานิเวศน์,ประชาชื่น,07:00-09:00,2.0,3613.0,1806.5
149,2017-03-30,ก่อนโควิด,ประชานิเวศน์,เทศบาลสงเคราะห์,07:00-09:00,2.0,1366.0,683.0
164,2017-04-03,ก่อนโควิด,ถนนตก,เจริญกรุง,07:00-09:00,2.0,2621.0,1310.5
167,2017-04-03,ก่อนโควิด,ถนนตก,พระรามที่3,07:00-09:00,2.0,7824.0,3912.0
192,2017-04-07,ก่อนโควิด,ประเวศ,อ่อนนุช,09:00-16:00,7.0,31898.0,4556.857142857143
195,2017-04-10,ก่อนโควิด,บางขุนพรหม,สามเสน,09:00-16:00,7.0,10103.0,1443.2857142857142
203,2017-04-18,ก่อนโควิด,สวนรื่นฤดี,สุโขทัย,07:00-09:00,2.0,3754.0,1877.0
215,2017-04-20,ก่อนโควิด,พัฒนาการ,ศรีนครินทร์,07:00-09:00,2.0,10675.0,5337.5
218,2017-04-20,ก่อนโควิด,พัฒนาการ,พัฒนาการ,07:00-09:00,2.0,6383.0,3191.5
221,2017-04-21,ก่อนโควิด,วัดประชา,พระรามที่5,07:00-09:00,2.0,3516.0,1758.0
230,2017-04-24,ก่อนโควิด,คลองตัน,สุขุมวิท71,07:00-09:00,2.0,2469.0,1234.5
233,2017-04-24,ก่อนโควิด,คลองตัน,รามคำแหง,07:00-09:00,2.0,4441.0,2220.5
234,2017-04-24,ก่อนโควิด,คลองตัน,รามคำแหง,09:00-16:00,7.0,12361.0,1765.857142857143
236,2017-04-24,ก่อนโควิด,คลองตัน,เพชรบุรี,07:00-09:00,2.0,3696.0,1848.0
237,2017-04-24,ก่อนโควิด,คลองตัน,เพชรบุรี,09:00-16:00,7.0,11999.0,1714.142857142857
239,2017-04-24,ก่อนโควิด,คลองตัน,พัฒนาการ,07:00-09:00,2.0,4442.0,2221.0
240,2017-04-24,ก่อนโควิด,คลองตัน,พัฒนาการ,09:00-16:00,7.0,14338.0,2048.285714285714
241,2017-04-24,ก่อนโควิด,คลองตัน,พัฒนาการ,16:00-19:00,3.0,5587.0,1862.3333333333333
260,2017-04-27,ก่อนโควิด,ราชดำริ,ราชดำริ,07:00-09:00,2.0,5355.0,2677.5
263,2017-04-27,ก่อนโควิด,ราชดำริ,สารสิน,07:00-09:00,2.0,2204.0,1102.0
275,2017-05-01,ก่อนโควิด,ดาวคะนอง,สมเด็จพระเจ้าตากสิน,07:00-09:00,2.0,7243.0,3621.5
276,2017-05-01,ก่อนโควิด,ดาวคะนอง,สมเด็จพระเจ้าตากสิน,09:00-16:00,7.0,29883.0,4269.0
277,2017-05-01,ก่อนโควิด,ดาวคะนอง,สมเด็จพระเจ้าตากสิน,16:00-19:00,3.0,12747.0,4249.0
278,2017-05-01,ก่อนโควิด,ดาวคะนอง,จอมทอง,07:00-09:00,2.0,1393.0,696.5
279,2017-05-01,ก่อนโควิด,ดาวคะนอง,จอมทอง,09:00-16:00,7.0,5456.0,779.4285714285714
280,2017-05-01,ก่อนโควิด,ดาวคะนอง,จอมทอง,16:00-19:00,3.0,2124.0,708.0
284,2017-05-02,ก่อนโควิด,เพชรบุรี-ชิดลม,เพชรบุรี,07:00-09:00,2.0,10886.0,5443.0
314,2017-05-05,ก่อนโควิด,นราธิวาส-สุรวงศ์,สุรวงศ์,07:00-09:00,2.0,4296.0,2148.0
315,2017-05-05,ก่อนโควิด,นราธิวาส-สุรวงศ์,สุรวงศ์,09:00-16:00,7.0,13960.0,1994.2857142857142
316,2017-05-05,ก่อนโควิด,นราธิวาส-สุรวงศ์,สุรวงศ์,16:00-19:00,3.0,5216.0,1738.6666666666667
317,2017-05-08,ก่อนโควิด,เจริญราษฎร์,เจริญราษฎร์,07:00-09:00,2.0,4115.0,2057.5
318,2017-05-08,ก่อนโควิด,เจริญราษฎร์,เจริญราษฎร์,09:00-16:00,7.0,11326.0,1618.0
319,2017-05-08,ก่อนโควิด,เจริญราษฎร์,เจริญราษฎร์,16:00-19:00,3.0,4443.0,1481.0
320,2017-05-08,ก่อนโควิด,เจริญราษฎร์,พระรามที่3,07:00-09:00,2.0,17156.0,8578.0
321,2017-05-08,ก่อนโควิด,เจริญราษฎร์,พระรามที่3,09:00-16:00,7.0,50004.0,7143.428571428572
322,2017-05-08,ก่อนโควิด,เจริญราษฎร์,พระรามที่3,16:00-19:00,3.0,19127.0,6375.666666666667
323,2017-05-09,ก่อนโควิด,คลองสาน,เจริญนคร,07:00-09:00,2.0,3281.0,1640.5
324,2017-05-09,ก่อนโควิด,คลองสาน,เจริญนคร,09:00-16:00,7.0,9483.0,1354.7142857142858
325,2017-05-09,ก่อนโควิด,คลองสาน,เจริญนคร,16:00-19:00,3.0,3490.0,1163.3333333333333
326,2017-05-09,ก่อนโควิด,คลองสาน,สมเด็จเจ้าพระยา,07:00-09:00,2.0,1180.0,590.0
327,2017-05-09,ก่อนโควิด,คลองสาน,สมเด็จเจ้าพระยา,09:00-16:00,7.0,5945.0,849.2857142857143
328,2017-05-09,ก่อนโควิด,คลองสาน,สมเด็จเจ้าพระยา,16:00-19:00,3.0,2991.0,997.0
329,2017-05-09,ก่อนโควิด,คลองสาน,ลาดหญ้า,07:00-09:00,2.0,1897.0,948.5
330,2017-05-09,ก่อนโควิด,คลองสาน,ลาดหญ้า,09:00-16:00,7.0,5242.0,748.8571428571429
331,2017-05-09,ก่อนโควิด,คลองสาน,ลาดหญ้า,16:00-19:00,3.0,2364.0,788.0
332,2017-05-11,ก่อนโควิด,สีลม-นราธิวาส,นราธิวาสราชนครินทร์,07:00-09:00,2.0,4232.0,2116.0
335,2017-05-11,ก่อนโควิด,สีลม-นราธิวาส,สีลม,07:00-09:00,2.0,5253.0,2626.5
365,2017-05-17,ก่อนโควิด,ลาดพร้าว101,ลาดพร้าว,07:00-09:00,2.0,6453.0,3226.5
377,2017-05-19,ก่อนโควิด,สุโขทัย,พระรามที่5,07:00-09:00,2.0,3573.0,1786.5
378,2017-05-19,ก่อนโควิด,สุโขทัย,พระรามที่5,09:00-16:00,7.0,10748.0,1535.4285714285713
379,2017-05-19,ก่อนโควิด,สุโขทัย,พระรามที่5,16:00-19:00,3.0,3902.0,1300.6666666666667
380,2017-05-19,ก่อนโควิด,สุโขทัย,สุโขทัย,07:00-09:00,2.0,2931.0,1465.5
381,2017-05-19,ก่อนโควิด,สุโขทัย,สุโขทัย,09:00-16:00,7.0,10801.0,1543.0
382,2017-05-19,ก่อนโควิด,สุโขทัย,สุโขทัย,16:00-19:00,3.0,4743.0,1581.0
383,2017-05-22,ก่อนโควิด,เทียมร่วมมิตร,รัชดาภิเษก,07:00-09:00,2.0,8687.0,4343.5
386,2017-05-22,ก่อนโควิด,เทียมร่วมมิตร,เทียมร่วมมิตร,07:00-09:00,2.0,4730.0,2365.0
387,2017-05-22,ก่อนโควิด,เทียมร่วมมิตร,เทียมร่วมมิตร,09:00-16:00,7.0,11113.0,1587.5714285714287
388,2017-05-22,ก่อนโควิด,เทียมร่วมมิตร,เทียมร่วมมิตร,16:00-19:00,3.0,4733.0,1577.6666666666667
404,2017-05-25,ก่อนโควิด,บางยี่เรือ,เทอดไท,07:00-09:00,2.0,1585.0,792.5
405,2017-05-25,ก่อนโควิด,บางยี่เรือ,เทอดไท,09:00-16:00,7.0,4450.0,635.7142857142857
406,2017-05-25,ก่อนโควิด,บางยี่เรือ,เทอดไท,16:00-19:00,3.0,1543.0,514.3333333333334
407,2017-05-25,ก่อนโควิด,บางยี่เรือ,เพชรเกษม,07:00-09:00,2.0,3626.0,1813.0
408,2017-05-25,ก่อนโควิด,บางยี่เรือ,เพชรเกษม,09:00-16:00,7.0,9353.0,1336.142857142857
409,2017-05-25,ก่อนโควิด,บางยี่เรือ,เพชรเกษม,16:00-19:00,3.0,3788.0,1262.6666666666667
410,2017-05-25,ก่อนโควิด,บางยี่เรือ,อินทรพิทักษ์,07:00-09:00,2.0,2979.0,1489.5
411,2017-05-25,ก่อนโควิด,บางยี่เรือ,อินทรพิทักษ์,09:00-16:00,7.0,9785.0,1397.857142857143
412,2017-05-25,ก่อนโควิด,บางยี่เรือ,อินทรพิทักษ์,16:00-19:00,3.0,5610.0,1870.0
413,2017-05-26,ก่อนโควิด,สามเหลี่ยมดินแดง,ราชปรารภ,07:00-09:00,2.0,5578.0,2789.0
414,2017-05-26,ก่อนโควิด,สามเหลี่ยมดินแดง,ราชปรารภ,09:00-16:00,7.0,16079.0,2297.0
415,2017-05-26,ก่อนโควิด,สามเหลี่ยมดินแดง,ราชปรารภ,16:00-19:00,3.0,9914.0,3304.6666666666665
419,2017-05-26,ก่อนโควิด,สามเหลี่ยมดินแดง,ราชวิถี,07:00-09:00,2.0,2174.0,1087.0
420,2017-05-26,ก่อนโควิด,สามเหลี่ยมดินแดง,ราชวิถี,09:00-16:00,7.0,7191.0,1027.2857142857142
421,2017-05-26,ก่อนโควิด,สามเหลี่ยมดินแดง,ราชวิถี,16:00-19:00,3.0,3564.0,1188.0
422,2017-05-26,ก่อนโควิด,สามเหลี่ยมดินแดง,ดินแดง,07:00-09:00,2.0,4862.0,2431.0
423,2017-05-26,ก่อนโควิด,สามเหลี่ยมดินแดง,ดินแดง,09:00-16:00,7.0,17035.0,2433.5714285714284
424,2017-05-26,ก่อนโควิด,สามเหลี่ยมดินแดง,ดินแดง,16:00-19:00,3.0,4124.0,1374.6666666666667
428,2017-05-30,ก่อนโควิด,โรงพยาบาลกลาง,เสือป่า,07:00-09:00,2.0,735.0,367.5
434,2017-05-30,ก่อนโควิด,โรงพยาบาลกลาง,หลวง,07:00-09:00,2.0,3497.0,1748.5
443,2017-06-02,ก่อนโควิด,วิสุทธิกษัตริย์,ประชาธิปไตย,07:00-09:00,2.0,2546.0,1273.0
446,2017-06-02,ก่อนโควิด,วิสุทธิกษัตริย์,วิสุทธิกษัตริย์,07:00-09:00,2.0,8346.0,4173.0
450,2017-06-05,ก่อนโควิด,สาธุประดิษฐ์,สาธุประดิษฐ์,09:00-16:00,7.0,4323.0,617.5714285714286
452,2017-06-05,ก่อนโควิด,สาธุประดิษฐ์,พระรามที่3,07:00-09:00,2.0,12107.0,6053.5
453,2017-06-05,ก่อนโควิด,สาธุประดิษฐ์,พระรามที่3,09:00-16:00,7.0,38555.0,5507.857142857143
454,2017-06-05,ก่อนโควิด,สาธุประดิษฐ์,พระรามที่3,16:00-19:00,3.0,17008.0,5669.333333333333
479,2017-06-12,ก่อนโควิด,พุทธมณฑลสาย2,พุทธมณฑลสาย2,07:00-09:00,2.0,1767.0,883.5
480,2017-06-12,ก่อนโควิด,พุทธมณฑลสาย2,พุทธมณฑลสาย2,09:00-16:00,7.0,7196.0,1028.0
481,2017-06-12,ก่อนโควิด,พุทธมณฑลสาย2,พุทธมณฑลสาย2,16:00-19:00,3.0,2573.0,857.6666666666666
482,2017-06-12,ก่อนโควิด,พุทธมณฑลสาย2,เพชรเกษม,07:00-09:00,2.0,14188.0,7094.0
483,2017-06-12,ก่อนโควิด,พุทธมณฑลสาย2,เพชรเกษม,09:00-16:00,7.0,46415.0,6630.714285714285
484,2017-06-12,ก่อนโควิด,พุทธมณฑลสาย2,เพชรเกษม,16:00-19:00,3.0,23221.0,7740.333333333333
491,2017-06-14,ก่อนโควิด,ท่าดินแดง,ท่าดินแดง,07:00-09:00,2.0,1261.0,630.5
492,2017-06-14,ก่อนโควิด,ท่าดินแดง,ท่าดินแดง,09:00-16:00,7.0,3873.0,553.2857142857143
493,2017-06-14,ก่อนโควิด,ท่าดินแดง,ท่าดินแดง,16:00-19:00,3.0,1574.0,524.6666666666666
494,2017-06-14,ก่อนโควิด,ท่าดินแดง,สมเด็จเจ้าพระยา,07:00-09:00,2.0,3051.0,1525.5
497,2017-06-15,ก่อนโควิด,สุทธิสาร-วิภาวดีรังสิต,วิภาวดีรังสิต,07:00-09:00,2.0,29814.0,14907.0
500,2017-06-15,ก่อนโควิด,สุทธิสาร-วิภาวดีรังสิต,สุทธิสาร,07:00-09:00,2.0,5949.0,2974.5
509,2017-06-19,ก่อนโควิด,หลักสี่,กำแพงเพชร6,07:00-09:00,2.0,4261.0,2130.5
512,2017-06-19,ก่อนโควิด,หลักสี่,แจ้งวัฒนะ,07:00-09:00,2.0,5924.0,2962.0
515,2017-06-20,ก่อนโควิด,ประชาเกษม,ประชาธิปไตย,07:00-09:00,2.0,4150.0,2075.0
518,2017-06-20,ก่อนโควิด,ประชาเกษม,นครราชสีมา,07:00-09:00,2.0,523.0,261.5
521,2017-06-20,ก่อนโควิด,ประชาเกษม,กรุงเกษม,07:00-09:00,2.0,1582.0,791.0
533,2017-06-22,ก่อนโควิด,ปทุมวัน,พญาไท,07:00-09:00,2.0,6015.0,3007.5
536,2017-06-22,ก่อนโควิด,ปทุมวัน,พระรามที่1,07:00-09:00,2.0,5605.0,2802.5
557,2017-06-28,ก่อนโควิด,บางพลัด,จรัญสนิทวงศ์,07:00-09:00,2.0,7208.0,3604.0
560,2017-06-28,ก่อนโควิด,บางพลัด,สิรินธร,07:00-09:00,2.0,6348.0,3174.0
563,2017-06-28,ก่อนโควิด,บางพลัด,ราชวิถี,07:00-09:00,2.0,5143.0,2571.5
566,2017-06-29,ก่อนโควิด,ท่าพระ,รัชดาภิเษก,07:00-09:00,2.0,2930.0,1465.0
569,2017-06-29,ก่อนโควิด,ท่าพระ,จรัญสนิทวงศ์,07:00-09:00,2.0,2903.0,1451.5
572,2017-06-29,ก่อนโควิด,ท่าพระ,เพชรเกษม,07:00-09:00,2.0,7911.0,3955.5
575,2017-06-30,ก่อนโควิด,ประชาอุทิศ,ประชาอุทิศ,07:00-09:00,2.0,3083.0,1541.5
576,2017-06-30,ก่อนโควิด,ประชาอุทิศ,ประชาอุทิศ,09:00-16:00,7.0,6581.0,940.1428571428571
577,2017-06-30,ก่อนโควิด,ประชาอุทิศ,ประชาอุทิศ,16:00-19:00,3.0,4216.0,1405.3333333333333
578,2017-06-30,ก่อนโควิด,ประชาอุทิศ,สุขสวัสดิ์,07:00-09:00,2.0,8892.0,4446.0
579,2017-06-30,ก่อนโควิด,ประชาอุทิศ,สุขสวัสดิ์,09:00-16:00,7.0,16743.0,2391.8571428571427
580,2017-06-30,ก่อนโควิด,ประชาอุทิศ,สุขสวัสดิ์,16:00-19:00,3.0,15553.0,5184.333333333333
587,2017-07-04,ก่อนโควิด,หมอมี,พระรามที่4,07:00-09:00,2.0,1019.0,509.5
590,2017-07-04,ก่อนโควิด,หมอมี,เจริญกรุง,07:00-09:00,2.0,3455.0,1727.5
602,2017-07-05,ก่อนโควิด,สาธุ-จันทน์,สาธุประดิษฐ์,07:00-09:00,2.0,980.0,490.0
605,2017-07-05,ก่อนโควิด,สาธุ-จันทน์,จันทน์,07:00-09:00,2.0,3544.0,1772.0
608,2017-07-06,ก่อนโควิด,หมู่บ้านสหกรณ์,ทางเข้าหมู่บ้านสหกรณ์,07:00-09:00,2.0,793.0,396.5
611,2017-07-06,ก่อนโควิด,หมู่บ้านสหกรณ์,เสรีไทย,07:00-09:00,2.0,9411.0,4705.5
614,2017-07-07,ก่อนโควิด,เจริญนครใต้,เจริญนคร,07:00-09:00,2.0,7277.0,3638.5
617,2017-07-07,ก่อนโควิด,เจริญนครใต้,กรุงธนบุรี,07:00-09:00,2.0,1356.0,678.0
650,2017-07-17,ก่อนโควิด,เฉลิมเผ่า,อังรีดูนังต์,07:00-09:00,2.0,1794.0,897.0
651,2017-07-17,ก่อนโควิด,เฉลิมเผ่า,อังรีดูนังต์,09:00-16:00,7.0,6845.0,977.8571428571429
652,2017-07-17,ก่อนโควิด,เฉลิมเผ่า,อังรีดูนังต์,16:00-19:00,3.0,2269.0,756.3333333333334
653,2017-07-17,ก่อนโควิด,เฉลิมเผ่า,พระรามที่1,07:00-09:00,2.0,5357.0,2678.5
662,2017-07-18,ก่อนโควิด,ประตูน้ำ,ราชดำริ,07:00-09:00,2.0,4314.0,2157.0
663,2017-07-18,ก่อนโควิด,ประตูน้ำ,ราชดำริ,09:00-16:00,7.0,13091.0,1870.142857142857
664,2017-07-18,ก่อนโควิด,ประตูน้ำ,ราชดำริ,16:00-19:00,3.0,5676.0,1892.0
665,2017-07-18,ก่อนโควิด,ประตูน้ำ,ราชปรารภ,07:00-09:00,2.0,1856.0,928.0
666,2017-07-18,ก่อนโควิด,ประตูน้ำ,ราชปรารภ,09:00-16:00,7.0,1053.0,150.42857142857142
667,2017-07-18,ก่อนโควิด,ประตูน้ำ,ราชปรารภ,16:00-19:00,3.0,253.0,84.33333333333333
668,2017-07-18,ก่อนโควิด,ประตูน้ำ,เพชรบุรี,07:00-09:00,2.0,6494.0,3247.0
669,2017-07-18,ก่อนโควิด,ประตูน้ำ,เพชรบุรี,09:00-16:00,7.0,20501.0,2928.714285714286
670,2017-07-18,ก่อนโควิด,ประตูน้ำ,เพชรบุรี,16:00-19:00,3.0,8131.0,2710.3333333333335
677,2017-07-20,ก่อนโควิด,ตากสิน,สมเด็จพระเจ้าตากสิน,07:00-09:00,2.0,8736.0,4368.0
680,2017-07-20,ก่อนโควิด,ตากสิน,ราชพฤกษ์,07:00-09:00,2.0,6303.0,3151.5
683,2017-07-20,ก่อนโควิด,ตากสิน,กรุงธนบุรี,07:00-09:00,2.0,5439.0,2719.5
686,2017-07-21,ก่อนโควิด,โพธิ์แก้ว,นวมินทร์,07:00-09:00,2.0,12370.0,6185.0
687,2017-07-21,ก่อนโควิด,โพธิ์แก้ว,นวมินทร์,09:00-16:00,7.0,32511.0,4644.428571428572
688,2017-07-21,ก่อนโควิด,โพธิ์แก้ว,นวมินทร์,16:00-19:00,3.0,15770.0,5256.666666666667
689,2017-07-21,ก่อนโควิด,โพธิ์แก้ว,โพธิ์แก้ว,07:00-09:00,2.0,1511.0,755.5
690,2017-07-21,ก่อนโควิด,โพธิ์แก้ว,โพธิ์แก้ว,09:00-16:00,7.0,4744.0,677.7142857142857
691,2017-07-21,ก่อนโควิด,โพธิ์แก้ว,โพธิ์แก้ว,16:00-19:00,3.0,2004.0,668.0
692,2017-07-21,ก่อนโควิด,โพธิ์แก้ว,ทางเข้าวัดบางเตย,07:00-09:00,2.0,129.0,64.5
693,2017-07-21,ก่อนโควิด,โพธิ์แก้ว,ทางเข้าวัดบางเตย,09:00-16:00,7.0,183.0,26.142857142857142
694,2017-07-21,ก่อนโควิด,โพธิ์แก้ว,ทางเข้าวัดบางเตย,16:00-19:00,3.0,188.0,62.666666666666664
704,2017-07-25,ก่อนโควิด,มิตรไมตรี-มิตรไมตรี2,มิตรไมตรี,07:00-09:00,2.0,3231.0,1615.5
705,2017-07-25,ก่อนโควิด,มิตรไมตรี-มิตรไมตรี2,มิตรไมตรี,09:00-16:00,7.0,8125.0,1160.7142857142858
706,2017-07-25,ก่อนโควิด,มิตรไมตรี-มิตรไมตรี2,มิตรไมตรี,16:00-19:00,3.0,2876.0,958.6666666666666
707,2017-07-25,ก่อนโควิด,มิตรไมตรี-มิตรไมตรี2,มิตรไมตรี2,07:00-09:00,2.0,1700.0,850.0
708,2017-07-25,ก่อนโควิด,มิตรไมตรี-มิตรไมตรี2,มิตรไมตรี2,09:00-16:00,7.0,3481.0,497.2857142857143
709,2017-07-25,ก่อนโควิด,มิตรไมตรี-มิตรไมตรี2,มิตรไมตรี2,16:00-19:00,3.0,1324.0,441.3333333333333
737,2017-07-27,ก่อนโควิด,มไหสวรรย์,รัชดาภิเษก,07:00-09:00,2.0,1756.0,878.0
740,2017-07-27,ก่อนโควิด,มไหสวรรย์,มไหสวรรย์,07:00-09:00,2.0,2211.0,1105.5
741,2017-07-27,ก่อนโควิด,มไหสวรรย์,มไหสวรรย์,09:00-16:00,7.0,6606.0,943.7142857142857
742,2017-07-27,ก่อนโควิด,มไหสวรรย์,มไหสวรรย์,16:00-19:00,3.0,3427.0,1142.3333333333333
746,2017-07-31,ก่อนโควิด,หทัยราษฎร์-เลียบคลองสอง,หทัยราษฎร์,07:00-09:00,2.0,6364.0,3182.0
747,2017-07-31,ก่อนโควิด,หทัยราษฎร์-เลียบคลองสอง,หทัยราษฎร์,09:00-16:00,7.0,17576.0,2510.8571428571427
748,2017-07-31,ก่อนโควิด,หทัยราษฎร์-เลียบคลองสอง,หทัยราษฎร์,16:00-19:00,3.0,7421.0,2473.6666666666665
749,2017-07-31,ก่อนโควิด,หทัยราษฎร์-เลียบคลองสอง,เลียบคลองสอง,07:00-09:00,2.0,2367.0,1183.5
750,2017-07-31,ก่อนโควิด,หทัยราษฎร์-เลียบคลองสอง,เลียบคลองสอง,09:00-16:00,7.0,5547.0,792.4285714285714
751,2017-07-31,ก่อนโควิด,หทัยราษฎร์-เลียบคลองสอง,เลียบคลองสอง,16:00-19:00,3.0,3236.0,1078.6666666666667
764,2017-08-02,ก่อนโควิด,พุทธมณฑลสาย3,พุทธมณฑลสาย3,07:00-09:00,2.0,2460.0,1230.0
767,2017-08-02,ก่อนโควิด,พุทธมณฑลสาย3,เพชรเกษม,07:00-09:00,2.0,10166.0,5083.0
773,2017-08-04,ก่อนโควิด,เตาปูน,ประชาราษฎร์,07:00-09:00,2.0,2114.0,1057.0
776,2017-08-04,ก่อนโควิด,เตาปูน,ประชาราษฎร์สาย2,07:00-09:00,2.0,3365.0,1682.5
797,2017-08-09,ก่อนโควิด,สะพานแดง,พระรามที่5,07:00-09:00,2.0,854.0,427.0
798,2017-08-09,ก่อนโควิด,สะพานแดง,พระรามที่5,09:00-16:00,7.0,4312.0,616.0
799,2017-08-09,ก่อนโควิด,สะพานแดง,พระรามที่5,16:00-19:00,3.0,1877.0,625.6666666666666
800,2017-08-09,ก่อนโควิด,สะพานแดง,เตชะวณิช,07:00-09:00,2.0,2480.0,1240.0
801,2017-08-09,ก่อนโควิด,สะพานแดง,เตชะวณิช,09:00-16:00,7.0,6860.0,980.0
802,2017-08-09,ก่อนโควิด,สะพานแดง,เตชะวณิช,16:00-19:00,3.0,2613.0,871.0
803,2017-08-09,ก่อนโควิด,สะพานแดง,ทหาร,07:00-09:00,2.0,2338.0,1169.0
804,2017-08-09,ก่อนโควิด,สะพานแดง,ทหาร,09:00-16:00,7.0,5551.0,793.0
805,2017-08-09,ก่อนโควิด,สะพานแดง,ทหาร,16:00-19:00,3.0,3185.0,1061.6666666666667
806,2017-08-09,ก่อนโควิด,สะพานแดง,ประดิพัทธ์,07:00-09:00,2.0,851.0,425.5
807,2017-08-09,ก่อนโควิด,สะพานแดง,ประดิพัทธ์,09:00-16:00,7.0,2638.0,376.85714285714283
808,2017-08-09,ก่อนโควิด,สะพานแดง,ประดิพัทธ์,16:00-19:00,3.0,1825.0,608.3333333333334
809,2017-08-10,ก่อนโควิด,กำแพงเพชร,พหลโยธิน,07:00-09:00,2.0,10373.0,5186.5
810,2017-08-10,ก่อนโควิด,กำแพงเพชร,พหลโยธิน,09:00-16:00,7.0,37312.0,5330.285714285715
811,2017-08-10,ก่อนโควิด,กำแพงเพชร,พหลโยธิน,16:00-19:00,3.0,16889.0,5629.666666666667
863,2017-08-18,ก่อนโควิด,ทุ่งครุ,ประชาอุทิศ,07:00-09:00,2.0,3693.0,1846.5
866,2017-08-18,ก่อนโควิด,ทุ่งครุ,ครุใน,07:00-09:00,2.0,776.0,388.0
869,2017-08-21,ก่อนโควิด,เกษะโกมล,พระรามที่5,07:00-09:00,2.0,3580.0,1790.0
870,2017-08-21,ก่อนโควิด,เกษะโกมล,พระรามที่5,09:00-16:00,7.0,10762.0,1537.4285714285713
871,2017-08-21,ก่อนโควิด,เกษะโกมล,พระรามที่5,16:00-19:00,3.0,4948.0,1649.3333333333333
872,2017-08-21,ก่อนโควิด,เกษะโกมล,อำนวยสงคราม,07:00-09:00,2.0,883.0,441.5
873,2017-08-21,ก่อนโควิด,เกษะโกมล,อำนวยสงคราม,09:00-16:00,7.0,2953.0,421.85714285714283
874,2017-08-21,ก่อนโควิด,เกษะโกมล,อำนวยสงคราม,16:00-19:00,3.0,1479.0,493.0
875,2017-08-21,ก่อนโควิด,เกษะโกมล,เศรษฐศิริ,07:00-09:00,2.0,793.0,396.5
876,2017-08-21,ก่อนโควิด,เกษะโกมล,เศรษฐศิริ,09:00-16:00,7.0,2575.0,367.85714285714283
877,2017-08-21,ก่อนโควิด,เกษะโกมล,เศรษฐศิริ,16:00-19:00,3.0,1251.0,417.0
887,2017-08-23,ก่อนโควิด,ลาซาล,สุขุมวิท,07:00-09:00,2.0,7322.0,3661.0
905,2017-08-25,ก่อนโควิด,ศรีย่าน,สามเสน,07:00-09:00,2.0,2803.0,1401.5
906,2017-08-25,ก่อนโควิด,ศรีย่าน,สามเสน,09:00-16:00,7.0,8014.0,1144.857142857143
907,2017-08-25,ก่อนโควิด,ศรีย่าน,สามเสน,16:00-19:00,3.0,2971.0,990.3333333333334
908,2017-08-25,ก่อนโควิด,ศรีย่าน,นครไชยศรี,07:00-09:00,2.0,1617.0,808.5
909,2017-08-25,ก่อนโควิด,ศรีย่าน,นครไชยศรี,09:00-16:00,7.0,4016.0,573.7142857142857
910,2017-08-25,ก่อนโควิด,ศรีย่าน,นครไชยศรี,16:00-19:00,3.0,1132.0,377.3333333333333
911,2017-08-28,ก่อนโควิด,คอกวัว,ตะนาว,07:00-09:00,2.0,2256.0,1128.0
912,2017-08-28,ก่อนโควิด,คอกวัว,ตะนาว,09:00-16:00,7.0,10864.0,1552.0
913,2017-08-28,ก่อนโควิด,คอกวัว,ตะนาว,16:00-19:00,3.0,5289.0,1763.0
914,2017-08-28,ก่อนโควิด,คอกวัว,ราชดำเนินกลาง,07:00-09:00,2.0,7025.0,3512.5
915,2017-08-28,ก่อนโควิด,คอกวัว,ราชดำเนินกลาง,09:00-16:00,7.0,32031.0,4575.857142857143
916,2017-08-28,ก่อนโควิด,คอกวัว,ราชดำเนินกลาง,16:00-19:00,3.0,11894.0,3964.6666666666665
923,2017-09-11,ก่อนโควิด,ประชานิเวศน์,ประชาชื่น,07:00-09:00,2.0,3610.0,1805.0
926,2017-09-11,ก่อนโควิด,ประชานิเวศน์,เทศบาลสงเคราะห์,07:00-09:00,2.0,1313.0,656.5
965,2017-09-21,ก่อนโควิด,ลาดปลาเค้า,ลาดปลาเค้า,07:00-09:00,2.0,1022.0,511.0
966,2017-09-21,ก่อนโควิด,ลาดปลาเค้า,ลาดปลาเค้า,09:00-16:00,7.0,2926.0,418.0
967,2017-09-21,ก่อนโควิด,ลาดปลาเค้า,ลาดปลาเค้า,16:00-19:00,3.0,1066.0,355.3333333333333
968,2017-09-21,ก่อนโควิด,ลาดปลาเค้า,รามอินทรา,07:00-09:00,2.0,13594.0,6797.0
969,2017-09-21,ก่อนโควิด,ลาดปลาเค้า,รามอินทรา,09:00-16:00,7.0,51578.0,7368.285714285715
970,2017-09-21,ก่อนโควิด,ลาดปลาเค้า,รามอินทรา,16:00-19:00,3.0,27019.0,9006.333333333334
971,2017-09-22,ก่อนโควิด,ราชวัตร,พระรามที่5,07:00-09:00,2.0,2775.0,1387.5
974,2017-09-22,ก่อนโควิด,ราชวัตร,นครไชยศรี,07:00-09:00,2.0,1583.0,791.5
977,2017-09-24,ก่อนโควิด,ลาดปลาเค้า,ลาดปลาเค้า,07:00-09:00,2.0,1022.0,511.0
978,2017-09-24,ก่อนโควิด,ลาดปลาเค้า,ลาดปลาเค้า,09:00-16:00,7.0,2926.0,418.0
979,2017-09-24,ก่อนโควิด,ลาดปลาเค้า,ลาดปลาเค้า,16:00-19:00,3.0,1066.0,355.3333333333333
980,2017-09-24,ก่อนโควิด,ลาดปลาเค้า,รามอินทรา,07:00-09:00,2.0,13594.0,6797.0
981,2017-09-24,ก่อนโควิด,ลาดปลาเค้า,รามอินทรา,09:00-16:00,7.0,20178.0,2882.5714285714284
982,2017-09-24,ก่อนโควิด,ลาดปลาเค้า,รามอินทรา,16:00-19:00,3.0,27019.0,9006.333333333334
1005,2017-10-02,ก่อนโควิด,ราชประสงค์,ราชดำริ,09:00-16:00,7.0,12623.0,1803.2857142857142
1008,2017-10-02,ก่อนโควิด,ราชประสงค์,พระรามที่1,09:00-16:00,7.0,2421.0,345.85714285714283
1010,2017-10-02,ก่อนโควิด,ราชประสงค์,เพลินจิต,07:00-09:00,2.0,5034.0,2517.0
1011,2017-10-02,ก่อนโควิด,ราชประสงค์,เพลินจิต,09:00-16:00,7.0,19566.0,2795.1428571428573
1012,2017-10-02,ก่อนโควิด,ราชประสงค์,เพลินจิต,16:00-19:00,3.0,7720.0,2573.3333333333335
1013,2017-10-03,ก่อนโควิด,จันทน์-เจริญราษฎร์,เจริญราษฎร์,07:00-09:00,2.0,7129.0,3564.5
1016,2017-10-03,ก่อนโควิด,จันทน์-เจริญราษฎร์,จันทน์,07:00-09:00,2.0,3554.0,1777.0
1019,2017-10-04,ก่อนโควิด,เทวกรรม,นครสวรรค์,07:00-09:00,2.0,3141.0,1570.5
1022,2017-10-04,ก่อนโควิด,เทวกรรม,กรุงเกษม,07:00-09:00,2.0,2514.0,1257.0
1031,2017-10-06,ก่อนโควิด,ประเสริฐมนูกิจ-ประดิษฐ์มนูธรรม,ประดิษฐ์มนูธรรม,07:00-09:00,2.0,14288.0,7144.0
1034,2017-10-06,ก่อนโควิด,ประเสริฐมนูกิจ-ประดิษฐ์มนูธรรม,ประเสริฐมนูกิจ,07:00-09:00,2.0,9273.0,4636.5
1043,2017-10-10,ก่อนโควิด,เศรษฐศิริ,เศรษฐศิริ,07:00-09:00,2.0,2192.0,1096.0
1046,2017-10-10,ก่อนโควิด,เศรษฐศิริ,เทอดดำริ,07:00-09:00,2.0,2250.0,1125.0
1052,2017-10-11,ก่อนโควิด,หมู่บ้านเศรษฐกิจ,เพชรเกษม,07:00-09:00,2.0,13137.0,6568.5
1053,2017-10-11,ก่อนโควิด,หมู่บ้านเศรษฐกิจ,เพชรเกษม,09:00-16:00,7.0,44830.0,6404.285714285715
1054,2017-10-11,ก่อนโควิด,หมู่บ้านเศรษฐกิจ,เพชรเกษม,16:00-19:00,3.0,17445.0,5815.0
1070,2017-10-17,ก่อนโควิด,พระราม9,รัชดาภิเษก,07:00-09:00,2.0,5922.0,2961.0
1073,2017-10-17,ก่อนโควิด,พระราม9,อโศกดินแดง,07:00-09:00,2.0,6550.0,3275.0
1076,2017-10-17,ก่อนโควิด,พระราม9,พระราม9,07:00-09:00,2.0,4044.0,2022.0
1079,2017-10-18,ก่อนโควิด,จักรพรรดิพงษ์,นครสวรรค์,07:00-09:00,2.0,1930.0,965.0
1080,2017-10-18,ก่อนโควิด,จักรพรรดิพงษ์,นครสวรรค์,09:00-16:00,7.0,6169.0,881.2857142857143
1081,2017-10-18,ก่อนโควิด,จักรพรรดิพงษ์,นครสวรรค์,16:00-19:00,3.0,3079.0,1026.3333333333333
1082,2017-10-18,ก่อนโควิด,จักรพรรดิพงษ์,จักรพรรดิพงษ์,07:00-09:00,2.0,6099.0,3049.5
1083,2017-10-18,ก่อนโควิด,จักรพรรดิพงษ์,จักรพรรดิพงษ์,09:00-16:00,7.0,15885.0,2269.285714285714
1084,2017-10-18,ก่อนโควิด,จักรพรรดิพงษ์,จักรพรรดิพงษ์,16:00-19:00,3.0,5838.0,1946.0
1094,2017-10-20,ก่อนโควิด,วงศ์สว่าง,วงศ์สว่าง,07:00-09:00,2.0,3331.0,1665.5
1097,2017-10-20,ก่อนโควิด,วงศ์สว่าง,รัชดาภิเษก,07:00-09:00,2.0,4135.0,2067.5
1100,2017-10-24,ก่อนโควิด,อ.ส.ม.ท.,เพชรอุทัย,07:00-09:00,2.0,1451.0,725.5
1106,2017-10-24,ก่อนโควิด,อ.ส.ม.ท.,พระราม9,07:00-09:00,2.0,7318.0,3659.0
1109,2017-10-25,ก่อนโควิด,หลังสวน,หลังสวน,07:00-09:00,2.0,717.0,358.5
1112,2017-10-25,ก่อนโควิด,หลังสวน,สารสิน,07:00-09:00,2.0,2058.0,1029.0
1115,2017-10-27,ก่อนโควิด,สะพานดำ,พระรามที่6,07:00-09:00,2.0,4177.0,2088.5
1118,2017-10-27,ก่อนโควิด,สะพานดำ,กำแพงเพชร5,07:00-09:00,2.0,5.0,2.5
1133,2017-10-31,ก่อนโควิด,พิบูลสงคราม,ประชาราษฎร์สาย1,07:00-09:00,2.0,3516.0,1758.0
1136,2017-10-31,ก่อนโควิด,พิบูลสงคราม,พิบูลสงคราม,07:00-09:00,2.0,4997.0,2498.5
1139,2017-11-01,ก่อนโควิด,จันทน์-นราธิวาส,นราธิวาสราชนครินทร์,07:00-09:00,2.0,5410.0,2705.0
1140,2017-11-01,ก่อนโควิด,จันทน์-นราธิวาส,นราธิวาสราชนครินทร์,09:00-16:00,7.0,19800.0,2828.5714285714284
1141,2017-11-01,ก่อนโควิด,จันทน์-นราธิวาส,นราธิวาสราชนครินทร์,16:00-19:00,3.0,10925.0,3641.6666666666665
1142,2017-11-01,ก่อนโควิด,จันทน์-นราธิวาส,จันทน์,07:00-09:00,2.0,2584.0,1292.0
1143,2017-11-01,ก่อนโควิด,จันทน์-นราธิวาส,จันทน์,09:00-16:00,7.0,6462.0,923.1428571428571
1144,2017-11-01,ก่อนโควิด,จันทน์-นราธิวาส,จันทน์,16:00-19:00,3.0,3573.0,1191.0
1151,2017-11-03,ก่อนโควิด,พระรามที่3-ยานนาวา,พระรามที่3,07:00-09:00,2.0,5537.0,2768.5
1152,2017-11-03,ก่อนโควิด,พระรามที่3-ยานนาวา,พระรามที่3,09:00-16:00,7.0,17304.0,2472.0
1153,2017-11-03,ก่อนโควิด,พระรามที่3-ยานนาวา,พระรามที่3,16:00-19:00,3.0,8013.0,2671.0
1154,2017-11-03,ก่อนโควิด,พระรามที่3-ยานนาวา,ยานนาวา,07:00-09:00,2.0,856.0,428.0
1155,2017-11-03,ก่อนโควิด,พระรามที่3-ยานนาวา,ยานนาวา,09:00-16:00,7.0,3348.0,478.2857142857143
1156,2017-11-03,ก่อนโควิด,พระรามที่3-ยานนาวา,ยานนาวา,16:00-19:00,3.0,2091.0,697.0
1271,2017-11-27,ก่อนโควิด,ทองหล่อ,สุขุมวิท,07:00-09:00,2.0,2228.0,1114.0
1272,2017-11-27,ก่อนโควิด,ทองหล่อ,สุขุมวิท,09:00-16:00,7.0,8260.0,1180.0
1273,2017-11-27,ก่อนโควิด,ทองหล่อ,สุขุมวิท,16:00-19:00,3.0,3555.0,1185.0
1313,2017-12-04,ก่อนโควิด,โรงกรองน้ำ,พระรามที่6,07:00-09:00,2.0,5848.0,2924.0
1316,2017-12-04,ก่อนโควิด,โรงกรองน้ำ,นครไชยศรี,07:00-09:00,2.0,2715.0,1357.5
1346,2017-12-12,ก่อนโควิด,ประชาธรรม,ประดิษฐ์มนูธรรม,07:00-09:00,2.0,10698.0,5349.0
1349,2017-12-12,ก่อนโควิด,ประชาธรรม,ประชาอุทิศ,07:00-09:00,2.0,2498.0,1249.0
1370,2017-12-15,ก่อนโควิด,ซังฮี้,สามเสน,07:00-09:00,2.0,3775.0,1887.5
1371,2017-12-15,ก่อนโควิด,ซังฮี้,สามเสน,09:00-16:00,7.0,14324.0,2046.2857142857142
1372,2017-12-15,ก่อนโควิด,ซังฮี้,สามเสน,16:00-19:00,3.0,7400.0,2466.6666666666665
1373,2017-12-15,ก่อนโควิด,ซังฮี้,ราชวิถี,07:00-09:00,2.0,3174.0,1587.0
1374,2017-12-15,ก่อนโควิด,ซังฮี้,ราชวิถี,09:00-16:00,7.0,8950.0,1278.5714285714287
1375,2017-12-15,ก่อนโควิด,ซังฮี้,ราชวิถี,16:00-19:00,3.0,5435.0,1811.6666666666667
1460,2018-01-10,ก่อนโควิด,นิด้า,ศรีบูรพา,07:00-09:00,2.0,2875.0,1437.5
1463,2018-01-10,ก่อนโควิด,นิด้า,เสรีไทย,07:00-09:00,2.0,4690.0,2345.0
1475,2018-01-09,ก่อนโควิด,แปลงนาม,แปลงนาม,07:00-09:00,2.0,244.0,122.0
1476,2018-01-09,ก่อนโควิด,แปลงนาม,แปลงนาม,09:00-16:00,7.0,1412.0,201.71428571428572
1477,2018-01-09,ก่อนโควิด,แปลงนาม,แปลงนาม,16:00-19:00,3.0,535.0,178.33333333333334
1478,2018-01-09,ก่อนโควิด,แปลงนาม,พลับพลาไชย,07:00-09:00,2.0,116.0,58.0
1481,2018-01-09,ก่อนโควิด,แปลงนาม,เจริญกรุง,07:00-09:00,2.0,4830.0,2415.0
1484,2018-01-12,ก่อนโควิด,สามยอด,มหาไชย,07:00-09:00,2.0,6550.0,3275.0
1485,2018-01-12,ก่อนโควิด,สามยอด,มหาไชย,09:00-16:00,7.0,20103.0,2871.8571428571427
1486,2018-01-12,ก่อนโควิด,สามยอด,มหาไชย,16:00-19:00,3.0,6252.0,2084.0
1487,2018-01-12,ก่อนโควิด,สามยอด,เจริญกรุง,07:00-09:00,2.0,2380.0,1190.0
1488,2018-01-12,ก่อนโควิด,สามยอด,เจริญกรุง,09:00-16:00,7.0,6093.0,870.4285714285714
1489,2018-01-12,ก่อนโควิด,สามยอด,เจริญกรุง,16:00-19:00,3.0,2003.0,667.6666666666666
1491,2018-01-16,ก่อนโควิด,มิตรไมตรี-มิตรไมตรี2,มิตรไมตรี,09:00-16:00,7.0,5249.0,749.8571428571429
1494,2018-01-16,ก่อนโควิด,มิตรไมตรี-มิตรไมตรี2,มิตรไมตรี2,09:00-16:00,7.0,5172.0,738.8571428571429
1503,2018-01-17,ก่อนโควิด,มิตรไมตรี-มิตรไมตรี2,มิตรไมตรี,09:00-16:00,7.0,5011.0,715.8571428571429
1506,2018-01-17,ก่อนโควิด,มิตรไมตรี-มิตรไมตรี2,มิตรไมตรี2,09:00-16:00,7.0,4002.0,571.7142857142857
1515,2018-01-18,ก่อนโควิด,มิตรไมตรี-มิตรไมตรี2,มิตรไมตรี,09:00-16:00,7.0,5087.0,726.7142857142857
1518,2018-01-18,ก่อนโควิด,มิตรไมตรี-มิตรไมตรี2,มิตรไมตรี2,09:00-16:00,7.0,3968.0,566.8571428571429
1527,2018-01-19,ก่อนโควิด,มิตรไมตรี-มิตรไมตรี2,มิตรไมตรี,09:00-16:00,7.0,5804.0,829.1428571428571
1530,2018-01-19,ก่อนโควิด,มิตรไมตรี-มิตรไมตรี2,มิตรไมตรี2,09:00-16:00,7.0,4570.0,652.8571428571429
1539,2018-01-22,ก่อนโควิด,มิตรไมตรี-มิตรไมตรี1,มิตรไมตรี,09:00-16:00,7.0,1246.0,178.0
1542,2018-01-22,ก่อนโควิด,มิตรไมตรี-มิตรไมตรี1,มิตรไมตรี1,09:00-16:00,7.0,6961.0,994.4285714285714
1551,2018-01-23,ก่อนโควิด,มิตรไมตรี-มิตรไมตรี1,มิตรไมตรี,09:00-16:00,7.0,1276.0,182.28571428571428
1554,2018-01-23,ก่อนโควิด,มิตรไมตรี-มิตรไมตรี1,มิตรไมตรี1,09:00-16:00,7.0,7738.0,1105.4285714285713
1563,2018-01-24,ก่อนโควิด,มิตรไมตรี-มิตรไมตรี1,มิตรไมตรี,09:00-16:00,7.0,1093.0,156.14285714285714
1566,2018-01-24,ก่อนโควิด,มิตรไมตรี-มิตรไมตรี1,มิตรไมตรี1,09:00-16:00,7.0,7621.0,1088.7142857142858
1575,2018-01-25,ก่อนโควิด,มิตรไมตรี-มิตรไมตรี1,มิตรไมตรี,09:00-16:00,7.0,1469.0,209.85714285714286
1578,2018-01-25,ก่อนโควิด,มิตรไมตรี-มิตรไมตรี1,มิตรไมตรี1,09:00-16:00,7.0,6872.0,981.7142857142857
1586,2018-01-26,ก่อนโควิด,ไฟฉาย,จรัญสนิทวงศ์,07:00-09:00,2.0,3882.0,1941.0
1587,2018-01-26,ก่อนโควิด,ไฟฉาย,จรัญสนิทวงศ์,09:00-16:00,7.0,13194.0,1884.857142857143
1588,2018-01-26,ก่อนโควิด,ไฟฉาย,จรัญสนิทวงศ์,16:00-19:00,3.0,4102.0,1367.3333333333333
1589,2018-01-26,ก่อนโควิด,ไฟฉาย,พรานนก,07:00-09:00,2.0,4912.0,2456.0
1590,2018-01-26,ก่อนโควิด,ไฟฉาย,พรานนก,09:00-16:00,7.0,14043.0,2006.142857142857
1591,2018-01-26,ก่อนโควิด,ไฟฉาย,พรานนก,16:00-19:00,3.0,4752.0,1584.0
1593,2018-01-29,ก่อนโควิด,มิตรไมตรี-มิตรไมตรี1,มิตรไมตรี,09:00-16:00,7.0,1384.0,197.71428571428572
1596,2018-01-29,ก่อนโควิด,มิตรไมตรี-มิตรไมตรี1,มิตรไมตรี1,09:00-16:00,7.0,7840.0,1120.0
1622,2018-02-01,ก่อนโควิด,เพชรบุรี-ชิดลม,เพชรบุรี,07:00-09:00,2.0,8247.0,4123.5
1646,2018-02-07,ก่อนโควิด,ดาวคะนอง,สมเด็จพระเจ้าตากสิน,07:00-09:00,2.0,10305.0,5152.5
1647,2018-02-07,ก่อนโควิด,ดาวคะนอง,สมเด็จพระเจ้าตากสิน,09:00-16:00,7.0,33979.0,4854.142857142857
1648,2018-02-07,ก่อนโควิด,ดาวคะนอง,สมเด็จพระเจ้าตากสิน,16:00-19:00,3.0,18283.0,6094.333333333333
1649,2018-02-07,ก่อนโควิด,ดาวคะนอง,จอมทอง,07:00-09:00,2.0,2213.0,1106.5
1650,2018-02-07,ก่อนโควิด,ดาวคะนอง,จอมทอง,09:00-16:00,7.0,6701.0,957.2857142857143
1651,2018-02-07,ก่อนโควิด,ดาวคะนอง,จอมทอง,16:00-19:00,3.0,2673.0,891.0
1667,2018-02-09,ก่อนโควิด,วิทยุ,สาทร,07:00-09:00,2.0,4162.0,2081.0
1668,2018-02-09,ก่อนโควิด,วิทยุ,สาทร,09:00-16:00,7.0,16097.0,2299.5714285714284
1669,2018-02-09,ก่อนโควิด,วิทยุ,สาทร,16:00-19:00,3.0,7276.0,2425.3333333333335
1670,2018-02-09,ก่อนโควิด,วิทยุ,วิทยุ,07:00-09:00,2.0,3341.0,1670.5
1671,2018-02-09,ก่อนโควิด,วิทยุ,วิทยุ,09:00-16:00,7.0,11373.0,1624.7142857142858
1672,2018-02-09,ก่อนโควิด,วิทยุ,วิทยุ,16:00-19:00,3.0,5141.0,1713.6666666666667
1673,2018-02-09,ก่อนโควิด,วิทยุ,พระรามที่4,07:00-09:00,2.0,16127.0,8063.5
1674,2018-02-09,ก่อนโควิด,วิทยุ,พระรามที่4,09:00-16:00,7.0,52616.0,7516.571428571428
1675,2018-02-09,ก่อนโควิด,วิทยุ,พระรามที่4,16:00-19:00,3.0,19987.0,6662.333333333333
1679,2018-02-12,ก่อนโควิด,พระโขนง,สุขุมวิท,07:00-09:00,2.0,10634.0,5317.0
1680,2018-02-12,ก่อนโควิด,พระโขนง,สุขุมวิท,09:00-16:00,7.0,31542.0,4506.0
1681,2018-02-12,ก่อนโควิด,พระโขนง,สุขุมวิท,16:00-19:00,3.0,14213.0,4737.666666666667
1715,2018-02-16,ก่อนโควิด,ประชาสงเคราะห์,ประชาสงเคราะห์,07:00-09:00,2.0,1423.0,711.5
1718,2018-02-16,ก่อนโควิด,ประชาสงเคราะห์,ดินแดง,07:00-09:00,2.0,2747.0,1373.5
1727,2018-02-26,ก่อนโควิด,พระรามที่4,รัชดาภิเษก,07:00-09:00,2.0,8938.0,4469.0
1728,2018-02-26,ก่อนโควิด,พระรามที่4,รัชดาภิเษก,09:00-16:00,7.0,27015.0,3859.285714285714
1729,2018-02-26,ก่อนโควิด,พระรามที่4,รัชดาภิเษก,16:00-19:00,3.0,10745.0,3581.6666666666665
1730,2018-02-26,ก่อนโควิด,พระรามที่4,พระรามที่4,07:00-09:00,2.0,5816.0,2908.0
1742,2018-03-09,ก่อนโควิด,เทอดดำริ,เทอดดำริ,07:00-09:00,2.0,2766.0,1383.0
1743,2018-03-09,ก่อนโควิด,เทอดดำริ,เทอดดำริ,09:00-16:00,7.0,7682.0,1097.4285714285713
1744,2018-03-09,ก่อนโควิด,เทอดดำริ,เทอดดำริ,16:00-19:00,3.0,4105.0,1368.3333333333333
1745,2018-03-09,ก่อนโควิด,เทอดดำริ,ประดิพัทธ์,07:00-09:00,2.0,2689.0,1344.5
1746,2018-03-09,ก่อนโควิด,เทอดดำริ,ประดิพัทธ์,09:00-16:00,7.0,7323.0,1046.142857142857
1747,2018-03-09,ก่อนโควิด,เทอดดำริ,ประดิพัทธ์,16:00-19:00,3.0,3166.0,1055.3333333333333
1793,2018-03-19,ก่อนโควิด,ตรอกจันทน์,เจริญกรุง,07:00-09:00,2.0,2606.0,1303.0
1799,2018-03-19,ก่อนโควิด,ตรอกจันทน์,จันทน์,07:00-09:00,2.0,640.0,320.0
1811,2018-03-22,ก่อนโควิด,วุฒากาศ,วุฒากาศ,07:00-09:00,2.0,1378.0,689.0
1814,2018-03-22,ก่อนโควิด,วุฒากาศ,ซอยมะลิ,07:00-09:00,2.0,20.0,10.0
1817,2018-03-22,ก่อนโควิด,วุฒากาศ,เทอดไท,07:00-09:00,2.0,1569.0,784.5
1820,2018-03-23,ก่อนโควิด,สามเสน,สวรรคโลก,07:00-09:00,2.0,1720.0,860.0
1823,2018-03-23,ก่อนโควิด,สามเสน,เทอดดำริ,07:00-09:00,2.0,1811.0,905.5
1826,2018-03-23,ก่อนโควิด,สามเสน,นครไชยศรี,07:00-09:00,2.0,1887.0,943.5
1841,2018-03-27,ก่อนโควิด,ห้วยขวาง,รัชดาภิเษก,07:00-09:00,2.0,13465.0,6732.5
1842,2018-03-27,ก่อนโควิด,ห้วยขวาง,รัชดาภิเษก,09:00-16:00,7.0,40930.0,5847.142857142857
1843,2018-03-27,ก่อนโควิด,ห้วยขวาง,รัชดาภิเษก,16:00-19:00,3.0,19711.0,6570.333333333333
1844,2018-03-27,ก่อนโควิด,ห้วยขวาง,ประชาสงเคราะห์,07:00-09:00,2.0,845.0,422.5
1845,2018-03-27,ก่อนโควิด,ห้วยขวาง,ประชาสงเคราะห์,09:00-16:00,7.0,3036.0,433.7142857142857
1846,2018-03-27,ก่อนโควิด,ห้วยขวาง,ประชาสงเคราะห์,16:00-19:00,3.0,1409.0,469.6666666666667
1847,2018-03-27,ก่อนโควิด,ห้วยขวาง,ประชาราษฎร์บำเพ็ญ,07:00-09:00,2.0,1894.0,947.0
1848,2018-03-27,ก่อนโควิด,ห้วยขวาง,ประชาราษฎร์บำเพ็ญ,09:00-16:00,7.0,5964.0,852.0
1849,2018-03-27,ก่อนโควิด,ห้วยขวาง,ประชาราษฎร์บำเพ็ญ,16:00-19:00,3.0,2416.0,805.3333333333334
1931,2018-04-30,ก่อนโควิด,อุภัยเจษฎุทิศ,สวรรคโลก,07:00-09:00,2.0,2760.0,1380.0
1932,2018-04-30,ก่อนโควิด,อุภัยเจษฎุทิศ,สวรรคโลก,09:00-16:00,7.0,10116.0,1445.142857142857
1933,2018-04-30,ก่อนโควิด,อุภัยเจษฎุทิศ,สวรรคโลก,16:00-19:00,3.0,3448.0,1149.3333333333333
1934,2018-04-30,ก่อนโควิด,อุภัยเจษฎุทิศ,ราชวิถี,07:00-09:00,2.0,3049.0,1524.5
1935,2018-04-30,ก่อนโควิด,อุภัยเจษฎุทิศ,ราชวิถี,09:00-16:00,7.0,10775.0,1539.2857142857142
1936,2018-04-30,ก่อนโควิด,อุภัยเจษฎุทิศ,ราชวิถี,16:00-19:00,3.0,5329.0,1776.3333333333333
1985,2018-05-08,ก่อนโควิด,อุรุพงษ์,พระรามที่6,07:00-09:00,2.0,8225.0,4112.5
1988,2018-05-08,ก่อนโควิด,อุรุพงษ์,เพชรบุรี,07:00-09:00,2.0,8155.0,4077.5
2021,2018-05-15,ก่อนโควิด,ลาดบัวขาว,รามคำแหง,07:00-09:00,2.0,8600.0,4300.0
2099,2018-06-01,ก่อนโควิด,ราชเทวี,พญาไท,07:00-09:00,2.0,9031.0,4515.5
2102,2018-06-01,ก่อนโควิด,ราชเทวี,เพชรบุรี,07:00-09:00,2.0,8749.0,4374.5
2108,2018-06-04,ก่อนโควิด,สุขาภิบาล5-จตุโชติ,สุขาภิบาล5,07:00-09:00,2.0,4585.0,2292.5
2109,2018-06-04,ก่อนโควิด,สุขาภิบาล5-จตุโชติ,สุขาภิบาล5,09:00-16:00,7.0,14697.0,2099.5714285714284
2110,2018-06-04,ก่อนโควิด,สุขาภิบาล5-จตุโชติ,สุขาภิบาล5,16:00-19:00,3.0,7273.0,2424.3333333333335
2132,2018-06-12,ก่อนโควิด,สุขุมวิท-พระรามที่4,พระรามที่4,07:00-09:00,2.0,622.0,311.0
2133,2018-06-12,ก่อนโควิด,สุขุมวิท-พระรามที่4,พระรามที่4,09:00-16:00,7.0,4089.0,584.1428571428571
2134,2018-06-12,ก่อนโควิด,สุขุมวิท-พระรามที่4,พระรามที่4,16:00-19:00,3.0,1759.0,586.3333333333334
2135,2018-06-12,ก่อนโควิด,สุขุมวิท-พระรามที่4,สุขุมวิท,07:00-09:00,2.0,9348.0,4674.0
2136,2018-06-12,ก่อนโควิด,สุขุมวิท-พระรามที่4,สุขุมวิท,09:00-16:00,7.0,31225.0,4460.714285714285
2137,2018-06-12,ก่อนโควิด,สุขุมวิท-พระรามที่4,สุขุมวิท,16:00-19:00,3.0,14302.0,4767.333333333333
2138,2018-06-13,ก่อนโควิด,หมอเหล็ง,ราชปรารภ,07:00-09:00,2.0,3975.0,1987.5
2141,2018-06-13,ก่อนโควิด,หมอเหล็ง,จตุรทิศ,07:00-09:00,2.0,1209.0,604.5
2144,2018-06-13,ก่อนโควิด,หมอเหล็ง,ศรีอยุธยา,07:00-09:00,2.0,11310.0,5655.0
2153,2018-06-15,ก่อนโควิด,พระรามที่2,สุขสวัสดิ์,07:00-09:00,2.0,11267.0,5633.5
2156,2018-06-15,ก่อนโควิด,พระรามที่2,พระรามที่2,07:00-09:00,2.0,9240.0,4620.0
2171,2018-06-19,ก่อนโควิด,บางขุนเทียน-พระยามนธาตุราชศรีพิจิตร์,บางขุนเทียน,07:00-09:00,2.0,5302.0,2651.0
2174,2018-06-19,ก่อนโควิด,บางขุนเทียน-พระยามนธาตุราชศรีพิจิตร์,พระยามนธาตุราชศรีพิจิตร์,07:00-09:00,2.0,1088.0,544.0
2184,2018-06-22,ก่อนโควิด,เพชรพระราม,บรรทัดทอง,09:00-16:00,7.0,4484.0,640.5714285714286
2187,2018-06-22,ก่อนโควิด,เพชรพระราม,เพชรบุรี,09:00-16:00,7.0,31220.0,4460.0
2195,2018-06-22,ก่อนโควิด,เพชรเกษม69,เพชรเกษม,07:00-09:00,2.0,10474.0,5237.0
2196,2018-06-22,ก่อนโควิด,เพชรเกษม69,เพชรเกษม,09:00-16:00,7.0,41364.0,5909.142857142857
2197,2018-06-22,ก่อนโควิด,เพชรเกษม69,เพชรเกษม,16:00-19:00,3.0,17483.0,5827.666666666667
2213,2018-06-27,ก่อนโควิด,ขัตติยานี,พิชัย,07:00-09:00,2.0,1666.0,833.0
2214,2018-06-27,ก่อนโควิด,ขัตติยานี,พิชัย,09:00-16:00,7.0,3455.0,493.57142857142856
2215,2018-06-27,ก่อนโควิด,ขัตติยานี,พิชัย,16:00-19:00,3.0,1174.0,391.3333333333333
2216,2018-06-27,ก่อนโควิด,ขัตติยานี,สุโขทัย,07:00-09:00,2.0,3825.0,1912.5
2217,2018-06-27,ก่อนโควิด,ขัตติยานี,สุโขทัย,09:00-16:00,7.0,11094.0,1584.857142857143
2218,2018-06-27,ก่อนโควิด,ขัตติยานี,สุโขทัย,16:00-19:00,3.0,4047.0,1349.0
2220,2018-06-28,ก่อนโควิด,บ้านแขก,ประชาธิปก,09:00-16:00,7.0,35300.0,5042.857142857143
2223,2018-06-28,ก่อนโควิด,บ้านแขก,อิสรภาพ,09:00-16:00,7.0,7697.0,1099.5714285714287
2225,2018-06-29,ก่อนโควิด,บางรัก,เจริญกรุง,07:00-09:00,2.0,2967.0,1483.5
2226,2018-06-29,ก่อนโควิด,บางรัก,เจริญกรุง,09:00-16:00,7.0,9770.0,1395.7142857142858
2227,2018-06-29,ก่อนโควิด,บางรัก,เจริญกรุง,16:00-19:00,3.0,3970.0,1323.3333333333333
2228,2018-06-29,ก่อนโควิด,บางรัก,สีลม,07:00-09:00,2.0,1352.0,676.0
2229,2018-06-29,ก่อนโควิด,บางรัก,สีลม,09:00-16:00,7.0,3447.0,492.42857142857144
2230,2018-06-29,ก่อนโควิด,บางรัก,สีลม,16:00-19:00,3.0,1542.0,514.0
2237,2018-07-03,ก่อนโควิด,สามแยกบางกะปิ,ศรีนครินทร์,07:00-09:00,2.0,1537.0,768.5
2240,2018-07-03,ก่อนโควิด,สามแยกบางกะปิ,ลาดพร้าว,07:00-09:00,2.0,4563.0,2281.5
2243,2018-07-04,ก่อนโควิด,ด่วนสุขุมวิท62,สุขุมวิท,07:00-09:00,2.0,9288.0,4644.0
2255,2018-07-06,ก่อนโควิด,รามคำแหง,รามคำแหง,07:00-09:00,2.0,7655.0,3827.5
2256,2018-07-06,ก่อนโควิด,รามคำแหง,รามคำแหง,09:00-16:00,7.0,23461.0,3351.5714285714284
2257,2018-07-06,ก่อนโควิด,รามคำแหง,รามคำแหง,16:00-19:00,3.0,10186.0,3395.3333333333335
2258,2018-07-06,ก่อนโควิด,รามคำแหง,พระราม9,07:00-09:00,2.0,15358.0,7679.0
2259,2018-07-06,ก่อนโควิด,รามคำแหง,พระราม9,09:00-16:00,7.0,50292.0,7184.571428571428
2260,2018-07-06,ก่อนโควิด,รามคำแหง,พระราม9,16:00-19:00,3.0,21155.0,7051.666666666667
2261,2018-07-09,ก่อนโควิด,พหลโยธิน-เทพรักษ์,พหลโยธิน,07:00-09:00,2.0,4038.0,2019.0
2264,2018-07-09,ก่อนโควิด,พหลโยธิน-เทพรักษ์,เทพรักษ์,07:00-09:00,2.0,3454.0,1727.0
2276,2018-07-10,ก่อนโควิด,บางชัน,เสรีไทย,07:00-09:00,2.0,7065.0,3532.5
2291,2018-07-12,ก่อนโควิด,นาหลวง,พุทธบูชา,07:00-09:00,2.0,1510.0,755.0
2313,2018-07-17,ก่อนโควิด,หลานหลวง,จักรพรรดิพงษ์,09:00-16:00,7.0,8836.0,1262.2857142857142
2316,2018-07-17,ก่อนโควิด,หลานหลวง,หลานหลวง,09:00-16:00,7.0,18713.0,2673.285714285714
2318,2018-07-18,ก่อนโควิด,วังหิน,สุขาภิบาล1,07:00-09:00,2.0,1609.0,804.5
2324,2018-07-18,ก่อนโควิด,วังหิน,เสนานิคม,07:00-09:00,2.0,2410.0,1205.0
2333,2018-07-20,ก่อนโควิด,เพลินจิต,วิทยุ,07:00-09:00,2.0,3098.0,1549.0
2336,2018-07-20,ก่อนโควิด,เพลินจิต,เพลินจิต,07:00-09:00,2.0,7804.0,3902.0
2342,2018-07-02,ก่อนโควิด,จุฬา12,พญาไท,07:00-09:00,2.0,4632.0,2316.0
2343,2018-07-02,ก่อนโควิด,จุฬา12,พญาไท,09:00-16:00,7.0,16662.0,2380.285714285714
2344,2018-07-02,ก่อนโควิด,จุฬา12,พญาไท,16:00-19:00,3.0,7528.0,2509.3333333333335
2351,2018-07-24,ก่อนโควิด,สะพานควาย,พหลโยธิน,07:00-09:00,2.0,5540.0,2770.0
2354,2018-07-24,ก่อนโควิด,สะพานควาย,ประดิพัทธ์,07:00-09:00,2.0,2105.0,1052.5
2357,2018-07-24,ก่อนโควิด,สะพานควาย,สุทธิสาร,07:00-09:00,2.0,2159.0,1079.5
2363,2018-07-25,ก่อนโควิด,บางบอน5,บางบอน5,07:00-09:00,2.0,2187.0,1093.5
2364,2018-07-25,ก่อนโควิด,บางบอน5,บางบอน5,09:00-16:00,7.0,6462.0,923.1428571428571
2365,2018-07-25,ก่อนโควิด,บางบอน5,บางบอน5,16:00-19:00,3.0,2938.0,979.3333333333334
2366,2018-07-25,ก่อนโควิด,บางบอน5,เอกชัย,07:00-09:00,2.0,8267.0,4133.5
2367,2018-07-25,ก่อนโควิด,บางบอน5,เอกชัย,09:00-16:00,7.0,25120.0,3588.5714285714284
2368,2018-07-25,ก่อนโควิด,บางบอน5,เอกชัย,16:00-19:00,3.0,10671.0,3557.0
2382,2018-07-31,ก่อนโควิด,เพชรเกษม81,เพชรเกษม,09:00-16:00,7.0,34505.0,4929.285714285715
2400,2018-08-03,ก่อนโควิด,สี่พระยา,เจริญกรุง,09:00-16:00,7.0,14348.0,2049.714285714286
2403,2018-08-03,ก่อนโควิด,สี่พระยา,สี่พระยา,09:00-16:00,7.0,1930.0,275.7142857142857
2405,2018-08-06,ก่อนโควิด,เสาวณี,สวรรคโลก,07:00-09:00,2.0,3611.0,1805.5
2408,2018-08-06,ก่อนโควิด,เสาวณี,ศรีอยุธยา,07:00-09:00,2.0,4006.0,2003.0
2411,2018-08-07,ก่อนโควิด,สาทร-เจริญกรุง,เจริญกรุง,07:00-09:00,2.0,2829.0,1414.5
2412,2018-08-07,ก่อนโควิด,สาทร-เจริญกรุง,เจริญกรุง,09:00-16:00,7.0,8882.0,1268.857142857143
2413,2018-08-07,ก่อนโควิด,สาทร-เจริญกรุง,เจริญกรุง,16:00-19:00,3.0,4104.0,1368.0
2414,2018-08-07,ก่อนโควิด,สาทร-เจริญกรุง,สาทร,07:00-09:00,2.0,2227.0,1113.5
2415,2018-08-07,ก่อนโควิด,สาทร-เจริญกรุง,สาทร,09:00-16:00,7.0,6482.0,926.0
2416,2018-08-07,ก่อนโควิด,สาทร-เจริญกรุง,สาทร,16:00-19:00,3.0,1821.0,607.0
2417,2018-08-08,ก่อนโควิด,ราษฎร์บูรณะ,ราษฎร์พัฒนา,07:00-09:00,2.0,1638.0,819.0
2420,2018-08-08,ก่อนโควิด,ราษฎร์บูรณะ,ราษฎร์บูรณะ,07:00-09:00,2.0,4921.0,2460.5
2421,2018-08-08,ก่อนโควิด,ราษฎร์บูรณะ,ราษฎร์บูรณะ,09:00-16:00,7.0,16061.0,2294.4285714285716
2422,2018-08-08,ก่อนโควิด,ราษฎร์บูรณะ,ราษฎร์บูรณะ,16:00-19:00,3.0,8402.0,2800.6666666666665
2426,2018-08-09,ก่อนโควิด,กล้วยน้ำไท,พระรามที่4,07:00-09:00,2.0,5792.0,2896.0
2427,2018-08-09,ก่อนโควิด,กล้วยน้ำไท,พระรามที่4,09:00-16:00,7.0,21755.0,3107.8571428571427
2428,2018-08-09,ก่อนโควิด,กล้วยน้ำไท,พระรามที่4,16:00-19:00,3.0,8274.0,2758.0
2432,2018-08-10,ก่อนโควิด,วัดเทพลีลา,รามคำแหง,07:00-09:00,2.0,5214.0,2607.0
2433,2018-08-10,ก่อนโควิด,วัดเทพลีลา,รามคำแหง,09:00-16:00,7.0,19285.0,2755.0
2434,2018-08-10,ก่อนโควิด,วัดเทพลีลา,รามคำแหง,16:00-19:00,3.0,6917.0,2305.6666666666665
2439,2018-08-14,ก่อนโควิด,นางเลิ้ง,นครสวรรค์,09:00-16:00,7.0,19217.0,2745.285714285714
2444,2018-08-14,ก่อนโควิด,นางเลิ้ง,พิษณุโลก,07:00-09:00,2.0,6704.0,3352.0
2445,2018-08-14,ก่อนโควิด,นางเลิ้ง,พิษณุโลก,09:00-16:00,7.0,16192.0,2313.1428571428573
2446,2018-08-14,ก่อนโควิด,นางเลิ้ง,พิษณุโลก,16:00-19:00,3.0,7152.0,2384.0
2450,2018-08-15,ก่อนโควิด,สะพานขาว,กรุงเกษม,07:00-09:00,2.0,2403.0,1201.5
2451,2018-08-15,ก่อนโควิด,สะพานขาว,กรุงเกษม,09:00-16:00,7.0,13028.0,1861.142857142857
2452,2018-08-15,ก่อนโควิด,สะพานขาว,กรุงเกษม,16:00-19:00,3.0,4814.0,1604.6666666666667
2453,2018-08-15,ก่อนโควิด,สะพานขาว,หลานหลวง,07:00-09:00,2.0,5439.0,2719.5
2454,2018-08-15,ก่อนโควิด,สะพานขาว,หลานหลวง,09:00-16:00,7.0,18239.0,2605.5714285714284
2455,2018-08-15,ก่อนโควิด,สะพานขาว,หลานหลวง,16:00-19:00,3.0,7708.0,2569.3333333333335
2471,2018-08-20,ก่อนโควิด,ราชวิถี,พระรามที่5,07:00-09:00,2.0,2941.0,1470.5
2472,2018-08-20,ก่อนโควิด,ราชวิถี,พระรามที่5,09:00-16:00,7.0,7051.0,1007.2857142857143
2473,2018-08-20,ก่อนโควิด,ราชวิถี,พระรามที่5,16:00-19:00,3.0,2904.0,968.0
2474,2018-08-20,ก่อนโควิด,ราชวิถี,ราชวิถี,07:00-09:00,2.0,1925.0,962.5
2475,2018-08-20,ก่อนโควิด,ราชวิถี,ราชวิถี,09:00-16:00,7.0,9165.0,1309.2857142857142
2476,2018-08-20,ก่อนโควิด,ราชวิถี,ราชวิถี,16:00-19:00,3.0,2104.0,701.3333333333334
2480,2018-08-21,ก่อนโควิด,หลักสี่,กำแพงเพชร6,07:00-09:00,2.0,2763.0,1381.5
2483,2018-08-21,ก่อนโควิด,หลักสี่,แจ้งวัฒนะ,07:00-09:00,2.0,7791.0,3895.5
2486,2018-08-22,ก่อนโควิด,มิตรสัมพันธ์,นิคมมักกะสัน,07:00-09:00,2.0,1474.0,737.0
2489,2018-08-22,ก่อนโควิด,มิตรสัมพันธ์,เพชรบุรี,07:00-09:00,2.0,8390.0,4195.0
2492,2018-08-23,ก่อนโควิด,พรานนก,อิสรภาพ,07:00-09:00,2.0,2066.0,1033.0
2495,2018-08-23,ก่อนโควิด,พรานนก,พรานนก,07:00-09:00,2.0,4502.0,2251.0
2501,2018-08-24,ก่อนโควิด,ศิริราช,พรานนก,07:00-09:00,2.0,2417.0,1208.5
2507,2018-08-27,ก่อนโควิด,นราธิวาส-สุรวงศ์,สุรวงศ์,07:00-09:00,2.0,3959.0,1979.5
2508,2018-08-27,ก่อนโควิด,นราธิวาส-สุรวงศ์,สุรวงศ์,09:00-16:00,7.0,10927.0,1561.0
2509,2018-08-27,ก่อนโควิด,นราธิวาส-สุรวงศ์,สุรวงศ์,16:00-19:00,3.0,4082.0,1360.6666666666667
2535,2018-08-30,ก่อนโควิด,นางลิ้นจี่,นางลิ้นจี่,09:00-16:00,7.0,2464.0,352.0
2538,2018-08-30,ก่อนโควิด,นางลิ้นจี่,พระรามที่3,09:00-16:00,7.0,44542.0,6363.142857142857
2540,2018-08-31,ก่อนโควิด,พงษ์พระราม,จารุเมือง,07:00-09:00,2.0,1102.0,551.0
2543,2018-08-31,ก่อนโควิด,พงษ์พระราม,พระรามที่1,07:00-09:00,2.0,6770.0,3385.0
2558,2018-09-04,ก่อนโควิด,คลองสาน,เจริญนคร,07:00-09:00,2.0,1687.0,843.5
2559,2018-09-04,ก่อนโควิด,คลองสาน,เจริญนคร,09:00-16:00,7.0,6670.0,952.8571428571429
2560,2018-09-04,ก่อนโควิด,คลองสาน,เจริญนคร,16:00-19:00,3.0,3369.0,1123.0
2561,2018-09-04,ก่อนโควิด,คลองสาน,สมเด็จเจ้าพระยา,07:00-09:00,2.0,1123.0,561.5
2562,2018-09-04,ก่อนโควิด,คลองสาน,สมเด็จเจ้าพระยา,09:00-16:00,7.0,5144.0,734.8571428571429
2563,2018-09-04,ก่อนโควิด,คลองสาน,สมเด็จเจ้าพระยา,16:00-19:00,3.0,1769.0,589.6666666666666
2564,2018-09-04,ก่อนโควิด,คลองสาน,ลาดหญ้า,07:00-09:00,2.0,1073.0,536.5
2565,2018-09-04,ก่อนโควิด,คลองสาน,ลาดหญ้า,09:00-16:00,7.0,3648.0,521.1428571428571
2566,2018-09-04,ก่อนโควิด,คลองสาน,ลาดหญ้า,16:00-19:00,3.0,1778.0,592.6666666666666
2576,2018-09-06,ก่อนโควิด,อุดมสุข,สุขุมวิท,07:00-09:00,2.0,5318.0,2659.0
2582,2018-09-10,ก่อนโควิด,เจ้าคุณทหาร-ฉลองกรุง,ฉลองกรุง,07:00-09:00,2.0,5907.0,2953.5
2583,2018-09-10,ก่อนโควิด,เจ้าคุณทหาร-ฉลองกรุง,ฉลองกรุง,09:00-16:00,7.0,19370.0,2767.1428571428573
2584,2018-09-10,ก่อนโควิด,เจ้าคุณทหาร-ฉลองกรุง,ฉลองกรุง,16:00-19:00,3.0,9854.0,3284.6666666666665
2585,2018-09-10,ก่อนโควิด,เจ้าคุณทหาร-ฉลองกรุง,เจ้าคุณทหาร,07:00-09:00,2.0,3699.0,1849.5
2586,2018-09-10,ก่อนโควิด,เจ้าคุณทหาร-ฉลองกรุง,เจ้าคุณทหาร,09:00-16:00,7.0,8592.0,1227.4285714285713
2587,2018-09-10,ก่อนโควิด,เจ้าคุณทหาร-ฉลองกรุง,เจ้าคุณทหาร,16:00-19:00,3.0,3570.0,1190.0
2612,2018-09-14,ก่อนโควิด,เทเวศร์,สามเสน,07:00-09:00,2.0,2367.0,1183.5
2613,2018-09-14,ก่อนโควิด,เทเวศร์,สามเสน,09:00-16:00,7.0,8692.0,1241.7142857142858
2614,2018-09-14,ก่อนโควิด,เทเวศร์,สามเสน,16:00-19:00,3.0,3872.0,1290.6666666666667
2615,2018-09-14,ก่อนโควิด,เทเวศร์,กรุงเกษม,07:00-09:00,2.0,1140.0,570.0
2616,2018-09-14,ก่อนโควิด,เทเวศร์,กรุงเกษม,09:00-16:00,7.0,3722.0,531.7142857142857
2617,2018-09-14,ก่อนโควิด,เทเวศร์,กรุงเกษม,16:00-19:00,3.0,944.0,314.6666666666667
2628,2018-09-24,ก่อนโควิด,ยมราช,หลานหลวง,09:00-16:00,7.0,691.0,98.71428571428571
2631,2018-09-24,ก่อนโควิด,ยมราช,สวรรคโลก,09:00-16:00,7.0,6680.0,954.2857142857143
2633,2018-09-24,ก่อนโควิด,ยมราช,พิษณุโลก,07:00-09:00,2.0,7408.0,3704.0
2634,2018-09-24,ก่อนโควิด,ยมราช,พิษณุโลก,09:00-16:00,7.0,22233.0,3176.1428571428573
2635,2018-09-24,ก่อนโควิด,ยมราช,พิษณุโลก,16:00-19:00,3.0,10160.0,3386.6666666666665
2636,2018-09-24,ก่อนโควิด,ยมราช,เพชรบุรี,07:00-09:00,2.0,6124.0,3062.0
2637,2018-09-24,ก่อนโควิด,ยมราช,เพชรบุรี,09:00-16:00,7.0,18344.0,2620.5714285714284
2638,2018-09-24,ก่อนโควิด,ยมราช,เพชรบุรี,16:00-19:00,3.0,6275.0,2091.6666666666665
2652,2018-09-26,ก่อนโควิด,อ่อนนุช,สุขุมวิท,09:00-16:00,7.0,32211.0,4601.571428571428
2666,2018-09-28,ก่อนโควิด,ประชาอุทิศ,เทียมร่วมมิตร,07:00-09:00,2.0,2044.0,1022.0
2667,2018-09-28,ก่อนโควิด,ประชาอุทิศ,เทียมร่วมมิตร,09:00-16:00,7.0,9196.0,1313.7142857142858
2668,2018-09-28,ก่อนโควิด,ประชาอุทิศ,เทียมร่วมมิตร,16:00-19:00,3.0,4154.0,1384.6666666666667
2669,2018-09-28,ก่อนโควิด,ประชาอุทิศ,ประชาอุทิศ,07:00-09:00,2.0,3193.0,1596.5
2670,2018-09-28,ก่อนโควิด,ประชาอุทิศ,ประชาอุทิศ,09:00-16:00,7.0,10602.0,1514.5714285714287
2671,2018-09-28,ก่อนโควิด,ประชาอุทิศ,ประชาอุทิศ,16:00-19:00,3.0,4040.0,1346.6666666666667
2672,2018-10-01,ก่อนโควิด,คลองเตย,สุนทรโกษา,07:00-09:00,2.0,2251.0,1125.5
2673,2018-10-01,ก่อนโควิด,คลองเตย,สุนทรโกษา,09:00-16:00,7.0,4014.0,573.4285714285714
2675,2018-10-01,ก่อนโควิด,คลองเตย,พระรามที่4,07:00-09:00,2.0,7470.0,3735.0
2676,2018-10-01,ก่อนโควิด,คลองเตย,พระรามที่4,09:00-16:00,7.0,26955.0,3850.714285714286
2714,2018-10-08,ก่อนโควิด,ยุคล2,ยุคล2,07:00-09:00,2.0,838.0,419.0
2720,2018-10-08,ก่อนโควิด,อนามัย,พลับพลาไชย,07:00-09:00,2.0,1758.0,879.0
2732,2018-10-10,ก่อนโควิด,ประเสริฐมนูกิจ-สุคนธสวัสดิ์,สุคนธสวัสดิ์,07:00-09:00,2.0,2518.0,1259.0
2777,2018-10-19,ก่อนโควิด,มัฆวาน,กรุงเกษม,07:00-09:00,2.0,2136.0,1068.0
2778,2018-10-19,ก่อนโควิด,มัฆวาน,กรุงเกษม,09:00-16:00,7.0,7826.0,1118.0
2779,2018-10-19,ก่อนโควิด,มัฆวาน,กรุงเกษม,16:00-19:00,3.0,3305.0,1101.6666666666667
2789,2018-10-24,ก่อนโควิด,บางลำพู,สามเสน,07:00-09:00,2.0,1848.0,924.0
2790,2018-10-24,ก่อนโควิด,บางลำพู,สามเสน,09:00-16:00,7.0,8734.0,1247.7142857142858
2791,2018-10-24,ก่อนโควิด,บางลำพู,สามเสน,16:00-19:00,3.0,3566.0,1188.6666666666667
2804,2018-10-26,ก่อนโควิด,พระราม9ใหม่,เพชรพระราม,07:00-09:00,2.0,1143.0,571.5
2819,2018-10-30,ก่อนโควิด,วัดสน,สุขสวัสดิ์,07:00-09:00,2.0,13734.0,6867.0
2820,2018-10-30,ก่อนโควิด,วัดสน,สุขสวัสดิ์,09:00-16:00,7.0,40203.0,5743.285714285715
2821,2018-10-30,ก่อนโควิด,วัดสน,สุขสวัสดิ์,16:00-19:00,3.0,16765.0,5588.333333333333
2822,2018-10-31,ก่อนโควิด,นอร์ธปาร์ค,กำแพงเพชร6,07:00-09:00,2.0,2278.0,1139.0
2825,2018-10-31,ก่อนโควิด,นอร์ธปาร์ค,ชิดชน,07:00-09:00,2.0,2600.0,1300.0
2828,2018-11-01,ก่อนโควิด,เกียกกาย,สามเสน,07:00-09:00,2.0,1710.0,855.0
2831,2018-11-01,ก่อนโควิด,เกียกกาย,ประชาราษฎร์สาย1,07:00-09:00,2.0,4680.0,2340.0
2834,2018-11-01,ก่อนโควิด,เกียกกาย,ทหาร,07:00-09:00,2.0,733.0,366.5
2837,2018-11-02,ก่อนโควิด,พญาไท,พญาไท,07:00-09:00,2.0,6505.0,3252.5
2840,2018-11-02,ก่อนโควิด,พญาไท,ศรีอยุธยา,07:00-09:00,2.0,11876.0,5938.0
2843,2018-11-05,ก่อนโควิด,วัดสะพานสูง,เตชะวณิช,07:00-09:00,2.0,4959.0,2479.5
2846,2018-11-05,ก่อนโควิด,วัดสะพานสูง,พระรามที่6,07:00-09:00,2.0,1143.0,571.5
2855,2018-11-06,ก่อนโควิด,บางแค,บางแค,07:00-09:00,2.0,739.0,369.5
2856,2018-11-06,ก่อนโควิด,บางแค,บางแค,09:00-16:00,7.0,2775.0,396.42857142857144
2857,2018-11-06,ก่อนโควิด,บางแค,บางแค,16:00-19:00,3.0,1620.0,540.0
2858,2018-11-06,ก่อนโควิด,บางแค,เพชรเกษม,07:00-09:00,2.0,9648.0,4824.0
2859,2018-11-06,ก่อนโควิด,บางแค,เพชรเกษม,09:00-16:00,7.0,29916.0,4273.714285714285
2860,2018-11-06,ก่อนโควิด,บางแค,เพชรเกษม,16:00-19:00,3.0,15244.0,5081.333333333333
2870,2018-11-08,ก่อนโควิด,สาทร-นราธิวาส,สาทร,07:00-09:00,2.0,11536.0,5768.0
2871,2018-11-08,ก่อนโควิด,สาทร-นราธิวาส,สาทร,09:00-16:00,7.0,32875.0,4696.428571428572
2872,2018-11-08,ก่อนโควิด,สาทร-นราธิวาส,สาทร,16:00-19:00,3.0,12975.0,4325.0
2879,2018-11-12,ก่อนโควิด,ป้อมมหากาฬ,มหาไชย,07:00-09:00,2.0,1928.0,964.0
2880,2018-11-12,ก่อนโควิด,ป้อมมหากาฬ,มหาไชย,09:00-16:00,7.0,6865.0,980.7142857142857
2881,2018-11-12,ก่อนโควิด,ป้อมมหากาฬ,มหาไชย,16:00-19:00,3.0,3564.0,1188.0
2883,2018-11-12,ก่อนโควิด,ป้อมมหากาฬ,พระสุเมรุ,09:00-16:00,7.0,4761.0,680.1428571428571
2886,2018-11-12,ก่อนโควิด,ป้อมมหากาฬ,ราชดำเนินกลาง,09:00-16:00,7.0,25040.0,3577.1428571428573
2888,2018-11-13,ก่อนโควิด,เสือป่า,ราชวงศ์,07:00-09:00,2.0,1014.0,507.0
2891,2018-11-13,ก่อนโควิด,เสือป่า,เสือป่า,07:00-09:00,2.0,698.0,349.0
2892,2018-11-13,ก่อนโควิด,เสือป่า,เสือป่า,09:00-16:00,7.0,2902.0,414.57142857142856
2893,2018-11-13,ก่อนโควิด,เสือป่า,เสือป่า,16:00-19:00,3.0,1389.0,463.0
2894,2018-11-13,ก่อนโควิด,เสือป่า,เจริญกรุง,07:00-09:00,2.0,4218.0,2109.0
2897,2018-11-14,ก่อนโควิด,เดโช,เดโช,07:00-09:00,2.0,905.0,452.5
2898,2018-11-14,ก่อนโควิด,เดโช,เดโช,09:00-16:00,7.0,3344.0,477.7142857142857
2899,2018-11-14,ก่อนโควิด,เดโช,เดโช,16:00-19:00,3.0,1182.0,394.0
2900,2018-11-14,ก่อนโควิด,เดโช,สีลม,07:00-09:00,2.0,4400.0,2200.0
2901,2018-11-14,ก่อนโควิด,เดโช,สีลม,09:00-16:00,7.0,16600.0,2371.4285714285716
2902,2018-11-14,ก่อนโควิด,เดโช,สีลม,16:00-19:00,3.0,4725.0,1575.0
2903,2018-11-15,ก่อนโควิด,เจริญผล,บรรทัดทอง,07:00-09:00,2.0,3619.0,1809.5
2906,2018-11-15,ก่อนโควิด,เจริญผล,พระรามที่1,07:00-09:00,2.0,3979.0,1989.5
2909,2018-11-16,ก่อนโควิด,จอมทอง,วุฒากาศ,07:00-09:00,2.0,1522.0,761.0
2910,2018-11-16,ก่อนโควิด,จอมทอง,วุฒากาศ,09:00-16:00,7.0,4525.0,646.4285714285714
2911,2018-11-16,ก่อนโควิด,จอมทอง,วุฒากาศ,16:00-19:00,3.0,1896.0,632.0
2912,2018-11-16,ก่อนโควิด,จอมทอง,จอมทอง,07:00-09:00,2.0,3438.0,1719.0
2913,2018-11-16,ก่อนโควิด,จอมทอง,จอมทอง,09:00-16:00,7.0,11633.0,1661.857142857143
2914,2018-11-16,ก่อนโควิด,จอมทอง,จอมทอง,16:00-19:00,3.0,4368.0,1456.0
2921,2018-11-20,ก่อนโควิด,ศาลาแดง,สีลม,07:00-09:00,2.0,2263.0,1131.5
2922,2018-11-20,ก่อนโควิด,ศาลาแดง,สีลม,09:00-16:00,7.0,6302.0,900.2857142857143
2923,2018-11-20,ก่อนโควิด,ศาลาแดง,สีลม,16:00-19:00,3.0,2484.0,828.0
2924,2018-11-20,ก่อนโควิด,ศาลาแดง,ราชดำริ,07:00-09:00,2.0,3183.0,1591.5
2925,2018-11-20,ก่อนโควิด,ศาลาแดง,ราชดำริ,09:00-16:00,7.0,12007.0,1715.2857142857142
2926,2018-11-20,ก่อนโควิด,ศาลาแดง,ราชดำริ,16:00-19:00,3.0,4989.0,1663.0
2927,2018-11-20,ก่อนโควิด,ศาลาแดง,พระรามที่4,07:00-09:00,2.0,12654.0,6327.0
2928,2018-11-20,ก่อนโควิด,ศาลาแดง,พระรามที่4,09:00-16:00,7.0,48956.0,6993.714285714285
2929,2018-11-20,ก่อนโควิด,ศาลาแดง,พระรามที่4,16:00-19:00,3.0,19557.0,6519.0
2930,2018-11-21,ก่อนโควิด,ด่วนนางลิ้นจี่,นางลิ้นจี่,07:00-09:00,2.0,2985.0,1492.5
2933,2018-11-21,ก่อนโควิด,ด่วนนางลิ้นจี่,รัชดาภิเษก,07:00-09:00,2.0,3303.0,1651.5
2942,2018-11-23,ก่อนโควิด,รัชโยธิน,พหลโยธิน,07:00-09:00,2.0,5011.0,2505.5
2943,2018-11-23,ก่อนโควิด,รัชโยธิน,พหลโยธิน,09:00-16:00,7.0,15292.0,2184.5714285714284
2944,2018-11-23,ก่อนโควิด,รัชโยธิน,พหลโยธิน,16:00-19:00,3.0,6649.0,2216.3333333333335
2948,2018-11-26,ก่อนโควิด,บางกระบือ,สามเสน,07:00-09:00,2.0,2921.0,1460.5
2949,2018-11-26,ก่อนโควิด,บางกระบือ,สามเสน,09:00-16:00,7.0,8235.0,1176.4285714285713
2950,2018-11-26,ก่อนโควิด,บางกระบือ,สามเสน,16:00-19:00,3.0,3437.0,1145.6666666666667
2951,2018-11-26,ก่อนโควิด,บางกระบือ,เขียวไข่กา,07:00-09:00,2.0,414.0,207.0
2952,2018-11-26,ก่อนโควิด,บางกระบือ,เขียวไข่กา,09:00-16:00,7.0,280.0,40.0
2953,2018-11-26,ก่อนโควิด,บางกระบือ,เขียวไข่กา,16:00-19:00,3.0,472.0,157.33333333333334
2954,2018-11-26,ก่อนโควิด,บางกระบือ,อำนวยสงคราม,07:00-09:00,2.0,915.0,457.5
2955,2018-11-26,ก่อนโควิด,บางกระบือ,อำนวยสงคราม,09:00-16:00,7.0,3046.0,435.14285714285717
2956,2018-11-26,ก่อนโควิด,บางกระบือ,อำนวยสงคราม,16:00-19:00,3.0,1232.0,410.6666666666667
2957,2018-11-27,ก่อนโควิด,อังรีดูนังต์,สุรวงศ์,07:00-09:00,2.0,1409.0,704.5
2958,2018-11-27,ก่อนโควิด,อังรีดูนังต์,สุรวงศ์,09:00-16:00,7.0,5642.0,806.0
2959,2018-11-27,ก่อนโควิด,อังรีดูนังต์,สุรวงศ์,16:00-19:00,3.0,2216.0,738.6666666666666
2960,2018-11-27,ก่อนโควิด,อังรีดูนังต์,อังรีดูนังต์,07:00-09:00,2.0,2460.0,1230.0
2961,2018-11-27,ก่อนโควิด,อังรีดูนังต์,อังรีดูนังต์,09:00-16:00,7.0,7999.0,1142.7142857142858
2962,2018-11-27,ก่อนโควิด,อังรีดูนังต์,อังรีดูนังต์,16:00-19:00,3.0,3702.0,1234.0
2963,2018-11-27,ก่อนโควิด,อังรีดูนังต์,พระรามที่4,07:00-09:00,2.0,8608.0,4304.0
2964,2018-11-27,ก่อนโควิด,อังรีดูนังต์,พระรามที่4,09:00-16:00,7.0,31258.0,4465.428571428572
2965,2018-11-27,ก่อนโควิด,อังรีดูนังต์,พระรามที่4,16:00-19:00,3.0,10197.0,3399.0
2981,2018-11-30,ก่อนโควิด,ประชาชื่น,ประชาชื่น,07:00-09:00,2.0,3757.0,1878.5
2984,2018-11-30,ก่อนโควิด,ประชาชื่น,ประชาราษฎร์สาย2,07:00-09:00,2.0,4788.0,2394.0
2987,2018-12-03,ก่อนโควิด,วังแดง,ราชสีมา,07:00-09:00,2.0,2413.0,1206.5
2990,2018-12-03,ก่อนโควิด,วังแดง,พิษณุโลก,07:00-09:00,2.0,2296.0,1148.0
3018,2018-12-07,ก่อนโควิด,นานา,สุขุมวิท,09:00-16:00,7.0,18788.0,2684.0
3020,2018-12-11,ก่อนโควิด,สาทร-สุรศักดิ์,เจริญราษฎร์,07:00-09:00,2.0,2204.0,1102.0
3021,2018-12-11,ก่อนโควิด,สาทร-สุรศักดิ์,เจริญราษฎร์,09:00-16:00,7.0,8569.0,1224.142857142857
3022,2018-12-11,ก่อนโควิด,สาทร-สุรศักดิ์,เจริญราษฎร์,16:00-19:00,3.0,3574.0,1191.3333333333333
3024,2018-12-11,ก่อนโควิด,สาทร-สุรศักดิ์,สุรศักดิ์,09:00-16:00,7.0,14650.0,2092.8571428571427
3027,2018-12-11,ก่อนโควิด,สาทร-สุรศักดิ์,สาทร,09:00-16:00,7.0,34423.0,4917.571428571428
3047,2018-12-14,ก่อนโควิด,เอสเอบี,เจริญกรุง,07:00-09:00,2.0,5516.0,2758.0
3050,2018-12-17,ก่อนโควิด,ประดิพัทธ์,พระรามที่6,07:00-09:00,2.0,6492.0,3246.0
3065,2018-12-19,ก่อนโควิด,วัดดวงแข,จารุเมือง,07:00-09:00,2.0,1893.0,946.5
3066,2018-12-19,ก่อนโควิด,วัดดวงแข,จารุเมือง,09:00-16:00,7.0,6038.0,862.5714285714286
3067,2018-12-19,ก่อนโควิด,วัดดวงแข,จารุเมือง,16:00-19:00,3.0,2117.0,705.6666666666666
3068,2018-12-19,ก่อนโควิด,วัดดวงแข,เจริญเมือง,07:00-09:00,2.0,3518.0,1759.0
3069,2018-12-19,ก่อนโควิด,วัดดวงแข,เจริญเมือง,09:00-16:00,7.0,12254.0,1750.5714285714287
3070,2018-12-19,ก่อนโควิด,วัดดวงแข,เจริญเมือง,16:00-19:00,3.0,4233.0,1411.0
3080,2018-12-21,ก่อนโควิด,ศรีอยุธยา,พระรามที่6,07:00-09:00,2.0,8445.0,4222.5
3083,2018-12-21,ก่อนโควิด,ศรีอยุธยา,ศรีอยุธยา,07:00-09:00,2.0,7350.0,3675.0
3089,2018-12-24,ก่อนโควิด,ผังเมือง,วัฒนธรรม,07:00-09:00,2.0,1499.0,749.5
3090,2018-12-24,ก่อนโควิด,ผังเมือง,วัฒนธรรม,09:00-16:00,7.0,5718.0,816.8571428571429
3091,2018-12-24,ก่อนโควิด,ผังเมือง,วัฒนธรรม,16:00-19:00,3.0,2742.0,914.0
3092,2018-12-24,ก่อนโควิด,ผังเมือง,พระราม9,07:00-09:00,2.0,5326.0,2663.0
3093,2018-12-24,ก่อนโควิด,ผังเมือง,พระราม9,09:00-16:00,7.0,16398.0,2342.5714285714284
3094,2018-12-24,ก่อนโควิด,ผังเมือง,พระราม9,16:00-19:00,3.0,6451.0,2150.3333333333335
3095,2019-01-02,ก่อนโควิด,สี่กั๊กเสาชิงช้า,เฟื่องนคร,07:00-09:00,2.0,1769.0,884.5
3096,2019-01-02,ก่อนโควิด,สี่กั๊กเสาชิงช้า,เฟื่องนคร,09:00-16:00,7.0,5612.0,801.7142857142857
3097,2019-01-02,ก่อนโควิด,สี่กั๊กเสาชิงช้า,เฟื่องนคร,16:00-19:00,3.0,1317.0,439.0
3098,2019-01-02,ก่อนโควิด,สี่กั๊กเสาชิงช้า,ตะนาว,07:00-09:00,2.0,366.0,183.0
3099,2019-01-02,ก่อนโควิด,สี่กั๊กเสาชิงช้า,ตะนาว,09:00-16:00,7.0,1745.0,249.28571428571428
3100,2019-01-02,ก่อนโควิด,สี่กั๊กเสาชิงช้า,ตะนาว,16:00-19:00,3.0,570.0,190.0
3101,2019-01-02,ก่อนโควิด,สี่กั๊กเสาชิงช้า,บำรุงเมือง,07:00-09:00,2.0,2034.0,1017.0
3102,2019-01-02,ก่อนโควิด,สี่กั๊กเสาชิงช้า,บำรุงเมือง,09:00-16:00,7.0,7028.0,1004.0
3122,2019-01-07,ก่อนโควิด,บางโพ,ประชาราษฎร์สาย1,07:00-09:00,2.0,6352.0,3176.0
3125,2019-01-07,ก่อนโควิด,บางโพ,ประชาราษฎร์สาย2,07:00-09:00,2.0,922.0,461.0
3128,2019-01-08,ก่อนโควิด,ลาดกระบัง-ฉลองกรุง,ฉลองกรุง,07:00-09:00,2.0,1466.0,733.0
3131,2019-01-08,ก่อนโควิด,ลาดกระบัง-ฉลองกรุง,ลาดกระบัง,07:00-09:00,2.0,8281.0,4140.5
3143,2019-01-10,ก่อนโควิด,ทุ่งครุ,ประชาอุทิศ,07:00-09:00,2.0,2743.0,1371.5
3146,2019-01-10,ก่อนโควิด,ทุ่งครุ,ครุใน,07:00-09:00,2.0,582.0,291.0
3149,2019-01-11,ก่อนโควิด,วิทยุ-เพชร,วิทยุ-ทางขึ้นลงทางด่วน,07:00-09:00,2.0,4407.0,2203.5
3155,2019-01-11,ก่อนโควิด,วิทยุ-เพชร,เพชรบุรี,07:00-09:00,2.0,5290.0,2645.0
3159,2019-01-14,ก่อนโควิด,เฉลิมเผ่า,อังรีดูนังต์,09:00-16:00,7.0,6342.0,906.0
3225,2019-01-28,ก่อนโควิด,ซังฮี้,สามเสน,09:00-16:00,7.0,13247.0,1892.4285714285713
3228,2019-01-28,ก่อนโควิด,ซังฮี้,ราชวิถี,09:00-16:00,7.0,9310.0,1330.0
3281,2019-02-05,ก่อนโควิด,ประเสริฐมนูกิจ-ประดิษฐ์มนูธรรม,ประดิษฐ์มนูธรรม,07:00-09:00,2.0,13727.0,6863.5
3284,2019-02-05,ก่อนโควิด,ประเสริฐมนูกิจ-ประดิษฐ์มนูธรรม,ประเสริฐมนูกิจ,07:00-09:00,2.0,14157.0,7078.5
3290,2019-02-07,ก่อนโควิด,พระราม9,รัชดาภิเษก,07:00-09:00,2.0,7152.0,3576.0
3293,2019-02-07,ก่อนโควิด,พระราม9,อโศกดินแดง,07:00-09:00,2.0,5168.0,2584.0
3296,2019-02-07,ก่อนโควิด,พระราม9,พระราม9,07:00-09:00,2.0,4433.0,2216.5
3299,2019-02-08,ก่อนโควิด,บางขุนนนท์,จรัญสนิทวงศ์,07:00-09:00,2.0,4468.0,2234.0
3329,2019-02-13,ก่อนโควิด,ปทุมวัน,พญาไท,07:00-09:00,2.0,6602.0,3301.0
3332,2019-02-13,ก่อนโควิด,ปทุมวัน,พระรามที่1,07:00-09:00,2.0,5076.0,2538.0
3354,2019-02-18,ก่อนโควิด,สาธุประดิษฐ์,สาธุประดิษฐ์,09:00-16:00,7.0,3518.0,502.57142857142856
3356,2019-02-18,ก่อนโควิด,สาธุประดิษฐ์,พระรามที่3,07:00-09:00,2.0,10765.0,5382.5
3357,2019-02-18,ก่อนโควิด,สาธุประดิษฐ์,พระรามที่3,09:00-16:00,7.0,34018.0,4859.714285714285
3358,2019-02-18,ก่อนโควิด,สาธุประดิษฐ์,พระรามที่3,16:00-19:00,3.0,17014.0,5671.333333333333
3422,2019-02-28,ก่อนโควิด,บุคคโล,เจริญนคร,07:00-09:00,2.0,6554.0,3277.0
3425,2019-02-28,ก่อนโควิด,บุคคโล,มไหสวรรย์,07:00-09:00,2.0,6226.0,3113.0
3437,2019-03-04,ก่อนโควิด,ด่วนสาธุ,สาธุประดิษฐ์,07:00-09:00,2.0,4249.0,2124.5
3440,2019-03-04,ก่อนโควิด,ด่วนสาธุ,รัชดาภิเษก,07:00-09:00,2.0,12286.0,6143.0
3482,2019-03-08,ก่อนโควิด,อโศกเพชร,อโศก,07:00-09:00,2.0,4544.0,2272.0
3483,2019-03-08,ก่อนโควิด,อโศกเพชร,อโศก,09:00-16:00,7.0,16170.0,2310.0
3484,2019-03-08,ก่อนโควิด,อโศกเพชร,อโศก,16:00-19:00,3.0,7687.0,2562.3333333333335
3485,2019-03-08,ก่อนโควิด,อโศกเพชร,เพชรบุรี,07:00-09:00,2.0,7571.0,3785.5
3486,2019-03-08,ก่อนโควิด,อโศกเพชร,เพชรบุรี,09:00-16:00,7.0,26374.0,3767.714285714286
3487,2019-03-08,ก่อนโควิด,อโศกเพชร,เพชรบุรี,16:00-19:00,3.0,12603.0,4201.0
3527,2019-03-14,ก่อนโควิด,เจริญนครใต้,เจริญนคร,07:00-09:00,2.0,5776.0,2888.0
3530,2019-03-14,ก่อนโควิด,เจริญนครใต้,กรุงธนบุรี,07:00-09:00,2.0,1122.0,561.0
3536,2019-03-15,ก่อนโควิด,วงเวียนใหญ่,ประชาธิปก,07:00-09:00,2.0,10687.0,5343.5
3539,2019-03-15,ก่อนโควิด,วงเวียนใหญ่,อินทรพิทักษ์,07:00-09:00,2.0,5968.0,2984.0
3569,2019-03-21,ก่อนโควิด,การเรือน,ราชสีมา,07:00-09:00,2.0,2718.0,1359.0
3570,2019-03-21,ก่อนโควิด,การเรือน,ราชสีมา,09:00-16:00,7.0,9723.0,1389.0
3571,2019-03-21,ก่อนโควิด,การเรือน,ราชสีมา,16:00-19:00,3.0,4451.0,1483.6666666666667
3572,2019-03-21,ก่อนโควิด,การเรือน,ราชวิถี,07:00-09:00,2.0,2220.0,1110.0
3573,2019-03-21,ก่อนโควิด,การเรือน,ราชวิถี,09:00-16:00,7.0,6520.0,931.4285714285714
3574,2019-03-21,ก่อนโควิด,การเรือน,ราชวิถี,16:00-19:00,3.0,2552.0,850.6666666666666
3575,2019-03-22,ก่อนโควิด,บางยี่เรือ,เทอดไท,07:00-09:00,2.0,1347.0,673.5
3576,2019-03-22,ก่อนโควิด,บางยี่เรือ,เทอดไท,09:00-16:00,7.0,3535.0,505.0
3577,2019-03-22,ก่อนโควิด,บางยี่เรือ,เทอดไท,16:00-19:00,3.0,1190.0,396.6666666666667
3578,2019-03-22,ก่อนโควิด,บางยี่เรือ,เพชรเกษม,07:00-09:00,2.0,4245.0,2122.5
3579,2019-03-22,ก่อนโควิด,บางยี่เรือ,เพชรเกษม,09:00-16:00,7.0,8705.0,1243.5714285714287
3580,2019-03-22,ก่อนโควิด,บางยี่เรือ,เพชรเกษม,16:00-19:00,3.0,337.0,112.33333333333333
3581,2019-03-22,ก่อนโควิด,บางยี่เรือ,อินทรพิทักษ์,07:00-09:00,2.0,2332.0,1166.0
3582,2019-03-22,ก่อนโควิด,บางยี่เรือ,อินทรพิทักษ์,09:00-16:00,7.0,9807.0,1401.0
3583,2019-03-22,ก่อนโควิด,บางยี่เรือ,อินทรพิทักษ์,16:00-19:00,3.0,6066.0,2022.0
3593,2019-03-26,ก่อนโควิด,สุทธิสาร-วิภาวดีรังสิต,วิภาวดีรังสิต,07:00-09:00,2.0,27555.0,13777.5
3596,2019-03-26,ก่อนโควิด,สุทธิสาร-วิภาวดีรังสิต,สุทธิสาร,07:00-09:00,2.0,5251.0,2625.5
3608,2019-03-28,ก่อนโควิด,วงเวียนหลักสี่,พหลโยธิน,07:00-09:00,2.0,9239.0,4619.5
3611,2019-03-28,ก่อนโควิด,วงเวียนหลักสี่,แจ้งวัฒนะ,07:00-09:00,2.0,9413.0,4706.5
3614,2019-03-28,ก่อนโควิด,วงเวียนหลักสี่,รามอินทรา,07:00-09:00,2.0,4834.0,2417.0
3617,2019-03-29,ก่อนโควิด,เจริญราษฎร์,เจริญราษฎร์,07:00-09:00,2.0,3249.0,1624.5
3618,2019-03-29,ก่อนโควิด,เจริญราษฎร์,เจริญราษฎร์,09:00-16:00,7.0,10447.0,1492.4285714285713
3619,2019-03-29,ก่อนโควิด,เจริญราษฎร์,เจริญราษฎร์,16:00-19:00,3.0,4894.0,1631.3333333333333
3620,2019-03-29,ก่อนโควิด,เจริญราษฎร์,พระรามที่3,07:00-09:00,2.0,15652.0,7826.0
3621,2019-03-29,ก่อนโควิด,เจริญราษฎร์,พระรามที่3,09:00-16:00,7.0,47068.0,6724.0
3622,2019-03-29,ก่อนโควิด,เจริญราษฎร์,พระรามที่3,16:00-19:00,3.0,22628.0,7542.666666666667
3623,2019-04-01,ก่อนโควิด,ราชวงศ์,ราชวงศ์,07:00-09:00,2.0,1036.0,518.0
3626,2019-04-01,ก่อนโควิด,ราชวงศ์,เยาวราช,07:00-09:00,2.0,2666.0,1333.0
3635,2019-04-02,ก่อนโควิด,โพธิ์แก้ว,นวมินทร์,07:00-09:00,2.0,9445.0,4722.5
3636,2019-04-02,ก่อนโควิด,โพธิ์แก้ว,นวมินทร์,09:00-16:00,7.0,30050.0,4292.857142857143
3637,2019-04-02,ก่อนโควิด,โพธิ์แก้ว,นวมินทร์,16:00-19:00,3.0,12061.0,4020.3333333333335
3638,2019-04-02,ก่อนโควิด,โพธิ์แก้ว,โพธิ์แก้ว,07:00-09:00,2.0,1220.0,610.0
3639,2019-04-02,ก่อนโควิด,โพธิ์แก้ว,โพธิ์แก้ว,09:00-16:00,7.0,5411.0,773.0
3640,2019-04-02,ก่อนโควิด,โพธิ์แก้ว,โพธิ์แก้ว,16:00-19:00,3.0,2186.0,728.6666666666666
3641,2019-04-02,ก่อนโควิด,โพธิ์แก้ว,ทางเข้าวัดบางเตย,07:00-09:00,2.0,51.0,25.5
3642,2019-04-02,ก่อนโควิด,โพธิ์แก้ว,ทางเข้าวัดบางเตย,09:00-16:00,7.0,96.0,13.714285714285714
3643,2019-04-02,ก่อนโควิด,โพธิ์แก้ว,ทางเข้าวัดบางเตย,16:00-19:00,3.0,29.0,9.666666666666666
3650,2019-04-04,ก่อนโควิด,พัฒนาการ,ศรีนครินทร์,07:00-09:00,2.0,5433.0,2716.5
3653,2019-04-04,ก่อนโควิด,พัฒนาการ,พัฒนาการ,07:00-09:00,2.0,6493.0,3246.5
3677,2019-04-17,ก่อนโควิด,ราชดำริ,ราชดำริ,07:00-09:00,2.0,4071.0,2035.5
3680,2019-04-17,ก่อนโควิด,ราชดำริ,สารสิน,07:00-09:00,2.0,1227.0,613.5
3698,2019-04-22,ก่อนโควิด,โรงพยาบาลกลาง,เสือป่า,07:00-09:00,2.0,1008.0,504.0
3704,2019-04-22,ก่อนโควิด,โรงพยาบาลกลาง,หลวง,07:00-09:00,2.0,2687.0,1343.5
3707,2019-04-23,ก่อนโควิด,ตากสิน,สมเด็จพระเจ้าตากสิน,07:00-09:00,2.0,11443.0,5721.5
3710,2019-04-23,ก่อนโควิด,ตากสิน,ราชพฤกษ์,07:00-09:00,2.0,5570.0,2785.0
3713,2019-04-23,ก่อนโควิด,ตากสิน,กรุงธนบุรี,07:00-09:00,2.0,5230.0,2615.0
3734,2019-04-26,ก่อนโควิด,สุทธิสาร,รัชดาภิเษก,07:00-09:00,2.0,12391.0,6195.5
3735,2019-04-26,ก่อนโควิด,สุทธิสาร,รัชดาภิเษก,09:00-16:00,7.0,38629.0,5518.428571428572
3736,2019-04-26,ก่อนโควิด,สุทธิสาร,รัชดาภิเษก,16:00-19:00,3.0,17871.0,5957.0
3737,2019-04-26,ก่อนโควิด,สุทธิสาร,สุทธิสารวินิจฉัย,07:00-09:00,2.0,2871.0,1435.5
3738,2019-04-26,ก่อนโควิด,สุทธิสาร,สุทธิสารวินิจฉัย,09:00-16:00,7.0,8645.0,1235.0
3739,2019-04-26,ก่อนโควิด,สุทธิสาร,สุทธิสารวินิจฉัย,16:00-19:00,3.0,3957.0,1319.0
3746,2019-04-30,ก่อนโควิด,คลองตัน,สุขุมวิท71,07:00-09:00,2.0,1696.0,848.0
3749,2019-04-30,ก่อนโควิด,คลองตัน,รามคำแหง,07:00-09:00,2.0,3074.0,1537.0
3750,2019-04-30,ก่อนโควิด,คลองตัน,รามคำแหง,09:00-16:00,7.0,10707.0,1529.5714285714287
3752,2019-04-30,ก่อนโควิด,คลองตัน,เพชรบุรี,07:00-09:00,2.0,3070.0,1535.0
3753,2019-04-30,ก่อนโควิด,คลองตัน,เพชรบุรี,09:00-16:00,7.0,10806.0,1543.7142857142858
3755,2019-04-30,ก่อนโควิด,คลองตัน,พัฒนาการ,07:00-09:00,2.0,5155.0,2577.5
3756,2019-04-30,ก่อนโควิด,คลองตัน,พัฒนาการ,09:00-16:00,7.0,15520.0,2217.1428571428573
3757,2019-04-30,ก่อนโควิด,คลองตัน,พัฒนาการ,16:00-19:00,3.0,6919.0,2306.3333333333335
3758,2019-05-01,ก่อนโควิด,ประชานิเวศน์,ประชาชื่น,07:00-09:00,2.0,3991.0,1995.5
3761,2019-05-01,ก่อนโควิด,ประชานิเวศน์,เทศบาลสงเคราะห์,07:00-09:00,2.0,910.0,455.0
3770,2019-05-03,ก่อนโควิด,วงศ์สว่าง,วงศ์สว่าง,07:00-09:00,2.0,4075.0,2037.5
3773,2019-05-03,ก่อนโควิด,วงศ์สว่าง,รัชดาภิเษก,07:00-09:00,2.0,6741.0,3370.5
3798,2019-05-14,ก่อนโควิด,ราชประสงค์,ราชดำริ,09:00-16:00,7.0,14541.0,2077.285714285714
3801,2019-05-14,ก่อนโควิด,ราชประสงค์,พระรามที่1,09:00-16:00,7.0,1627.0,232.42857142857142
3803,2019-05-14,ก่อนโควิด,ราชประสงค์,เพลินจิต,07:00-09:00,2.0,4600.0,2300.0
3804,2019-05-14,ก่อนโควิด,ราชประสงค์,เพลินจิต,09:00-16:00,7.0,17110.0,2444.285714285714
3805,2019-05-14,ก่อนโควิด,ราชประสงค์,เพลินจิต,16:00-19:00,3.0,6681.0,2227.0
3807,2019-05-15,ก่อนโควิด,เกษมราษฎร์,เกษมราษฎร์,09:00-16:00,7.0,3837.0,548.1428571428571
3812,2019-05-15,ก่อนโควิด,เกษมราษฎร์,พระรามที่4,07:00-09:00,2.0,7073.0,3536.5
3813,2019-05-15,ก่อนโควิด,เกษมราษฎร์,พระรามที่4,09:00-16:00,7.0,28270.0,4038.5714285714284
3814,2019-05-15,ก่อนโควิด,เกษมราษฎร์,พระรามที่4,16:00-19:00,3.0,12450.0,4150.0
3815,2019-05-16,ก่อนโควิด,เพลินจิต,วิทยุ,07:00-09:00,2.0,2577.0,1288.5
3818,2019-05-16,ก่อนโควิด,เพลินจิต,เพลินจิต,07:00-09:00,2.0,8739.0,4369.5
3860,2019-05-24,ก่อนโควิด,หลังสวน,หลังสวน,07:00-09:00,2.0,2307.0,1153.5
3863,2019-05-24,ก่อนโควิด,หลังสวน,สารสิน,07:00-09:00,2.0,2560.0,1280.0
3908,2019-05-31,ก่อนโควิด,ด่วนเพลินจิต,ดวงพิทักษ์,07:00-09:00,2.0,1496.0,748.0
3911,2019-05-31,ก่อนโควิด,ด่วนเพลินจิต,ทางขึ้นลงทางด่วน,07:00-09:00,2.0,5036.0,2518.0
3914,2019-05-31,ก่อนโควิด,ด่วนเพลินจิต,เพลินจิต,07:00-09:00,2.0,472.0,236.0
3917,2019-05-31,ก่อนโควิด,ด่วนเพลินจิต,สุขุมวิท,07:00-09:00,2.0,5983.0,2991.5
3920,2019-06-04,ก่อนโควิด,คลองเตย,สุนทรโกษา,07:00-09:00,2.0,1677.0,838.5
3921,2019-06-04,ก่อนโควิด,คลองเตย,สุนทรโกษา,09:00-16:00,7.0,4088.0,584.0
3923,2019-06-04,ก่อนโควิด,คลองเตย,พระรามที่4,07:00-09:00,2.0,6075.0,3037.5
3924,2019-06-04,ก่อนโควิด,คลองเตย,พระรามที่4,09:00-16:00,7.0,25853.0,3693.285714285714
3932,2019-06-07,ก่อนโควิด,สีลม-นราธิวาส,นราธิวาสราชนครินทร์,07:00-09:00,2.0,5482.0,2741.0
3935,2019-06-07,ก่อนโควิด,สีลม-นราธิวาส,สีลม,07:00-09:00,2.0,4197.0,2098.5
3972,2019-06-13,ก่อนโควิด,พระรามที่4,รัชดาภิเษก,09:00-16:00,7.0,11185.0,1597.857142857143
3978,2019-06-14,ก่อนโควิด,วิทยุ,วิทยุ,09:00-16:00,7.0,13541.0,1934.4285714285713
3981,2019-06-14,ก่อนโควิด,วิทยุ,พระรามที่4,09:00-16:00,7.0,52244.0,7463.428571428572
3984,2019-06-14,ก่อนโควิด,วิทยุ,สาทร,09:00-16:00,7.0,14763.0,2109.0
3987,2019-06-17,ก่อนโควิด,ใต้ด่วนพระราม4,เชื้อเพลิง,09:00-16:00,7.0,10918.0,1559.7142857142858
3990,2019-06-17,ก่อนโควิด,ใต้ด่วนพระราม4,ทางด่วน,09:00-16:00,7.0,6033.0,861.8571428571429
3992,2019-06-17,ก่อนโควิด,ใต้ด่วนพระราม4,พระรามที่4,07:00-09:00,2.0,9432.0,4716.0
3993,2019-06-17,ก่อนโควิด,ใต้ด่วนพระราม4,พระรามที่4,09:00-16:00,7.0,41094.0,5870.571428571428
3994,2019-06-17,ก่อนโควิด,ใต้ด่วนพระราม4,พระรามที่4,16:00-19:00,3.0,22953.0,7651.0
4001,2019-07-01,ก่อนโควิด,ถนนตก,เจริญกรุง,07:00-09:00,2.0,2073.0,1036.5
4004,2019-07-01,ก่อนโควิด,ถนนตก,พระรามที่3,07:00-09:00,2.0,6783.0,3391.5
4031,2019-07-08,ก่อนโควิด,พุทธมณฑลสาย3,พุทธมณฑลสาย3,07:00-09:00,2.0,2034.0,1017.0
4034,2019-07-08,ก่อนโควิด,พุทธมณฑลสาย3,เพชรเกษม,07:00-09:00,2.0,5966.0,2983.0
4037,2019-07-10,ก่อนโควิด,โพธิ์สามต้น,อิสรภาพ,07:00-09:00,2.0,4043.0,2021.5
4040,2019-07-10,ก่อนโควิด,โพธิ์สามต้น,วังเดิม,07:00-09:00,2.0,854.0,427.0
4043,2019-07-11,ก่อนโควิด,ประชาอุทิศ,ประชาอุทิศ,07:00-09:00,2.0,2962.0,1481.0
4044,2019-07-11,ก่อนโควิด,ประชาอุทิศ,ประชาอุทิศ,09:00-16:00,7.0,9565.0,1366.4285714285713
4045,2019-07-11,ก่อนโควิด,ประชาอุทิศ,ประชาอุทิศ,16:00-19:00,3.0,3382.0,1127.3333333333333
4049,2019-07-12,ก่อนโควิด,สาธุ-จันทน์,สาธุประดิษฐ์,07:00-09:00,2.0,1562.0,781.0
4052,2019-07-12,ก่อนโควิด,สาธุ-จันทน์,จันทน์,07:00-09:00,2.0,3267.0,1633.5
4070,2019-07-19,ก่อนโควิด,ศรีย่าน,สามเสน,07:00-09:00,2.0,1917.0,958.5
4071,2019-07-19,ก่อนโควิด,ศรีย่าน,สามเสน,09:00-16:00,7.0,8536.0,1219.4285714285713
4072,2019-07-19,ก่อนโควิด,ศรีย่าน,สามเสน,16:00-19:00,3.0,3013.0,1004.3333333333334
4073,2019-07-19,ก่อนโควิด,ศรีย่าน,นครไชยศรี,07:00-09:00,2.0,897.0,448.5
4074,2019-07-19,ก่อนโควิด,ศรีย่าน,นครไชยศรี,09:00-16:00,7.0,2899.0,414.14285714285717
4075,2019-07-19,ก่อนโควิด,ศรีย่าน,นครไชยศรี,16:00-19:00,3.0,1303.0,434.3333333333333
4091,2019-07-24,ก่อนโควิด,บรมราชชนนี,จรัญสนิทวงศ์,07:00-09:00,2.0,7066.0,3533.0
4094,2019-07-24,ก่อนโควิด,บรมราชชนนี,บรมราชชนนี,07:00-09:00,2.0,3354.0,1677.0
4095,2019-07-24,ก่อนโควิด,บรมราชชนนี,บรมราชชนนี,09:00-16:00,7.0,16802.0,2400.285714285714
4096,2019-07-24,ก่อนโควิด,บรมราชชนนี,บรมราชชนนี,16:00-19:00,3.0,6856.0,2285.3333333333335
4100,2019-07-25,ก่อนโควิด,เทียมร่วมมิตร,รัชดาภิเษก,07:00-09:00,2.0,13931.0,6965.5
4103,2019-07-25,ก่อนโควิด,เทียมร่วมมิตร,เทียมร่วมมิตร,07:00-09:00,2.0,6199.0,3099.5
4104,2019-07-25,ก่อนโควิด,เทียมร่วมมิตร,เทียมร่วมมิตร,09:00-16:00,7.0,15308.0,2186.8571428571427
4105,2019-07-25,ก่อนโควิด,เทียมร่วมมิตร,เทียมร่วมมิตร,16:00-19:00,3.0,5865.0,1955.0
4112,2019-07-30,ก่อนโควิด,คลองประปา,ประชาชื่น,07:00-09:00,2.0,2533.0,1266.5
4115,2019-07-30,ก่อนโควิด,คลองประปา,เลียบคลองประปา,07:00-09:00,2.0,815.0,407.5
4118,2019-07-30,ก่อนโควิด,คลองประปา,แจ้งวัฒนะ,07:00-09:00,2.0,15640.0,7820.0
4157,2019-08-05,ก่อนโควิด,ท่าดินแดง,ท่าดินแดง,07:00-09:00,2.0,1544.0,772.0
4158,2019-08-05,ก่อนโควิด,ท่าดินแดง,ท่าดินแดง,09:00-16:00,7.0,5756.0,822.2857142857143
4159,2019-08-05,ก่อนโควิด,ท่าดินแดง,ท่าดินแดง,16:00-19:00,3.0,2293.0,764.3333333333334
4160,2019-08-05,ก่อนโควิด,ท่าดินแดง,สมเด็จเจ้าพระยา,07:00-09:00,2.0,2740.0,1370.0
4175,2019-08-07,ก่อนโควิด,เกษตร,พหลโยธิน,07:00-09:00,2.0,6894.0,3447.0
4178,2019-08-07,ก่อนโควิด,เกษตร,งามวงศ์วาน,07:00-09:00,2.0,11408.0,5704.0
4187,2019-08-08,ก่อนโควิด,จันทน์-นราธิวาส,จันทน์,07:00-09:00,2.0,2371.0,1185.5
4188,2019-08-08,ก่อนโควิด,จันทน์-นราธิวาส,จันทน์,09:00-16:00,7.0,8421.0,1203.0
4189,2019-08-08,ก่อนโควิด,จันทน์-นราธิวาส,จันทน์,16:00-19:00,3.0,4022.0,1340.6666666666667
4199,2019-08-13,ก่อนโควิด,ทุ่งสาธิต,สุขุมวิท,07:00-09:00,2.0,5249.0,2624.5
4208,2019-08-14,ก่อนโควิด,สุวินทวงศ์-ราษฎร์อุทิศ,ราษฎร์อุทิศ,07:00-09:00,2.0,2698.0,1349.0
4211,2019-08-14,ก่อนโควิด,สุวินทวงศ์-ราษฎร์อุทิศ,สุวินทวงศ์,07:00-09:00,2.0,7171.0,3585.5
4223,2019-08-15,ก่อนโควิด,ประเสริฐมนูกิจ-ลาดปลาเค้า,ลาดปลาเค้า,07:00-09:00,2.0,4218.0,2109.0
4226,2019-08-15,ก่อนโควิด,ประเสริฐมนูกิจ-ลาดปลาเค้า,ประเสริฐมนูกิจ,07:00-09:00,2.0,16798.0,8399.0
4230,2019-08-19,ก่อนโควิด,สะพานแดง,พระรามที่5,09:00-16:00,7.0,2817.0,402.42857142857144
4233,2019-08-19,ก่อนโควิด,สะพานแดง,เตชะวณิช,09:00-16:00,7.0,7232.0,1033.142857142857
4235,2019-08-19,ก่อนโควิด,สะพานแดง,ทหาร,07:00-09:00,2.0,2003.0,1001.5
4236,2019-08-19,ก่อนโควิด,สะพานแดง,ทหาร,09:00-16:00,7.0,4088.0,584.0
4237,2019-08-19,ก่อนโควิด,สะพานแดง,ทหาร,16:00-19:00,3.0,1777.0,592.3333333333334
4238,2019-08-19,ก่อนโควิด,สะพานแดง,ประดิพัทธ์,07:00-09:00,2.0,999.0,499.5
4239,2019-08-19,ก่อนโควิด,สะพานแดง,ประดิพัทธ์,09:00-16:00,7.0,3699.0,528.4285714285714
4240,2019-08-19,ก่อนโควิด,สะพานแดง,ประดิพัทธ์,16:00-19:00,3.0,2296.0,765.3333333333334
4256,2019-08-22,ก่อนโควิด,มิตรไมตรี-มิตรไมตรี2,มิตรไมตรี,07:00-09:00,2.0,2212.0,1106.0
4257,2019-08-22,ก่อนโควิด,มิตรไมตรี-มิตรไมตรี2,มิตรไมตรี,09:00-16:00,7.0,5690.0,812.8571428571429
4258,2019-08-22,ก่อนโควิด,มิตรไมตรี-มิตรไมตรี2,มิตรไมตรี,16:00-19:00,3.0,1677.0,559.0
4259,2019-08-22,ก่อนโควิด,มิตรไมตรี-มิตรไมตรี2,มิตรไมตรี2,07:00-09:00,2.0,2239.0,1119.5
4260,2019-08-22,ก่อนโควิด,มิตรไมตรี-มิตรไมตรี2,มิตรไมตรี2,09:00-16:00,7.0,5817.0,831.0
4261,2019-08-22,ก่อนโควิด,มิตรไมตรี-มิตรไมตรี2,มิตรไมตรี2,16:00-19:00,3.0,2110.0,703.3333333333334
4265,2019-08-23,ก่อนโควิด,หัวลำโพง,พระรามที่4,07:00-09:00,2.0,13626.0,6813.0
4280,2019-08-27,ก่อนโควิด,ปากทางลาดพร้าว,พหลโยธิน,07:00-09:00,2.0,12658.0,6329.0
4281,2019-08-27,ก่อนโควิด,ปากทางลาดพร้าว,พหลโยธิน,09:00-16:00,7.0,36549.0,5221.285714285715
4282,2019-08-27,ก่อนโควิด,ปากทางลาดพร้าว,พหลโยธิน,16:00-19:00,3.0,13403.0,4467.666666666667
4283,2019-08-27,ก่อนโควิด,ปากทางลาดพร้าว,ลาดพร้าว,07:00-09:00,2.0,3474.0,1737.0
4284,2019-08-27,ก่อนโควิด,ปากทางลาดพร้าว,ลาดพร้าว,09:00-16:00,7.0,13329.0,1904.142857142857
4285,2019-08-27,ก่อนโควิด,ปากทางลาดพร้าว,ลาดพร้าว,16:00-19:00,3.0,5989.0,1996.3333333333333
4298,2019-08-29,ก่อนโควิด,บางกะปิ,พ่วงศิริ,07:00-09:00,2.0,944.0,472.0
4301,2019-08-29,ก่อนโควิด,บางกะปิ,ลาดพร้าว,07:00-09:00,2.0,1770.0,885.0
4304,2019-08-29,ก่อนโควิด,บางกะปิ,เสรีไทย,07:00-09:00,2.0,2573.0,1286.5
4316,2019-09-02,ก่อนโควิด,แปลงนาม,แปลงนาม,07:00-09:00,2.0,349.0,174.5
4317,2019-09-02,ก่อนโควิด,แปลงนาม,แปลงนาม,09:00-16:00,7.0,1607.0,229.57142857142858
4318,2019-09-02,ก่อนโควิด,แปลงนาม,แปลงนาม,16:00-19:00,3.0,785.0,261.6666666666667
4319,2019-09-02,ก่อนโควิด,แปลงนาม,พลับพลาไชย,07:00-09:00,2.0,133.0,66.5
4322,2019-09-02,ก่อนโควิด,แปลงนาม,เจริญกรุง,07:00-09:00,2.0,4394.0,2197.0
4340,2019-09-05,ก่อนโควิด,เพชรเกษม-ราชพฤกษ์,ราชพฤกษ์,07:00-09:00,2.0,16478.0,8239.0
4343,2019-09-05,ก่อนโควิด,เพชรเกษม-ราชพฤกษ์,เพชรเกษม,07:00-09:00,2.0,9695.0,4847.5
4361,2019-09-11,ก่อนโควิด,คอกวัว,ตะนาว,07:00-09:00,2.0,1942.0,971.0
4362,2019-09-11,ก่อนโควิด,คอกวัว,ตะนาว,09:00-16:00,7.0,7629.0,1089.857142857143
4363,2019-09-11,ก่อนโควิด,คอกวัว,ตะนาว,16:00-19:00,3.0,3074.0,1024.6666666666667
4364,2019-09-11,ก่อนโควิด,คอกวัว,ราชดำเนินกลาง,07:00-09:00,2.0,8196.0,4098.0
4365,2019-09-11,ก่อนโควิด,คอกวัว,ราชดำเนินกลาง,09:00-16:00,7.0,29238.0,4176.857142857143
4366,2019-09-11,ก่อนโควิด,คอกวัว,ราชดำเนินกลาง,16:00-19:00,3.0,10157.0,3385.6666666666665
4379,2019-09-13,ก่อนโควิด,จันทน์-เจริญราษฎร์,เจริญราษฎร์,07:00-09:00,2.0,9554.0,4777.0
4382,2019-09-13,ก่อนโควิด,จันทน์-เจริญราษฎร์,จันทน์,07:00-09:00,2.0,3953.0,1976.5
4388,2019-09-16,ก่อนโควิด,พระโขนง,สุขุมวิท,07:00-09:00,2.0,9949.0,4974.5
4389,2019-09-16,ก่อนโควิด,พระโขนง,สุขุมวิท,09:00-16:00,7.0,31535.0,4505.0
4390,2019-09-16,ก่อนโควิด,พระโขนง,สุขุมวิท,16:00-19:00,3.0,11724.0,3908.0
4391,2019-09-16,ก่อนโควิด,สุขุมวิท-พระรามที่4,พระรามที่4,07:00-09:00,2.0,935.0,467.5
4392,2019-09-16,ก่อนโควิด,สุขุมวิท-พระรามที่4,พระรามที่4,09:00-16:00,7.0,5957.0,851.0
4393,2019-09-16,ก่อนโควิด,สุขุมวิท-พระรามที่4,พระรามที่4,16:00-19:00,3.0,3025.0,1008.3333333333334
4394,2019-09-16,ก่อนโควิด,สุขุมวิท-พระรามที่4,สุขุมวิท,07:00-09:00,2.0,8294.0,4147.0
4395,2019-09-16,ก่อนโควิด,สุขุมวิท-พระรามที่4,สุขุมวิท,09:00-16:00,7.0,30324.0,4332.0
4396,2019-09-16,ก่อนโควิด,สุขุมวิท-พระรามที่4,สุขุมวิท,16:00-19:00,3.0,12851.0,4283.666666666667
4403,2019-09-18,ก่อนโควิด,รัชดา-ลาดพร้าว,รัชดาภิเษก,07:00-09:00,2.0,17472.0,8736.0
4404,2019-09-18,ก่อนโควิด,รัชดา-ลาดพร้าว,รัชดาภิเษก,09:00-16:00,7.0,54522.0,7788.857142857143
4405,2019-09-18,ก่อนโควิด,รัชดา-ลาดพร้าว,รัชดาภิเษก,16:00-19:00,3.0,19615.0,6538.333333333333
4409,2019-09-19,ก่อนโควิด,สุโขทัย,พระรามที่5,07:00-09:00,2.0,5305.0,2652.5
4410,2019-09-19,ก่อนโควิด,สุโขทัย,พระรามที่5,09:00-16:00,7.0,10316.0,1473.7142857142858
4411,2019-09-19,ก่อนโควิด,สุโขทัย,พระรามที่5,16:00-19:00,3.0,4358.0,1452.6666666666667
4412,2019-09-19,ก่อนโควิด,สุโขทัย,สุโขทัย,07:00-09:00,2.0,2783.0,1391.5
4413,2019-09-19,ก่อนโควิด,สุโขทัย,สุโขทัย,09:00-16:00,7.0,10181.0,1454.4285714285713
4414,2019-09-19,ก่อนโควิด,สุโขทัย,สุโขทัย,16:00-19:00,3.0,4025.0,1341.6666666666667
4416,2019-09-23,ก่อนโควิด,ประชาอุทิศ-เลียบด่วนกาญจนาภิเษก,ประชาอุทิศ,09:00-16:00,7.0,14862.0,2123.1428571428573
4417,2019-09-23,ก่อนโควิด,ประชาอุทิศ-เลียบด่วนกาญจนาภิเษก,ประชาอุทิศ,16:00-19:00,3.0,6727.0,2242.3333333333335
4418,2019-09-23,ก่อนโควิด,ประชาอุทิศ-เลียบด่วนกาญจนาภิเษก,เลียบด่วนกาญจนาภิเษก,07:00-09:00,2.0,1408.0,704.0
4419,2019-09-23,ก่อนโควิด,ประชาอุทิศ-เลียบด่วนกาญจนาภิเษก,เลียบด่วนกาญจนาภิเษก,09:00-16:00,7.0,4871.0,695.8571428571429
4420,2019-09-23,ก่อนโควิด,ประชาอุทิศ-เลียบด่วนกาญจนาภิเษก,เลียบด่วนกาญจนาภิเษก,16:00-19:00,3.0,2076.0,692.0
4427,2019-09-24,ก่อนโควิด,หมู่บ้านเศรษฐกิจ,เพชรเกษม,07:00-09:00,2.0,11627.0,5813.5
4428,2019-09-24,ก่อนโควิด,หมู่บ้านเศรษฐกิจ,เพชรเกษม,09:00-16:00,7.0,39995.0,5713.571428571428
4429,2019-09-24,ก่อนโควิด,หมู่บ้านเศรษฐกิจ,เพชรเกษม,16:00-19:00,3.0,15259.0,5086.333333333333
4448,2019-09-26,ก่อนโควิด,มไหสวรรย์,รัชดาภิเษก,07:00-09:00,2.0,1762.0,881.0
4451,2019-09-26,ก่อนโควิด,มไหสวรรย์,มไหสวรรย์,07:00-09:00,2.0,1467.0,733.5
4452,2019-09-26,ก่อนโควิด,มไหสวรรย์,มไหสวรรย์,09:00-16:00,7.0,6182.0,883.1428571428571
4453,2019-09-26,ก่อนโควิด,มไหสวรรย์,มไหสวรรย์,16:00-19:00,3.0,2911.0,970.3333333333334
4460,2019-09-30,ก่อนโควิด,อุณากรรณ,อุณากรรณ,07:00-09:00,2.0,1151.0,575.5
4463,2019-09-30,ก่อนโควิด,อุณากรรณ,เจริญกรุง,07:00-09:00,2.0,2131.0,1065.5
4466,2019-10-01,ก่อนโควิด,พระรามที่3-ยานนาวา,พระรามที่3,07:00-09:00,2.0,7862.0,3931.0
4467,2019-10-01,ก่อนโควิด,พระรามที่3-ยานนาวา,พระรามที่3,09:00-16:00,7.0,21429.0,3061.285714285714
4468,2019-10-01,ก่อนโควิด,พระรามที่3-ยานนาวา,พระรามที่3,16:00-19:00,3.0,9384.0,3128.0
4469,2019-10-01,ก่อนโควิด,พระรามที่3-ยานนาวา,ยานนาวา,07:00-09:00,2.0,983.0,491.5
4470,2019-10-01,ก่อนโควิด,พระรามที่3-ยานนาวา,ยานนาวา,09:00-16:00,7.0,2527.0,361.0
4471,2019-10-01,ก่อนโควิด,พระรามที่3-ยานนาวา,ยานนาวา,16:00-19:00,3.0,1073.0,357.6666666666667
4472,2019-10-02,ก่อนโควิด,กำแพงเพชร,พหลโยธิน,07:00-09:00,2.0,11047.0,5523.5
4473,2019-10-02,ก่อนโควิด,กำแพงเพชร,พหลโยธิน,09:00-16:00,7.0,33734.0,4819.142857142857
4474,2019-10-02,ก่อนโควิด,กำแพงเพชร,พหลโยธิน,16:00-19:00,3.0,13023.0,4341.0
4481,2019-10-03,ก่อนโควิด,ด่วนเกษมราษฎร์,เกษมราษฎร์,07:00-09:00,2.0,3497.0,1748.5
4484,2019-10-03,ก่อนโควิด,ด่วนเกษมราษฎร์,ทางขึ้นลงทางด่วน,07:00-09:00,2.0,3867.0,1933.5
4487,2019-10-04,ก่อนโควิด,เตาปูน,ประชาราษฎร์,07:00-09:00,2.0,3124.0,1562.0
4490,2019-10-04,ก่อนโควิด,เตาปูน,ประชาราษฎร์สาย2,07:00-09:00,2.0,2786.0,1393.0
4499,2019-10-07,ก่อนโควิด,นาหลวง,พุทธบูชา,07:00-09:00,2.0,1528.0,764.0
4508,2019-10-09,ก่อนโควิด,วัดสะพานสูง,เตชะวณิช,07:00-09:00,2.0,4356.0,2178.0
4511,2019-10-09,ก่อนโควิด,วัดสะพานสูง,พระรามที่6,07:00-09:00,2.0,1560.0,780.0
4514,2019-10-10,ก่อนโควิด,ทองหล่อ,สุขุมวิท,07:00-09:00,2.0,5007.0,2503.5
4515,2019-10-10,ก่อนโควิด,ทองหล่อ,สุขุมวิท,09:00-16:00,7.0,16850.0,2407.1428571428573
4516,2019-10-10,ก่อนโควิด,ทองหล่อ,สุขุมวิท,16:00-19:00,3.0,7191.0,2397.0
4526,2019-10-11,ก่อนโควิด,เศรษฐศิริ,เศรษฐศิริ,07:00-09:00,2.0,1897.0,948.5
4535,2019-10-15,ก่อนโควิด,เพชรบุรี-ทองหล่อ,เพชรบุรี,07:00-09:00,2.0,8457.0,4228.5
4544,2019-10-16,ก่อนโควิด,สะพานเหลือง,พระรามที่4,07:00-09:00,2.0,8959.0,4479.5
4550,2019-10-16,ก่อนโควิด,สะพานเหลือง,บรรทัดทอง,07:00-09:00,2.0,1706.0,853.0
4553,2019-10-17,ก่อนโควิด,พงษ์เพชร,ประชาชื่น,07:00-09:00,2.0,5083.0,2541.5
4556,2019-10-17,ก่อนโควิด,พงษ์เพชร,งามวงศ์วาน,07:00-09:00,2.0,17562.0,8781.0
4586,2019-10-25,ก่อนโควิด,สามเสน,สวรรคโลก,07:00-09:00,2.0,1685.0,842.5
4589,2019-10-25,ก่อนโควิด,สามเสน,เทอดดำริ,07:00-09:00,2.0,1694.0,847.0
4592,2019-10-25,ก่อนโควิด,สามเสน,นครไชยศรี,07:00-09:00,2.0,1934.0,967.0
4595,2019-10-28,ก่อนโควิด,ประชาธรรม,ประดิษฐ์มนูธรรม,07:00-09:00,2.0,8366.0,4183.0
4598,2019-10-28,ก่อนโควิด,ประชาธรรม,ประชาอุทิศ,07:00-09:00,2.0,2786.0,1393.0
4601,2019-10-29,ก่อนโควิด,ราชวัตร,พระรามที่5,07:00-09:00,2.0,3397.0,1698.5
4604,2019-10-29,ก่อนโควิด,ราชวัตร,นครไชยศรี,07:00-09:00,2.0,1919.0,959.5
4619,2019-10-31,ก่อนโควิด,ลาซาล,สุขุมวิท,07:00-09:00,2.0,7525.0,3762.5
4625,2019-11-01,ก่อนโควิด,บางพลัด,จรัญสนิทวงศ์,07:00-09:00,2.0,6582.0,3291.0
4628,2019-11-01,ก่อนโควิด,บางพลัด,สิรินธร,07:00-09:00,2.0,5689.0,2844.5
4631,2019-11-01,ก่อนโควิด,บางพลัด,ราชวิถี,07:00-09:00,2.0,2535.0,1267.5
4649,2019-11-07,ก่อนโควิด,วัดสน,สุขสวัสดิ์,07:00-09:00,2.0,12732.0,6366.0
4650,2019-11-07,ก่อนโควิด,วัดสน,สุขสวัสดิ์,09:00-16:00,7.0,39300.0,5614.285714285715
4651,2019-11-07,ก่อนโควิด,วัดสน,สุขสวัสดิ์,16:00-19:00,3.0,17029.0,5676.333333333333
4652,2019-11-08,ก่อนโควิด,จักรพรรดิพงษ์,นครสวรรค์,07:00-09:00,2.0,2268.0,1134.0
4653,2019-11-08,ก่อนโควิด,จักรพรรดิพงษ์,นครสวรรค์,09:00-16:00,7.0,8543.0,1220.4285714285713
4654,2019-11-08,ก่อนโควิด,จักรพรรดิพงษ์,นครสวรรค์,16:00-19:00,3.0,2943.0,981.0
4655,2019-11-08,ก่อนโควิด,จักรพรรดิพงษ์,จักรพรรดิพงษ์,07:00-09:00,2.0,6783.0,3391.5
4656,2019-11-08,ก่อนโควิด,จักรพรรดิพงษ์,จักรพรรดิพงษ์,09:00-16:00,7.0,20983.0,2997.5714285714284
4657,2019-11-08,ก่อนโควิด,จักรพรรดิพงษ์,จักรพรรดิพงษ์,16:00-19:00,3.0,7199.0,2399.6666666666665
4673,2019-11-12,ก่อนโควิด,นวมินทร์-ประเสริฐมนูกิจ,ประเสริฐมนูกิจ,07:00-09:00,2.0,5034.0,2517.0
4688,2019-11-15,ก่อนโควิด,เทวกรรม,นครสวรรค์,07:00-09:00,2.0,4346.0,2173.0
4691,2019-11-15,ก่อนโควิด,เทวกรรม,กรุงเกษม,07:00-09:00,2.0,2531.0,1265.5
4694,2019-11-18,ก่อนโควิด,เกษะโกมล,พระรามที่5,07:00-09:00,2.0,5520.0,2760.0
4695,2019-11-18,ก่อนโควิด,เกษะโกมล,พระรามที่5,09:00-16:00,7.0,13861.0,1980.142857142857
4696,2019-11-18,ก่อนโควิด,เกษะโกมล,พระรามที่5,16:00-19:00,3.0,7125.0,2375.0
4697,2019-11-18,ก่อนโควิด,เกษะโกมล,อำนวยสงคราม,07:00-09:00,2.0,930.0,465.0
4698,2019-11-18,ก่อนโควิด,เกษะโกมล,อำนวยสงคราม,09:00-16:00,7.0,2540.0,362.85714285714283
4699,2019-11-18,ก่อนโควิด,เกษะโกมล,อำนวยสงคราม,16:00-19:00,3.0,1024.0,341.3333333333333
4700,2019-11-18,ก่อนโควิด,เกษะโกมล,เศรษฐศิริ,07:00-09:00,2.0,938.0,469.0
4701,2019-11-18,ก่อนโควิด,เกษะโกมล,เศรษฐศิริ,09:00-16:00,7.0,2339.0,334.14285714285717
4702,2019-11-18,ก่อนโควิด,เกษะโกมล,เศรษฐศิริ,16:00-19:00,3.0,953.0,317.6666666666667
4712,2019-11-20,ก่อนโควิด,แบริ่ง,สุขุมวิท,07:00-09:00,2.0,7475.0,3737.5
4727,2019-11-22,ก่อนโควิด,เฉลิมกรุง,ตรีเพชร,07:00-09:00,2.0,3827.0,1913.5
4728,2019-11-22,ก่อนโควิด,เฉลิมกรุง,ตรีเพชร,09:00-16:00,7.0,10710.0,1530.0
4729,2019-11-22,ก่อนโควิด,เฉลิมกรุง,ตรีเพชร,16:00-19:00,3.0,3915.0,1305.0
4733,2019-11-22,ก่อนโควิด,เฉลิมกรุง,เจริญกรุง,07:00-09:00,2.0,2585.0,1292.5
4734,2019-11-22,ก่อนโควิด,เฉลิมกรุง,เจริญกรุง,09:00-16:00,7.0,7704.0,1100.5714285714287
4735,2019-11-22,ก่อนโควิด,เฉลิมกรุง,เจริญกรุง,16:00-19:00,3.0,2917.0,972.3333333333334
4745,2019-11-26,ก่อนโควิด,โรงกรองน้ำ,พระรามที่6,07:00-09:00,2.0,8077.0,4038.5
4748,2019-11-26,ก่อนโควิด,โรงกรองน้ำ,นครไชยศรี,07:00-09:00,2.0,2498.0,1249.0
4754,2019-11-27,ก่อนโควิด,พุทธมณฑลสาย2,พุทธมณฑลสาย2,07:00-09:00,2.0,1568.0,784.0
4755,2019-11-27,ก่อนโควิด,พุทธมณฑลสาย2,พุทธมณฑลสาย2,09:00-16:00,7.0,5925.0,846.4285714285714
4756,2019-11-27,ก่อนโควิด,พุทธมณฑลสาย2,พุทธมณฑลสาย2,16:00-19:00,3.0,2629.0,876.3333333333334
4757,2019-11-27,ก่อนโควิด,พุทธมณฑลสาย2,เพชรเกษม,07:00-09:00,2.0,14295.0,7147.5
4758,2019-11-27,ก่อนโควิด,พุทธมณฑลสาย2,เพชรเกษม,09:00-16:00,7.0,45229.0,6461.285714285715
4759,2019-11-27,ก่อนโควิด,พุทธมณฑลสาย2,เพชรเกษม,16:00-19:00,3.0,18498.0,6166.0
4763,2019-11-28,ก่อนโควิด,วิสุทธิกษัตริย์,ประชาธิปไตย,07:00-09:00,2.0,1942.0,971.0
4766,2019-11-28,ก่อนโควิด,วิสุทธิกษัตริย์,วิสุทธิกษัตริย์,07:00-09:00,2.0,8116.0,4058.0
4769,2019-12-02,ก่อนโควิด,อ.ส.ม.ท.,เพชรอุทัย,07:00-09:00,2.0,2644.0,1322.0
4775,2019-12-02,ก่อนโควิด,อ.ส.ม.ท.,พระราม9,07:00-09:00,2.0,7107.0,3553.5
4778,2019-12-03,ก่อนโควิด,หมอมี,พระรามที่4,07:00-09:00,2.0,1048.0,524.0
4781,2019-12-03,ก่อนโควิด,หมอมี,เจริญกรุง,07:00-09:00,2.0,4841.0,2420.5
4820,2019-12-12,ก่อนโควิด,ดาวคะนอง,สมเด็จพระเจ้าตากสิน,07:00-09:00,2.0,11675.0,5837.5
4821,2019-12-12,ก่อนโควิด,ดาวคะนอง,สมเด็จพระเจ้าตากสิน,09:00-16:00,7.0,37928.0,5418.285714285715
4822,2019-12-12,ก่อนโควิด,ดาวคะนอง,สมเด็จพระเจ้าตากสิน,16:00-19:00,3.0,15599.0,5199.666666666667
4823,2019-12-12,ก่อนโควิด,ดาวคะนอง,จอมทอง,07:00-09:00,2.0,3287.0,1643.5
4824,2019-12-12,ก่อนโควิด,ดาวคะนอง,จอมทอง,09:00-16:00,7.0,9351.0,1335.857142857143
4825,2019-12-12,ก่อนโควิด,ดาวคะนอง,จอมทอง,16:00-19:00,3.0,3618.0,1206.0
4826,2019-12-13,ก่อนโควิด,วัดประชา,พระรามที่5,07:00-09:00,2.0,4792.0,2396.0
4844,2019-12-17,ก่อนโควิด,คลองสาน,เจริญนคร,07:00-09:00,2.0,1902.0,951.0
4845,2019-12-17,ก่อนโควิด,คลองสาน,เจริญนคร,09:00-16:00,7.0,6103.0,871.8571428571429
4846,2019-12-17,ก่อนโควิด,คลองสาน,เจริญนคร,16:00-19:00,3.0,2410.0,803.3333333333334
4847,2019-12-17,ก่อนโควิด,คลองสาน,สมเด็จเจ้าพระยา,07:00-09:00,2.0,1504.0,752.0
4848,2019-12-17,ก่อนโควิด,คลองสาน,สมเด็จเจ้าพระยา,09:00-16:00,7.0,3490.0,498.57142857142856
4849,2019-12-17,ก่อนโควิด,คลองสาน,สมเด็จเจ้าพระยา,16:00-19:00,3.0,1469.0,489.6666666666667
4850,2019-12-17,ก่อนโควิด,คลองสาน,ลาดหญ้า,07:00-09:00,2.0,1612.0,806.0
4851,2019-12-17,ก่อนโควิด,คลองสาน,ลาดหญ้า,09:00-16:00,7.0,4954.0,707.7142857142857
4852,2019-12-17,ก่อนโควิด,คลองสาน,ลาดหญ้า,16:00-19:00,3.0,1324.0,441.3333333333333
4874,2019-12-20,ก่อนโควิด,ประชาสงเคราะห์,ประชาสงเคราะห์,07:00-09:00,2.0,2963.0,1481.5
4877,2019-12-20,ก่อนโควิด,ประชาสงเคราะห์,ดินแดง,07:00-09:00,2.0,5175.0,2587.5
4901,2019-12-24,ก่อนโควิด,ห้วยขวาง,รัชดาภิเษก,07:00-09:00,2.0,12581.0,6290.5
4902,2019-12-24,ก่อนโควิด,ห้วยขวาง,รัชดาภิเษก,09:00-16:00,7.0,46107.0,6586.714285714285
4903,2019-12-24,ก่อนโควิด,ห้วยขวาง,รัชดาภิเษก,16:00-19:00,3.0,19901.0,6633.666666666667
4904,2019-12-24,ก่อนโควิด,ห้วยขวาง,ประชาสงเคราะห์,07:00-09:00,2.0,1719.0,859.5
4905,2019-12-24,ก่อนโควิด,ห้วยขวาง,ประชาสงเคราะห์,09:00-16:00,7.0,3825.0,546.4285714285714
4906,2019-12-24,ก่อนโควิด,ห้วยขวาง,ประชาสงเคราะห์,16:00-19:00,3.0,1730.0,576.6666666666666
4907,2019-12-24,ก่อนโควิด,ห้วยขวาง,ประชาราษฎร์บำเพ็ญ,07:00-09:00,2.0,2076.0,1038.0
4908,2019-12-24,ก่อนโควิด,ห้วยขวาง,ประชาราษฎร์บำเพ็ญ,09:00-16:00,7.0,6206.0,886.5714285714286
4909,2019-12-24,ก่อนโควิด,ห้วยขวาง,ประชาราษฎร์บำเพ็ญ,16:00-19:00,3.0,2018.0,672.6666666666666
4913,2019-12-25,ก่อนโควิด,อุดมสุข,สุขุมวิท,07:00-09:00,2.0,6368.0,3184.0
4919,2020-01-02,โควิด,ไฟฉาย,จรัญสนิทวงศ์,07:00-09:00,2.0,4076.0,2038.0
4921,2020-01-02,โควิด,ไฟฉาย,พรานนก,07:00-09:00,2.0,1997.0,998.5
4922,2020-01-02,โควิด,ไฟฉาย,จรัญสนิทวงศ์,16:00-19:00,3.0,8602.0,2867.3333333333335
4924,2020-01-02,โควิด,ไฟฉาย,พรานนก,16:00-19:00,3.0,3990.0,1330.0
4925,2020-01-02,โควิด,ไฟฉาย,จรัญสนิทวงศ์,09:00-16:00,7.0,13817.0,1973.857142857143
4927,2020-01-02,โควิด,ไฟฉาย,พรานนก,09:00-16:00,7.0,8384.0,1197.7142857142858
4928,2020-01-03,โควิด,อังรีดูนังต์,สุรวงศ์,07:00-09:00,2.0,1727.0,863.5
4929,2020-01-03,โควิด,อังรีดูนังต์,อังรีดูนังต์,07:00-09:00,2.0,2592.0,1296.0
4930,2020-01-03,โควิด,อังรีดูนังต์,พระรามที่4,07:00-09:00,2.0,5107.0,2553.5
4931,2020-01-03,โควิด,อังรีดูนังต์,สุรวงศ์,16:00-19:00,3.0,1840.0,613.3333333333334
4932,2020-01-03,โควิด,อังรีดูนังต์,อังรีดูนังต์,16:00-19:00,3.0,3676.0,1225.3333333333333
4933,2020-01-03,โควิด,อังรีดูนังต์,พระรามที่4,16:00-19:00,3.0,7963.0,2654.3333333333335
4934,2020-01-03,โควิด,อังรีดูนังต์,สุรวงศ์,09:00-16:00,7.0,5387.0,769.5714285714286
4935,2020-01-03,โควิด,อังรีดูนังต์,อังรีดูนังต์,09:00-16:00,7.0,9310.0,1330.0
4936,2020-01-03,โควิด,อังรีดูนังต์,พระรามที่4,09:00-16:00,7.0,19803.0,2829.0
4937,2020-01-06,โควิด,พระรามที่2,สุขสวัสดิ์,07:00-09:00,2.0,12304.0,6152.0
4938,2020-01-06,โควิด,พระรามที่2,พระรามที่2,07:00-09:00,2.0,9279.0,4639.5
4943,2020-01-07,โควิด,ด่วนสุขุมวิท62,สุขุมวิท,07:00-09:00,2.0,9332.0,4666.0
4949,2020-01-08,โควิด,บางรัก,เจริญกรุง,07:00-09:00,2.0,3228.0,1614.0
4951,2020-01-08,โควิด,บางรัก,สีลม,07:00-09:00,2.0,1636.0,818.0
4952,2020-01-08,โควิด,บางรัก,เจริญกรุง,16:00-19:00,3.0,4193.0,1397.6666666666667
4954,2020-01-08,โควิด,บางรัก,สีลม,16:00-19:00,3.0,2041.0,680.3333333333334
4955,2020-01-08,โควิด,บางรัก,เจริญกรุง,09:00-16:00,7.0,10788.0,1541.142857142857
4957,2020-01-08,โควิด,บางรัก,สีลม,09:00-16:00,7.0,5608.0,801.1428571428571
4965,2020-01-10,โควิด,บางกระบือ,สามเสน,07:00-09:00,2.0,2918.0,1459.0
4966,2020-01-10,โควิด,บางกระบือ,เขียวไข่กา,07:00-09:00,2.0,556.0,278.0
4967,2020-01-10,โควิด,บางกระบือ,อำนวยสงคราม,07:00-09:00,2.0,673.0,336.5
4968,2020-01-10,โควิด,บางกระบือ,สามเสน,16:00-19:00,3.0,4091.0,1363.6666666666667
4969,2020-01-10,โควิด,บางกระบือ,เขียวไข่กา,16:00-19:00,3.0,327.0,109.0
4970,2020-01-10,โควิด,บางกระบือ,อำนวยสงคราม,16:00-19:00,3.0,725.0,241.66666666666666
4973,2020-01-10,โควิด,บางกระบือ,สามเสน,09:00-16:00,7.0,9202.0,1314.5714285714287
4974,2020-01-10,โควิด,บางกระบือ,เขียวไข่กา,09:00-16:00,7.0,441.0,63.0
5057,2020-01-27,โควิด,มิตรไมตรี-มิตรไมตรี1,มิตรไมตรี,09:00-16:00,7.0,1208.0,172.57142857142858
5058,2020-01-27,โควิด,มิตรไมตรี-มิตรไมตรี1,มิตรไมตรี1,09:00-16:00,7.0,5134.0,733.4285714285714
5065,2020-01-28,โควิด,มิตรไมตรี-มิตรไมตรี2,มิตรไมตรี,09:00-16:00,7.0,5065.0,723.5714285714286
5066,2020-01-28,โควิด,มิตรไมตรี-มิตรไมตรี2,มิตรไมตรี2,09:00-16:00,7.0,5119.0,731.2857142857143
5071,2020-01-29,โควิด,นางลิ้นจี่,นางลิ้นจี่,09:00-16:00,7.0,2182.0,311.7142857142857
5072,2020-01-29,โควิด,นางลิ้นจี่,พระรามที่3,09:00-16:00,7.0,29822.0,4260.285714285715
5124,2020-02-04,โควิด,มิตรไมตรี-มิตรไมตรี2,มิตรไมตรี,07:00-09:00,2.0,1893.0,946.5
5125,2020-02-04,โควิด,มิตรไมตรี-มิตรไมตรี2,มิตรไมตรี2,07:00-09:00,2.0,2048.0,1024.0
5126,2020-02-04,โควิด,มิตรไมตรี-มิตรไมตรี2,มิตรไมตรี,16:00-19:00,3.0,1369.0,456.3333333333333
5127,2020-02-04,โควิด,มิตรไมตรี-มิตรไมตรี2,มิตรไมตรี2,16:00-19:00,3.0,1868.0,622.6666666666666
5128,2020-02-04,โควิด,มิตรไมตรี-มิตรไมตรี2,มิตรไมตรี,09:00-16:00,7.0,4464.0,637.7142857142857
5129,2020-02-04,โควิด,มิตรไมตรี-มิตรไมตรี2,มิตรไมตรี2,09:00-16:00,7.0,4593.0,656.1428571428571
5175,2020-02-12,โควิด,มิตรไมตรี-มิตรไมตรี2,มิตรไมตรี,07:00-09:00,2.0,2765.0,1382.5
5176,2020-02-12,โควิด,มิตรไมตรี-มิตรไมตรี2,มิตรไมตรี2,07:00-09:00,2.0,2247.0,1123.5
5177,2020-02-12,โควิด,มิตรไมตรี-มิตรไมตรี2,มิตรไมตรี,16:00-19:00,3.0,1465.0,488.3333333333333
5178,2020-02-12,โควิด,มิตรไมตรี-มิตรไมตรี2,มิตรไมตรี2,16:00-19:00,3.0,2098.0,699.3333333333334
5179,2020-02-12,โควิด,มิตรไมตรี-มิตรไมตรี2,มิตรไมตรี,09:00-16:00,7.0,4992.0,713.1428571428571
5180,2020-02-12,โควิด,มิตรไมตรี-มิตรไมตรี2,มิตรไมตรี2,09:00-16:00,7.0,5190.0,741.4285714285714
5182,2020-02-13,โควิด,เจ้าคุณทหาร-ฉลองกรุง,ฉลองกรุง,07:00-09:00,2.0,8872.0,4436.0
5183,2020-02-13,โควิด,เจ้าคุณทหาร-ฉลองกรุง,เจ้าคุณทหาร,07:00-09:00,2.0,2742.0,1371.0
5185,2020-02-13,โควิด,เจ้าคุณทหาร-ฉลองกรุง,ฉลองกรุง,16:00-19:00,3.0,10494.0,3498.0
5186,2020-02-13,โควิด,เจ้าคุณทหาร-ฉลองกรุง,เจ้าคุณทหาร,16:00-19:00,3.0,4406.0,1468.6666666666667
5188,2020-02-13,โควิด,เจ้าคุณทหาร-ฉลองกรุง,ฉลองกรุง,09:00-16:00,7.0,23367.0,3338.1428571428573
5189,2020-02-13,โควิด,เจ้าคุณทหาร-ฉลองกรุง,เจ้าคุณทหาร,09:00-16:00,7.0,9234.0,1319.142857142857
5202,2020-02-18,โควิด,ศาลาแดง,สีลม,07:00-09:00,2.0,1596.0,798.0
5203,2020-02-18,โควิด,ศาลาแดง,ราชดำริ,07:00-09:00,2.0,2962.0,1481.0
5204,2020-02-18,โควิด,ศาลาแดง,พระรามที่4,07:00-09:00,2.0,16037.0,8018.5
5205,2020-02-18,โควิด,ศาลาแดง,สีลม,16:00-19:00,3.0,2594.0,864.6666666666666
5206,2020-02-18,โควิด,ศาลาแดง,ราชดำริ,16:00-19:00,3.0,4186.0,1395.3333333333333
5207,2020-02-18,โควิด,ศาลาแดง,พระรามที่4,16:00-19:00,3.0,19900.0,6633.333333333333
5208,2020-02-18,โควิด,ศาลาแดง,สีลม,09:00-16:00,7.0,5792.0,827.4285714285714
5209,2020-02-18,โควิด,ศาลาแดง,ราชดำริ,09:00-16:00,7.0,11697.0,1671.0
5210,2020-02-18,โควิด,ศาลาแดง,พระรามที่4,09:00-16:00,7.0,52052.0,7436.0
5211,2020-02-19,โควิด,จอมทอง,วุฒากาศ,07:00-09:00,2.0,1304.0,652.0
5212,2020-02-19,โควิด,จอมทอง,จอมทอง,07:00-09:00,2.0,3329.0,1664.5
5213,2020-02-19,โควิด,จอมทอง,วุฒากาศ,16:00-19:00,3.0,1590.0,530.0
5214,2020-02-19,โควิด,จอมทอง,จอมทอง,16:00-19:00,3.0,4409.0,1469.6666666666667
5215,2020-02-19,โควิด,จอมทอง,วุฒากาศ,09:00-16:00,7.0,3769.0,538.4285714285714
5216,2020-02-19,โควิด,จอมทอง,จอมทอง,09:00-16:00,7.0,9952.0,1421.7142857142858
5217,2020-02-20,โควิด,ด่วนนางลิ้นจี่,นางลิ้นจี่,07:00-09:00,2.0,2987.0,1493.5
5218,2020-02-20,โควิด,ด่วนนางลิ้นจี่,รัชดาภิเษก,07:00-09:00,2.0,3549.0,1774.5
5226,2020-02-21,โควิด,เกียกกาย,สามเสน,07:00-09:00,2.0,1682.0,841.0
5227,2020-02-21,โควิด,เกียกกาย,ประชาราษฎร์สาย1,07:00-09:00,2.0,4171.0,2085.5
5228,2020-02-21,โควิด,เกียกกาย,ทหาร,07:00-09:00,2.0,1706.0,853.0
5247,2020-02-25,โควิด,ราชวิถี,พระรามที่5,07:00-09:00,2.0,3569.0,1784.5
5248,2020-02-25,โควิด,ราชวิถี,ราชวิถี,07:00-09:00,2.0,2463.0,1231.5
5249,2020-02-25,โควิด,ราชวิถี,พระรามที่5,16:00-19:00,3.0,3650.0,1216.6666666666667
5250,2020-02-25,โควิด,ราชวิถี,ราชวิถี,16:00-19:00,3.0,2461.0,820.3333333333334
5251,2020-02-25,โควิด,ราชวิถี,พระรามที่5,09:00-16:00,7.0,9271.0,1324.4285714285713
5252,2020-02-25,โควิด,ราชวิถี,ราชวิถี,09:00-16:00,7.0,8600.0,1228.5714285714287
5254,2020-02-27,โควิด,บางบอน5,บางบอน5,07:00-09:00,2.0,3192.0,1596.0
5255,2020-02-27,โควิด,บางบอน5,เอกชัย,07:00-09:00,2.0,6456.0,3228.0
5257,2020-02-27,โควิด,บางบอน5,บางบอน5,16:00-19:00,3.0,3718.0,1239.3333333333333
5258,2020-02-27,โควิด,บางบอน5,เอกชัย,16:00-19:00,3.0,11185.0,3728.3333333333335
5260,2020-02-27,โควิด,บางบอน5,บางบอน5,09:00-16:00,7.0,8957.0,1279.5714285714287
5261,2020-02-27,โควิด,บางบอน5,เอกชัย,09:00-16:00,7.0,23158.0,3308.285714285714
5281,2020-03-27,โควิด,บ้านแขก,ประชาธิปก,09:00-16:00,7.0,20072.0,2867.4285714285716
5282,2020-03-27,โควิด,บ้านแขก,อิสรภาพ,09:00-16:00,7.0,5686.0,812.2857142857143
5329,2020-05-12,โควิด,เสือป่า,ราชวงศ์,07:00-09:00,2.0,568.0,284.0
5330,2020-05-12,โควิด,เสือป่า,เสือป่า,07:00-09:00,2.0,456.0,228.0
5331,2020-05-12,โควิด,เสือป่า,เจริญกรุง,07:00-09:00,2.0,3490.0,1745.0
5332,2020-05-12,โควิด,เอสเอบี,เจริญกรุง,07:00-09:00,2.0,5261.0,2630.5
5334,2020-05-12,โควิด,เสือป่า,เสือป่า,16:00-19:00,3.0,1323.0,441.0
5339,2020-05-12,โควิด,เสือป่า,เสือป่า,09:00-16:00,7.0,2511.0,358.7142857142857
5343,2020-05-13,โควิด,อุภัยเจษฎุทิศ,สวรรคโลก,07:00-09:00,2.0,3018.0,1509.0
5344,2020-05-13,โควิด,อุภัยเจษฎุทิศ,ราชวิถี,07:00-09:00,2.0,3661.0,1830.5
5345,2020-05-13,โควิด,อุภัยเจษฎุทิศ,สวรรคโลก,16:00-19:00,3.0,2967.0,989.0
5346,2020-05-13,โควิด,อุภัยเจษฎุทิศ,ราชวิถี,16:00-19:00,3.0,4755.0,1585.0
5347,2020-05-13,โควิด,อุภัยเจษฎุทิศ,สวรรคโลก,09:00-16:00,7.0,7647.0,1092.4285714285713
5348,2020-05-13,โควิด,อุภัยเจษฎุทิศ,ราชวิถี,09:00-16:00,7.0,12277.0,1753.857142857143
5365,2020-05-15,โควิด,มัฆวาน,กรุงเกษม,07:00-09:00,2.0,1264.0,632.0
5366,2020-05-15,โควิด,มัฆวาน,กรุงเกษม,16:00-19:00,3.0,2172.0,724.0
5369,2020-05-15,โควิด,มัฆวาน,กรุงเกษม,09:00-16:00,7.0,5452.0,778.8571428571429
5377,2020-05-19,โควิด,สาธุประดิษฐ์,พระรามที่3,07:00-09:00,2.0,9444.0,4722.0
5378,2020-05-19,โควิด,สาธุประดิษฐ์,พระรามที่3,16:00-19:00,3.0,10929.0,3643.0
5380,2020-05-19,โควิด,สาธุประดิษฐ์,สาธุประดิษฐ์,09:00-16:00,7.0,4461.0,637.2857142857143
5381,2020-05-19,โควิด,สาธุประดิษฐ์,พระรามที่3,09:00-16:00,7.0,27928.0,3989.714285714286
5383,2020-05-20,โควิด,นิด้า,เสรีไทย,07:00-09:00,2.0,5725.0,2862.5
5402,2020-05-25,โควิด,หทัยราษฎร์-เลียบคลองสอง,เลียบคลองสอง,07:00-09:00,2.0,2238.0,1119.0
5404,2020-05-25,โควิด,หทัยราษฎร์-เลียบคลองสอง,เลียบคลองสอง,16:00-19:00,3.0,3253.0,1084.3333333333333
5407,2020-05-25,โควิด,หทัยราษฎร์-เลียบคลองสอง,หทัยราษฎร์,09:00-16:00,7.0,17913.0,2559.0
5408,2020-05-25,โควิด,หทัยราษฎร์-เลียบคลองสอง,เลียบคลองสอง,09:00-16:00,7.0,7785.0,1112.142857142857
5425,2020-05-28,โควิด,วัดเทพลีลา,รามคำแหง,07:00-09:00,2.0,4634.0,2317.0
5427,2020-05-28,โควิด,วัดเทพลีลา,รามคำแหง,16:00-19:00,3.0,6891.0,2297.0
5429,2020-05-28,โควิด,วัดเทพลีลา,รามคำแหง,09:00-16:00,7.0,17909.0,2558.4285714285716
5431,2020-05-29,โควิด,กล้วยน้ำไท,พระรามที่4,07:00-09:00,2.0,6651.0,3325.5
5433,2020-05-29,โควิด,กล้วยน้ำไท,พระรามที่4,16:00-19:00,3.0,10331.0,3443.6666666666665
5435,2020-05-29,โควิด,กล้วยน้ำไท,พระรามที่4,09:00-16:00,7.0,20658.0,2951.1428571428573
5436,2020-07-01,โควิด,รามคำแหง,รามคำแหง,07:00-09:00,2.0,8761.0,4380.5
5437,2020-07-01,โควิด,รามคำแหง,พระราม9,07:00-09:00,2.0,11902.0,5951.0
5438,2020-07-01,โควิด,รามคำแหง,รามคำแหง,16:00-19:00,3.0,8352.0,2784.0
5439,2020-07-01,โควิด,รามคำแหง,พระราม9,16:00-19:00,3.0,19362.0,6454.0
5440,2020-07-01,โควิด,รามคำแหง,รามคำแหง,09:00-16:00,7.0,20057.0,2865.285714285714
5441,2020-07-01,โควิด,รามคำแหง,พระราม9,09:00-16:00,7.0,44806.0,6400.857142857143
5454,2020-07-08,โควิด,สุขาภิบาล5-จตุโชติ,สุขาภิบาล5,07:00-09:00,2.0,5308.0,2654.0
5456,2020-07-08,โควิด,สุขาภิบาล5-จตุโชติ,สุขาภิบาล5,16:00-19:00,3.0,6993.0,2331.0
5458,2020-07-08,โควิด,สุขาภิบาล5-จตุโชติ,สุขาภิบาล5,09:00-16:00,7.0,19522.0,2788.8571428571427
5460,2020-07-09,โควิด,สะพานควาย,พหลโยธิน,07:00-09:00,2.0,7314.0,3657.0
5461,2020-07-09,โควิด,สะพานควาย,ประดิพัทธ์,07:00-09:00,2.0,2086.0,1043.0
5462,2020-07-09,โควิด,สะพานควาย,สุทธิสาร,07:00-09:00,2.0,1460.0,730.0
5520,2020-07-20,โควิด,ประดิพัทธ์,พระรามที่6,07:00-09:00,2.0,4808.0,2404.0
5526,2020-07-21,โควิด,คลองตัน,สุขุมวิท71,07:00-09:00,2.0,2331.0,1165.5
5527,2020-07-21,โควิด,คลองตัน,รามคำแหง,07:00-09:00,2.0,3155.0,1577.5
5528,2020-07-21,โควิด,คลองตัน,เพชรบุรี,07:00-09:00,2.0,3549.0,1774.5
5529,2020-07-21,โควิด,คลองตัน,พัฒนาการ,07:00-09:00,2.0,8244.0,4122.0
5533,2020-07-21,โควิด,คลองตัน,พัฒนาการ,16:00-19:00,3.0,5757.0,1919.0
5535,2020-07-21,โควิด,คลองตัน,รามคำแหง,09:00-16:00,7.0,7570.0,1081.4285714285713
5536,2020-07-21,โควิด,คลองตัน,เพชรบุรี,09:00-16:00,7.0,12684.0,1812.0
5537,2020-07-21,โควิด,คลองตัน,พัฒนาการ,09:00-16:00,7.0,13323.0,1903.2857142857142
5556,2020-07-29,โควิด,ศรีอยุธยา,พระรามที่6,07:00-09:00,2.0,6706.0,3353.0
5557,2020-07-29,โควิด,ศรีอยุธยา,ศรีอยุธยา,07:00-09:00,2.0,6792.0,3396.0
5564,2020-07-30,โควิด,นางเลิ้ง,พิษณุโลก,07:00-09:00,2.0,5070.0,2535.0
5565,2020-07-30,โควิด,นางเลิ้ง,พิษณุโลก,16:00-19:00,3.0,4841.0,1613.6666666666667
5568,2020-07-30,โควิด,นางเลิ้ง,นครสวรรค์,09:00-16:00,7.0,16295.0,2327.8571428571427
5570,2020-07-30,โควิด,นางเลิ้ง,พิษณุโลก,09:00-16:00,7.0,12785.0,1826.4285714285713
5573,2020-07-31,โควิด,ราชประสงค์,เพลินจิต,07:00-09:00,2.0,5559.0,2779.5
5574,2020-07-31,โควิด,ราชประสงค์,เพลินจิต,16:00-19:00,3.0,7228.0,2409.3333333333335
5577,2020-07-31,โควิด,ราชประสงค์,ราชดำริ,09:00-16:00,7.0,13081.0,1868.7142857142858
5578,2020-07-31,โควิด,ราชประสงค์,พระรามที่1,09:00-16:00,7.0,3033.0,433.2857142857143
5579,2020-07-31,โควิด,ราชประสงค์,เพลินจิต,09:00-16:00,7.0,18976.0,2710.8571428571427
5604,2020-08-03,โควิด,เจริญผล,บรรทัดทอง,07:00-09:00,2.0,2442.0,1221.0
5605,2020-08-03,โควิด,เจริญผล,พระรามที่1,07:00-09:00,2.0,3319.0,1659.5
5631,2020-08-07,โควิด,รัชโยธิน,พหลโยธิน,07:00-09:00,2.0,9650.0,4825.0
5633,2020-08-07,โควิด,รัชโยธิน,พหลโยธิน,16:00-19:00,3.0,12677.0,4225.666666666667
5635,2020-08-07,โควิด,รัชโยธิน,พหลโยธิน,09:00-16:00,7.0,31808.0,4544.0
5652,2020-08-10,โควิด,ประชาชื่น,ประชาชื่น,07:00-09:00,2.0,2539.0,1269.5
5660,2020-08-10,โควิด,เพชรเกษม69,เพชรเกษม,07:00-09:00,2.0,9540.0,4770.0
5663,2020-08-10,โควิด,เพชรเกษม69,เพชรเกษม,16:00-19:00,3.0,13400.0,4466.666666666667
5666,2020-08-10,โควิด,เพชรเกษม69,เพชรเกษม,09:00-16:00,7.0,32037.0,4576.714285714285
5681,2020-08-11,โควิด,นานา,สุขุมวิท,09:00-16:00,7.0,18206.0,2600.8571428571427
5682,2020-08-13,โควิด,บางลำพู,สามเสน,07:00-09:00,2.0,1597.0,798.5
5684,2020-08-13,โควิด,บางลำพู,สามเสน,16:00-19:00,3.0,2990.0,996.6666666666666
5686,2020-08-13,โควิด,บางลำพู,สามเสน,09:00-16:00,7.0,7095.0,1013.5714285714286
5688,2020-08-14,โควิด,สะพานขาว,กรุงเกษม,07:00-09:00,2.0,2214.0,1107.0
5689,2020-08-14,โควิด,สะพานขาว,หลานหลวง,07:00-09:00,2.0,4735.0,2367.5
5691,2020-08-14,โควิด,สะพานขาว,กรุงเกษม,16:00-19:00,3.0,4623.0,1541.0
5692,2020-08-14,โควิด,สะพานขาว,หลานหลวง,16:00-19:00,3.0,6614.0,2204.6666666666665
5694,2020-08-14,โควิด,สะพานขาว,กรุงเกษม,09:00-16:00,7.0,10486.0,1498.0
5695,2020-08-14,โควิด,สะพานขาว,หลานหลวง,09:00-16:00,7.0,15216.0,2173.714285714286
5704,2020-08-16,โควิด,ผังเมือง,วัฒนธรรม,07:00-09:00,2.0,1564.0,782.0
5705,2020-08-16,โควิด,ผังเมือง,พระราม9,07:00-09:00,2.0,6164.0,3082.0
5707,2020-08-16,โควิด,ผังเมือง,วัฒนธรรม,16:00-19:00,3.0,2391.0,797.0
5708,2020-08-16,โควิด,ผังเมือง,พระราม9,16:00-19:00,3.0,9324.0,3108.0
5710,2020-08-16,โควิด,ผังเมือง,วัฒนธรรม,09:00-16:00,7.0,5819.0,831.2857142857143
5711,2020-08-16,โควิด,ผังเมือง,พระราม9,09:00-16:00,7.0,20322.0,2903.1428571428573
5733,2020-08-18,โควิด,ราษฎร์บูรณะ,ราษฎร์พัฒนา,07:00-09:00,2.0,2832.0,1416.0
5734,2020-08-18,โควิด,ราษฎร์บูรณะ,ราษฎร์บูรณะ,07:00-09:00,2.0,5707.0,2853.5
5736,2020-08-18,โควิด,ราษฎร์บูรณะ,ราษฎร์บูรณะ,16:00-19:00,3.0,6220.0,2073.3333333333335
5738,2020-08-18,โควิด,ราษฎร์บูรณะ,ราษฎร์บูรณะ,09:00-16:00,7.0,16049.0,2292.714285714286
5741,2020-08-19,โควิด,สาทร-สุรศักดิ์,เจริญราษฎร์,07:00-09:00,2.0,2901.0,1450.5
5742,2020-08-19,โควิด,สาทร-สุรศักดิ์,เจริญราษฎร์,16:00-19:00,3.0,4477.0,1492.3333333333333
5745,2020-08-19,โควิด,สาทร-สุรศักดิ์,เจริญราษฎร์,09:00-16:00,7.0,9532.0,1361.7142857142858
5746,2020-08-19,โควิด,สาทร-สุรศักดิ์,สุรศักดิ์,09:00-16:00,7.0,11936.0,1705.142857142857
5747,2020-08-19,โควิด,สาทร-สุรศักดิ์,สาทร,09:00-16:00,7.0,31666.0,4523.714285714285
5748,2020-08-20,โควิด,ประชาอุทิศ,เทียมร่วมมิตร,07:00-09:00,2.0,3346.0,1673.0
5749,2020-08-20,โควิด,ประชาอุทิศ,ประชาอุทิศ,07:00-09:00,2.0,3830.0,1915.0
5750,2020-08-20,โควิด,ประชาอุทิศ,เทียมร่วมมิตร,16:00-19:00,3.0,5329.0,1776.3333333333333
5751,2020-08-20,โควิด,ประชาอุทิศ,ประชาอุทิศ,16:00-19:00,3.0,4362.0,1454.0
5752,2020-08-20,โควิด,ประชาอุทิศ,เทียมร่วมมิตร,09:00-16:00,7.0,10600.0,1514.2857142857142
5753,2020-08-20,โควิด,ประชาอุทิศ,ประชาอุทิศ,09:00-16:00,7.0,10772.0,1538.857142857143
5754,2020-08-21,โควิด,ประตูน้ำ,ราชดำริ,07:00-09:00,2.0,3359.0,1679.5
5755,2020-08-21,โควิด,ประตูน้ำ,ราชปรารภ,07:00-09:00,2.0,1874.0,937.0
5756,2020-08-21,โควิด,ประตูน้ำ,เพชรบุรี,07:00-09:00,2.0,7938.0,3969.0
5757,2020-08-21,โควิด,ประตูน้ำ,ราชดำริ,16:00-19:00,3.0,5469.0,1823.0
5758,2020-08-21,โควิด,ประตูน้ำ,ราชปรารภ,16:00-19:00,3.0,208.0,69.33333333333333
5759,2020-08-21,โควิด,ประตูน้ำ,เพชรบุรี,16:00-19:00,3.0,10561.0,3520.3333333333335
5760,2020-08-21,โควิด,ประตูน้ำ,ราชดำริ,09:00-16:00,7.0,11473.0,1639.0
5761,2020-08-21,โควิด,ประตูน้ำ,ราชปรารภ,09:00-16:00,7.0,1077.0,153.85714285714286
5762,2020-08-21,โควิด,ประตูน้ำ,เพชรบุรี,09:00-16:00,7.0,23383.0,3340.4285714285716
5775,2020-08-23,โควิด,จักรพรรดิพงษ์,นครสวรรค์,07:00-09:00,2.0,2831.0,1415.5
5776,2020-08-23,โควิด,จักรพรรดิพงษ์,จักรพรรดิพงษ์,07:00-09:00,2.0,6083.0,3041.5
5777,2020-08-23,โควิด,จักรพรรดิพงษ์,นครสวรรค์,16:00-19:00,3.0,5036.0,1678.6666666666667
5778,2020-08-23,โควิด,จักรพรรดิพงษ์,จักรพรรดิพงษ์,16:00-19:00,3.0,9565.0,3188.3333333333335
5779,2020-08-23,โควิด,จักรพรรดิพงษ์,นครสวรรค์,09:00-16:00,7.0,8912.0,1273.142857142857
5780,2020-08-23,โควิด,จักรพรรดิพงษ์,จักรพรรดิพงษ์,09:00-16:00,7.0,20827.0,2975.285714285714
5781,2020-08-24,โควิด,คอกวัว,ตะนาว,07:00-09:00,2.0,1488.0,744.0
5782,2020-08-24,โควิด,คอกวัว,ราชดำเนินกลาง,07:00-09:00,2.0,7557.0,3778.5
5783,2020-08-24,โควิด,คอกวัว,ตะนาว,16:00-19:00,3.0,3739.0,1246.3333333333333
5784,2020-08-24,โควิด,คอกวัว,ราชดำเนินกลาง,16:00-19:00,3.0,13038.0,4346.0
5785,2020-08-24,โควิด,คอกวัว,ตะนาว,09:00-16:00,7.0,5980.0,854.2857142857143
5786,2020-08-24,โควิด,คอกวัว,ราชดำเนินกลาง,09:00-16:00,7.0,30001.0,4285.857142857143
5793,2020-08-25,โควิด,เทเวศร์,กรุงเกษม,07:00-09:00,2.0,879.0,439.5
5794,2020-08-25,โควิด,เทเวศร์,สามเสน,07:00-09:00,2.0,3116.0,1558.0
5795,2020-08-25,โควิด,เทเวศร์,กรุงเกษม,16:00-19:00,3.0,1244.0,414.6666666666667
5796,2020-08-25,โควิด,เทเวศร์,สามเสน,16:00-19:00,3.0,2953.0,984.3333333333334
5797,2020-08-25,โควิด,เทเวศร์,กรุงเกษม,09:00-16:00,7.0,3138.0,448.2857142857143
5798,2020-08-25,โควิด,เทเวศร์,สามเสน,09:00-16:00,7.0,7820.0,1117.142857142857
5801,2020-08-25,โควิด,ป้อมมหากาฬ,มหาไชย,07:00-09:00,2.0,2118.0,1059.0
5802,2020-08-25,โควิด,ป้อมมหากาฬ,มหาไชย,16:00-19:00,3.0,3381.0,1127.0
5805,2020-08-25,โควิด,ป้อมมหากาฬ,มหาไชย,09:00-16:00,7.0,7367.0,1052.4285714285713
5806,2020-08-25,โควิด,ป้อมมหากาฬ,พระสุเมรุ,09:00-16:00,7.0,2868.0,409.7142857142857
5807,2020-08-25,โควิด,ป้อมมหากาฬ,ราชดำเนินกลาง,09:00-16:00,7.0,24411.0,3487.285714285714
5808,2020-08-26,โควิด,วัดดวงแข,จารุเมือง,07:00-09:00,2.0,1307.0,653.5
5809,2020-08-26,โควิด,วัดดวงแข,เจริญเมือง,07:00-09:00,2.0,2884.0,1442.0
5810,2020-08-26,โควิด,วัดดวงแข,จารุเมือง,16:00-19:00,3.0,2167.0,722.3333333333334
5811,2020-08-26,โควิด,วัดดวงแข,เจริญเมือง,16:00-19:00,3.0,3627.0,1209.0
5812,2020-08-26,โควิด,วัดดวงแข,จารุเมือง,09:00-16:00,7.0,4945.0,706.4285714285714
5813,2020-08-26,โควิด,วัดดวงแข,เจริญเมือง,09:00-16:00,7.0,7874.0,1124.857142857143
5831,2020-08-28,โควิด,บางขุนนนท์,จรัญสนิทวงศ์,07:00-09:00,2.0,7540.0,3770.0
5856,2020-08-31,โควิด,บางแค,บางแค,07:00-09:00,2.0,510.0,255.0
5857,2020-08-31,โควิด,บางแค,เพชรเกษม,07:00-09:00,2.0,10184.0,5092.0
5858,2020-08-31,โควิด,บางแค,บางแค,16:00-19:00,3.0,1618.0,539.3333333333334
5859,2020-08-31,โควิด,บางแค,เพชรเกษม,16:00-19:00,3.0,12439.0,4146.333333333333
5860,2020-08-31,โควิด,บางแค,บางแค,09:00-16:00,7.0,3379.0,482.7142857142857
5861,2020-08-31,โควิด,บางแค,เพชรเกษม,09:00-16:00,7.0,29410.0,4201.428571428572
5862,2020-10-07,โควิด,ทุ่งสาธิต,สุขุมวิท,07:00-09:00,2.0,5734.0,2867.0
5874,2020-10-09,โควิด,เทียมร่วมมิตร,รัชดาภิเษก,07:00-09:00,2.0,9420.0,4710.0
5875,2020-10-09,โควิด,เทียมร่วมมิตร,เทียมร่วมมิตร,07:00-09:00,2.0,4034.0,2017.0
5877,2020-10-09,โควิด,เทียมร่วมมิตร,เทียมร่วมมิตร,16:00-19:00,3.0,4523.0,1507.6666666666667
5879,2020-10-09,โควิด,เทียมร่วมมิตร,เทียมร่วมมิตร,09:00-16:00,7.0,11388.0,1626.857142857143
5880,2020-10-12,โควิด,การเรือน,ราชสีมา,07:00-09:00,2.0,4093.0,2046.5
5881,2020-10-12,โควิด,การเรือน,ราชวิถี,07:00-09:00,2.0,867.0,433.5
5882,2020-10-12,โควิด,การเรือน,ราชสีมา,16:00-19:00,3.0,3515.0,1171.6666666666667
5883,2020-10-12,โควิด,การเรือน,ราชวิถี,16:00-19:00,3.0,1093.0,364.3333333333333
5884,2020-10-12,โควิด,การเรือน,ราชสีมา,09:00-16:00,7.0,11717.0,1673.857142857143
5885,2020-10-12,โควิด,การเรือน,ราชวิถี,09:00-16:00,7.0,7320.0,1045.7142857142858
5886,2020-10-14,โควิด,สุทธิสาร,รัชดาภิเษก,07:00-09:00,2.0,13767.0,6883.5
5888,2020-10-14,โควิด,สุทธิสาร,รัชดาภิเษก,16:00-19:00,3.0,19639.0,6546.333333333333
5890,2020-10-14,โควิด,สุทธิสาร,รัชดาภิเษก,09:00-16:00,7.0,48771.0,6967.285714285715
5892,2020-10-15,โควิด,คลองเตย,สุนทรโกษา,07:00-09:00,2.0,1955.0,977.5
5893,2020-10-15,โควิด,คลองเตย,พระรามที่4,07:00-09:00,2.0,8243.0,4121.5
5896,2020-10-15,โควิด,คลองเตย,สุนทรโกษา,09:00-16:00,7.0,4609.0,658.4285714285714
5897,2020-10-15,โควิด,คลองเตย,พระรามที่4,09:00-16:00,7.0,29121.0,4160.142857142857
5910,2020-10-22,โควิด,เทอดดำริ,เทอดดำริ,07:00-09:00,2.0,3130.0,1565.0
5911,2020-10-22,โควิด,เทอดดำริ,ประดิพัทธ์,07:00-09:00,2.0,3043.0,1521.5
5912,2020-10-22,โควิด,เทอดดำริ,เทอดดำริ,16:00-19:00,3.0,3522.0,1174.0
5913,2020-10-22,โควิด,เทอดดำริ,ประดิพัทธ์,16:00-19:00,3.0,4383.0,1461.0
5914,2020-10-22,โควิด,เทอดดำริ,เทอดดำริ,09:00-16:00,7.0,7355.0,1050.7142857142858
5915,2020-10-22,โควิด,เทอดดำริ,ประดิพัทธ์,09:00-16:00,7.0,8699.0,1242.7142857142858
5922,2020-10-27,โควิด,บางโพ,ประชาราษฎร์สาย1,07:00-09:00,2.0,3599.0,1799.5
5923,2020-10-27,โควิด,บางโพ,ประชาราษฎร์สาย2,07:00-09:00,2.0,1568.0,784.0
5943,2020-10-30,โควิด,ปากทางลาดพร้าว,ลาดพร้าว,07:00-09:00,2.0,3414.0,1707.0
5944,2020-10-30,โควิด,ปากทางลาดพร้าว,พหลโยธิน,07:00-09:00,2.0,8270.0,4135.0
5945,2020-10-30,โควิด,ปากทางลาดพร้าว,ลาดพร้าว,16:00-19:00,3.0,7314.0,2438.0
5946,2020-10-30,โควิด,ปากทางลาดพร้าว,พหลโยธิน,16:00-19:00,3.0,11381.0,3793.6666666666665
5947,2020-10-30,โควิด,ปากทางลาดพร้าว,ลาดพร้าว,09:00-16:00,7.0,13949.0,1992.7142857142858
5948,2020-10-30,โควิด,ปากทางลาดพร้าว,พหลโยธิน,09:00-16:00,7.0,27336.0,3905.1428571428573
5955,2020-11-03,โควิด,ประชาอุทิศ,ประชาอุทิศ,07:00-09:00,2.0,3080.0,1540.0
5956,2020-11-03,โควิด,ประชาอุทิศ,สุขสวัสดิ์,07:00-09:00,2.0,9176.0,4588.0
5957,2020-11-03,โควิด,ประชาอุทิศ,ประชาอุทิศ,16:00-19:00,3.0,3980.0,1326.6666666666667
5958,2020-11-03,โควิด,ประชาอุทิศ,สุขสวัสดิ์,16:00-19:00,3.0,12680.0,4226.666666666667
5959,2020-11-03,โควิด,ประชาอุทิศ,ประชาอุทิศ,09:00-16:00,7.0,8635.0,1233.5714285714287
5960,2020-11-03,โควิด,ประชาอุทิศ,สุขสวัสดิ์,09:00-16:00,7.0,28410.0,4058.5714285714284
5961,2020-11-04,โควิด,สามยอด,มหาไชย,07:00-09:00,2.0,4788.0,2394.0
5962,2020-11-04,โควิด,สามยอด,เจริญกรุง,07:00-09:00,2.0,2809.0,1404.5
5963,2020-11-04,โควิด,แปลงนาม,แปลงนาม,07:00-09:00,2.0,162.0,81.0
5964,2020-11-04,โควิด,แปลงนาม,พลับพลาไชย,07:00-09:00,2.0,149.0,74.5
5965,2020-11-04,โควิด,แปลงนาม,เจริญกรุง,07:00-09:00,2.0,3426.0,1713.0
5966,2020-11-04,โควิด,สามยอด,มหาไชย,16:00-19:00,3.0,5877.0,1959.0
5967,2020-11-04,โควิด,สามยอด,เจริญกรุง,16:00-19:00,3.0,2875.0,958.3333333333334
5968,2020-11-04,โควิด,แปลงนาม,แปลงนาม,16:00-19:00,3.0,223.0,74.33333333333333
5971,2020-11-04,โควิด,สามยอด,มหาไชย,09:00-16:00,7.0,14521.0,2074.4285714285716
5972,2020-11-04,โควิด,สามยอด,เจริญกรุง,09:00-16:00,7.0,7413.0,1059.0
5973,2020-11-04,โควิด,แปลงนาม,แปลงนาม,09:00-16:00,7.0,604.0,86.28571428571429
5977,2020-11-05,โควิด,สาทร-นราธิวาส,สาทร,07:00-09:00,2.0,7889.0,3944.5
5979,2020-11-05,โควิด,สาทร-นราธิวาส,สาทร,16:00-19:00,3.0,13048.0,4349.333333333333
5981,2020-11-05,โควิด,สาทร-นราธิวาส,สาทร,09:00-16:00,7.0,27788.0,3969.714285714286
5982,2020-11-06,โควิด,ท่าดินแดง,ท่าดินแดง,07:00-09:00,2.0,1343.0,671.5
5983,2020-11-06,โควิด,ท่าดินแดง,สมเด็จเจ้าพระยา,07:00-09:00,2.0,2294.0,1147.0
5984,2020-11-06,โควิด,ท่าดินแดง,ท่าดินแดง,16:00-19:00,3.0,1656.0,552.0
5986,2020-11-06,โควิด,ท่าดินแดง,ท่าดินแดง,09:00-16:00,7.0,3876.0,553.7142857142857
5988,2020-11-09,โควิด,อโศกเพชร,อโศก,07:00-09:00,2.0,5664.0,2832.0
5989,2020-11-09,โควิด,อโศกเพชร,เพชรบุรี,07:00-09:00,2.0,7794.0,3897.0
5990,2020-11-09,โควิด,อโศกเพชร,อโศก,16:00-19:00,3.0,7538.0,2512.6666666666665
5991,2020-11-09,โควิด,อโศกเพชร,เพชรบุรี,16:00-19:00,3.0,7453.0,2484.3333333333335
5992,2020-11-09,โควิด,อโศกเพชร,อโศก,09:00-16:00,7.0,18246.0,2606.5714285714284
5993,2020-11-09,โควิด,อโศกเพชร,เพชรบุรี,09:00-16:00,7.0,23191.0,3313.0
5995,2020-11-10,โควิด,วงเวียนใหญ่,ประชาธิปก,07:00-09:00,2.0,10253.0,5126.5
5996,2020-11-10,โควิด,วงเวียนใหญ่,อินทรพิทักษ์,07:00-09:00,2.0,7376.0,3688.0
6012,2020-11-12,โควิด,พระราม9,รัชดาภิเษก,07:00-09:00,2.0,7139.0,3569.5
6013,2020-11-12,โควิด,พระราม9,อโศกดินแดง,07:00-09:00,2.0,7064.0,3532.0
6014,2020-11-12,โควิด,พระราม9,พระราม9,07:00-09:00,2.0,4099.0,2049.5
6030,2020-11-16,โควิด,เจริญราษฎร์,เจริญราษฎร์,07:00-09:00,2.0,3189.0,1594.5
6031,2020-11-16,โควิด,เจริญราษฎร์,พระรามที่3,07:00-09:00,2.0,11710.0,5855.0
6032,2020-11-16,โควิด,เจริญราษฎร์,เจริญราษฎร์,16:00-19:00,3.0,3988.0,1329.3333333333333
6033,2020-11-16,โควิด,เจริญราษฎร์,พระรามที่3,16:00-19:00,3.0,16219.0,5406.333333333333
6034,2020-11-16,โควิด,เจริญราษฎร์,เจริญราษฎร์,09:00-16:00,7.0,9335.0,1333.5714285714287
6035,2020-11-16,โควิด,เจริญราษฎร์,พระรามที่3,09:00-16:00,7.0,38546.0,5506.571428571428
6046,2020-11-18,โควิด,วงศ์สว่าง,วงศ์สว่าง,07:00-09:00,2.0,4282.0,2141.0
6047,2020-11-18,โควิด,วงศ์สว่าง,รัชดาภิเษก,07:00-09:00,2.0,7783.0,3891.5
6055,2020-11-23,โควิด,มไหสวรรย์,รัชดาภิเษก,07:00-09:00,2.0,1142.0,571.0
6056,2020-11-23,โควิด,มไหสวรรย์,มไหสวรรย์,07:00-09:00,2.0,1791.0,895.5
6059,2020-11-23,โควิด,มไหสวรรย์,มไหสวรรย์,16:00-19:00,3.0,3802.0,1267.3333333333333
6062,2020-11-23,โควิด,มไหสวรรย์,มไหสวรรย์,09:00-16:00,7.0,6651.0,950.1428571428571
6078,2020-11-27,โควิด,รัชดา-ลาดพร้าว,รัชดาภิเษก,07:00-09:00,2.0,16941.0,8470.5
6080,2020-11-27,โควิด,รัชดา-ลาดพร้าว,รัชดาภิเษก,16:00-19:00,3.0,20674.0,6891.333333333333
6082,2020-11-27,โควิด,รัชดา-ลาดพร้าว,รัชดาภิเษก,09:00-16:00,7.0,53811.0,7687.285714285715
6093,2020-12-01,โควิด,พระรามที่4,รัชดาภิเษก,07:00-09:00,2.0,3504.0,1752.0
6094,2020-12-01,โควิด,พระรามที่4,พระรามที่4,07:00-09:00,2.0,7020.0,3510.0
6095,2020-12-01,โควิด,พระรามที่4,รัชดาภิเษก,16:00-19:00,3.0,5223.0,1741.0
6097,2020-12-01,โควิด,พระรามที่4,รัชดาภิเษก,09:00-16:00,7.0,12402.0,1771.7142857142858
6105,2020-12-03,โควิด,ยุคล2,ยุคล2,07:00-09:00,2.0,634.0,317.0
6107,2020-12-03,โควิด,อนามัย,พลับพลาไชย,07:00-09:00,2.0,1660.0,830.0
6117,2020-12-04,โควิด,สามเหลี่ยมดินแดง,ราชปรารภ,07:00-09:00,2.0,5361.0,2680.5
6119,2020-12-04,โควิด,สามเหลี่ยมดินแดง,ราชวิถี,07:00-09:00,2.0,2112.0,1056.0
6120,2020-12-04,โควิด,สามเหลี่ยมดินแดง,ดินแดง,07:00-09:00,2.0,6434.0,3217.0
6121,2020-12-04,โควิด,สามเหลี่ยมดินแดง,ราชปรารภ,16:00-19:00,3.0,9264.0,3088.0
6123,2020-12-04,โควิด,สามเหลี่ยมดินแดง,ราชวิถี,16:00-19:00,3.0,3940.0,1313.3333333333333
6124,2020-12-04,โควิด,สามเหลี่ยมดินแดง,ดินแดง,16:00-19:00,3.0,6716.0,2238.6666666666665
6125,2020-12-04,โควิด,สามเหลี่ยมดินแดง,ราชปรารภ,09:00-16:00,7.0,16180.0,2311.4285714285716
6127,2020-12-04,โควิด,สามเหลี่ยมดินแดง,ราชวิถี,09:00-16:00,7.0,8892.0,1270.2857142857142
6128,2020-12-04,โควิด,สามเหลี่ยมดินแดง,ดินแดง,09:00-16:00,7.0,18226.0,2603.714285714286
6130,2020-12-07,โควิด,ประชาอุทิศ-เลียบด่วนกาญจนาภิเษก,เลียบด่วนกาญจนาภิเษก,07:00-09:00,2.0,1196.0,598.0
6132,2020-12-07,โควิด,ประชาอุทิศ-เลียบด่วนกาญจนาภิเษก,ประชาอุทิศ,16:00-19:00,3.0,6776.0,2258.6666666666665
6133,2020-12-07,โควิด,ประชาอุทิศ-เลียบด่วนกาญจนาภิเษก,เลียบด่วนกาญจนาภิเษก,16:00-19:00,3.0,1438.0,479.3333333333333
6135,2020-12-07,โควิด,ประชาอุทิศ-เลียบด่วนกาญจนาภิเษก,ประชาอุทิศ,09:00-16:00,7.0,14554.0,2079.1428571428573
6136,2020-12-07,โควิด,ประชาอุทิศ-เลียบด่วนกาญจนาภิเษก,เลียบด่วนกาญจนาภิเษก,09:00-16:00,7.0,3899.0,557.0
6147,2020-12-09,โควิด,ทุ่งครุ,ประชาอุทิศ,07:00-09:00,2.0,3014.0,1507.0
6148,2020-12-09,โควิด,ทุ่งครุ,ครุใน,07:00-09:00,2.0,564.0,282.0
6153,2020-12-14,โควิด,เดโช,เดโช,07:00-09:00,2.0,622.0,311.0
6154,2020-12-14,โควิด,เดโช,สีลม,07:00-09:00,2.0,4006.0,2003.0
6155,2020-12-14,โควิด,เดโช,เดโช,16:00-19:00,3.0,746.0,248.66666666666666
6156,2020-12-14,โควิด,เดโช,สีลม,16:00-19:00,3.0,3488.0,1162.6666666666667
6157,2020-12-14,โควิด,เดโช,เดโช,09:00-16:00,7.0,1947.0,278.14285714285717
6158,2020-12-14,โควิด,เดโช,สีลม,09:00-16:00,7.0,14190.0,2027.142857142857
6159,2020-12-15,โควิด,ขัตติยานี,พิชัย,07:00-09:00,2.0,1522.0,761.0
6160,2020-12-15,โควิด,ขัตติยานี,สุโขทัย,07:00-09:00,2.0,4523.0,2261.5
6161,2020-12-15,โควิด,ขัตติยานี,พิชัย,16:00-19:00,3.0,1422.0,474.0
6162,2020-12-15,โควิด,ขัตติยานี,สุโขทัย,16:00-19:00,3.0,3999.0,1333.0
6163,2020-12-15,โควิด,ขัตติยานี,พิชัย,09:00-16:00,7.0,2930.0,418.57142857142856
6164,2020-12-15,โควิด,ขัตติยานี,สุโขทัย,09:00-16:00,7.0,13202.0,1886.0
6165,2020-12-16,โควิด,ประเสริฐมนูกิจ-ลาดปลาเค้า,ลาดปลาเค้า,07:00-09:00,2.0,3406.0,1703.0
6166,2020-12-16,โควิด,ประเสริฐมนูกิจ-ลาดปลาเค้า,ประเสริฐมนูกิจ,07:00-09:00,2.0,15720.0,7860.0
6178,2020-12-17,โควิด,หลานหลวง,จักรพรรดิพงษ์,09:00-16:00,7.0,7270.0,1038.5714285714287
6179,2020-12-17,โควิด,หลานหลวง,หลานหลวง,09:00-16:00,7.0,22448.0,3206.8571428571427
6181,2020-12-18,โควิด,ศิริราช,พรานนก,07:00-09:00,2.0,2319.0,1159.5
6186,2020-12-21,โควิด,สามเสน,สวรรคโลก,07:00-09:00,2.0,2401.0,1200.5
6187,2020-12-21,โควิด,สามเสน,เทอดดำริ,07:00-09:00,2.0,1780.0,890.0
6188,2020-12-21,โควิด,สามเสน,นครไชยศรี,07:00-09:00,2.0,2026.0,1013.0
6204,2020-12-23,โควิด,โพธิ์แก้ว,นวมินทร์,07:00-09:00,2.0,8112.0,4056.0
6205,2020-12-23,โควิด,โพธิ์แก้ว,โพธิ์แก้ว,07:00-09:00,2.0,1616.0,808.0
6206,2020-12-23,โควิด,โพธิ์แก้ว,ทางเข้าวัดบางเตย,07:00-09:00,2.0,98.0,49.0
6207,2020-12-23,โควิด,โพธิ์แก้ว,นวมินทร์,16:00-19:00,3.0,11095.0,3698.3333333333335
6208,2020-12-23,โควิด,โพธิ์แก้ว,โพธิ์แก้ว,16:00-19:00,3.0,1908.0,636.0
6209,2020-12-23,โควิด,โพธิ์แก้ว,ทางเข้าวัดบางเตย,16:00-19:00,3.0,112.0,37.333333333333336
6210,2020-12-23,โควิด,โพธิ์แก้ว,นวมินทร์,09:00-16:00,7.0,27042.0,3863.1428571428573
6211,2020-12-23,โควิด,โพธิ์แก้ว,โพธิ์แก้ว,09:00-16:00,7.0,5432.0,776.0
6212,2020-12-23,โควิด,โพธิ์แก้ว,ทางเข้าวัดบางเตย,09:00-16:00,7.0,202.0,28.857142857142858
6213,2020-12-24,โควิด,ทองหล่อ,สุขุมวิท,07:00-09:00,2.0,4408.0,2204.0
6215,2020-12-24,โควิด,ทองหล่อ,สุขุมวิท,16:00-19:00,3.0,7308.0,2436.0
6217,2020-12-24,โควิด,ทองหล่อ,สุขุมวิท,09:00-16:00,7.0,16754.0,2393.4285714285716
6228,2020-12-28,โควิด,วังแดง,ราชสีมา,07:00-09:00,2.0,2735.0,1367.5
6229,2020-12-28,โควิด,วังแดง,พิษณุโลก,07:00-09:00,2.0,1232.0,616.0
6234,2020-12-29,โควิด,ศรีย่าน,สามเสน,07:00-09:00,2.0,1944.0,972.0
6235,2020-12-29,โควิด,ศรีย่าน,นครไชยศรี,07:00-09:00,2.0,548.0,274.0
6236,2020-12-29,โควิด,ศรีย่าน,สามเสน,16:00-19:00,3.0,3519.0,1173.0
6237,2020-12-29,โควิด,ศรีย่าน,นครไชยศรี,16:00-19:00,3.0,821.0,273.6666666666667
6238,2020-12-29,โควิด,ศรีย่าน,สามเสน,09:00-16:00,7.0,8007.0,1143.857142857143
6239,2020-12-29,โควิด,ศรีย่าน,นครไชยศรี,09:00-16:00,7.0,2037.0,291.0
6241,2020-12-30,โควิด,พระโขนง,สุขุมวิท,07:00-09:00,2.0,6610.0,3305.0
6242,2020-12-30,โควิด,สุขุมวิท-พระรามที่4,พระรามที่4,07:00-09:00,2.0,877.0,438.5
6243,2020-12-30,โควิด,สุขุมวิท-พระรามที่4,สุขุมวิท,07:00-09:00,2.0,7526.0,3763.0
6245,2020-12-30,โควิด,พระโขนง,สุขุมวิท,16:00-19:00,3.0,12190.0,4063.3333333333335
6246,2020-12-30,โควิด,สุขุมวิท-พระรามที่4,พระรามที่4,16:00-19:00,3.0,1874.0,624.6666666666666
6247,2020-12-30,โควิด,สุขุมวิท-พระรามที่4,สุขุมวิท,16:00-19:00,3.0,15018.0,5006.0
6249,2020-12-30,โควิด,พระโขนง,สุขุมวิท,09:00-16:00,7.0,28055.0,4007.8571428571427
6250,2020-12-30,โควิด,สุขุมวิท-พระรามที่4,พระรามที่4,09:00-16:00,7.0,4499.0,642.7142857142857
6251,2020-12-30,โควิด,สุขุมวิท-พระรามที่4,สุขุมวิท,09:00-16:00,7.0,30818.0,4402.571428571428
6258,2021-01-05,โควิด,พิบูลสงคราม,ประชาราษฎร์สาย1,07:00-09:00,2.0,4803.0,2401.5
6259,2021-01-05,โควิด,พิบูลสงคราม,พิบูลสงคราม,07:00-09:00,2.0,1568.0,784.0
6271,2021-01-06,โควิด,เพชรพระราม,บรรทัดทอง,09:00-16:00,7.0,3157.0,451.0
6272,2021-01-06,โควิด,เพชรพระราม,เพชรบุรี,09:00-16:00,7.0,25638.0,3662.5714285714284
6279,2021-01-08,โควิด,สะพานแดง,พระรามที่5,07:00-09:00,2.0,771.0,385.5
6280,2021-01-08,โควิด,สะพานแดง,เตชะวณิช,07:00-09:00,2.0,2380.0,1190.0
6281,2021-01-08,โควิด,สะพานแดง,ทหาร,07:00-09:00,2.0,1610.0,805.0
6282,2021-01-08,โควิด,สะพานแดง,ประดิพัทธ์,07:00-09:00,2.0,818.0,409.0
6283,2021-01-08,โควิด,สะพานแดง,พระรามที่5,16:00-19:00,3.0,1941.0,647.0
6284,2021-01-08,โควิด,สะพานแดง,เตชะวณิช,16:00-19:00,3.0,2335.0,778.3333333333334
6285,2021-01-08,โควิด,สะพานแดง,ทหาร,16:00-19:00,3.0,2244.0,748.0
6286,2021-01-08,โควิด,สะพานแดง,ประดิพัทธ์,16:00-19:00,3.0,1567.0,522.3333333333334
6287,2021-01-08,โควิด,สะพานแดง,พระรามที่5,09:00-16:00,7.0,4329.0,618.4285714285714
6288,2021-01-08,โควิด,สะพานแดง,เตชะวณิช,09:00-16:00,7.0,6381.0,911.5714285714286
6289,2021-01-08,โควิด,สะพานแดง,ทหาร,09:00-16:00,7.0,4400.0,628.5714285714286
6290,2021-01-08,โควิด,สะพานแดง,ประดิพัทธ์,09:00-16:00,7.0,2930.0,418.57142857142856
6303,2021-01-18,โควิด,สุทธิสาร-วิภาวดีรังสิต,วิภาวดีรังสิต,07:00-09:00,2.0,4588.0,2294.0
6304,2021-01-18,โควิด,สุทธิสาร-วิภาวดีรังสิต,สุทธิสาร,07:00-09:00,2.0,3793.0,1896.5
6309,2021-01-19,โควิด,เกษะโกมล,พระรามที่5,07:00-09:00,2.0,3257.0,1628.5
6310,2021-01-19,โควิด,เกษะโกมล,อำนวยสงคราม,07:00-09:00,2.0,651.0,325.5
6311,2021-01-19,โควิด,เกษะโกมล,เศรษฐศิริ,07:00-09:00,2.0,468.0,234.0
6312,2021-01-19,โควิด,เกษะโกมล,พระรามที่5,16:00-19:00,3.0,3598.0,1199.3333333333333
6313,2021-01-19,โควิด,เกษะโกมล,อำนวยสงคราม,16:00-19:00,3.0,656.0,218.66666666666666
6314,2021-01-19,โควิด,เกษะโกมล,เศรษฐศิริ,16:00-19:00,3.0,969.0,323.0
6315,2021-01-19,โควิด,เกษะโกมล,พระรามที่5,09:00-16:00,7.0,8091.0,1155.857142857143
6316,2021-01-19,โควิด,เกษะโกมล,อำนวยสงคราม,09:00-16:00,7.0,2412.0,344.57142857142856
6317,2021-01-19,โควิด,เกษะโกมล,เศรษฐศิริ,09:00-16:00,7.0,1877.0,268.14285714285717
6318,2021-01-20,โควิด,สุทธิสาร,รัชดาภิเษก,07:00-09:00,2.0,3523.0,1761.5
6319,2021-01-20,โควิด,สุทธิสาร,สุทธิสารวินิจฉัย,07:00-09:00,2.0,2567.0,1283.5
6320,2021-01-20,โควิด,สุทธิสาร,รัชดาภิเษก,16:00-19:00,3.0,4687.0,1562.3333333333333
6321,2021-01-20,โควิด,สุทธิสาร,สุทธิสารวินิจฉัย,16:00-19:00,3.0,3730.0,1243.3333333333333
6322,2021-01-20,โควิด,สุทธิสาร,รัชดาภิเษก,09:00-16:00,7.0,11139.0,1591.2857142857142
6323,2021-01-20,โควิด,สุทธิสาร,สุทธิสารวินิจฉัย,09:00-16:00,7.0,8529.0,1218.4285714285713
6324,2021-01-21,โควิด,ปทุมวัน,พญาไท,07:00-09:00,2.0,4591.0,2295.5
6325,2021-01-21,โควิด,ปทุมวัน,พระรามที่1,07:00-09:00,2.0,3031.0,1515.5
6345,2021-01-25,โควิด,คลองสาน,เจริญนคร,07:00-09:00,2.0,1183.0,591.5
6346,2021-01-25,โควิด,คลองสาน,สมเด็จเจ้าพระยา,07:00-09:00,2.0,672.0,336.0
6347,2021-01-25,โควิด,คลองสาน,ลาดหญ้า,07:00-09:00,2.0,1394.0,697.0
6348,2021-01-25,โควิด,คลองสาน,เจริญนคร,16:00-19:00,3.0,1740.0,580.0
6349,2021-01-25,โควิด,คลองสาน,สมเด็จเจ้าพระยา,16:00-19:00,3.0,1386.0,462.0
6350,2021-01-25,โควิด,คลองสาน,ลาดหญ้า,16:00-19:00,3.0,2161.0,720.3333333333334
6351,2021-01-25,โควิด,คลองสาน,เจริญนคร,09:00-16:00,7.0,4437.0,633.8571428571429
6352,2021-01-25,โควิด,คลองสาน,สมเด็จเจ้าพระยา,09:00-16:00,7.0,3230.0,461.42857142857144
6353,2021-01-25,โควิด,คลองสาน,ลาดหญ้า,09:00-16:00,7.0,5186.0,740.8571428571429
6384,2021-01-29,โควิด,หัวลำโพง,พระรามที่4,07:00-09:00,2.0,4570.0,2285.0
6385,2021-01-29,โควิด,หัวลำโพง,มหาพฤฒาราม,07:00-09:00,2.0,862.0,431.0
6390,2021-02-01,โควิด,วิทยุ-เพชร,วิทยุ-ทางขึ้นลงทางด่วน,07:00-09:00,2.0,3850.0,1925.0
6392,2021-02-01,โควิด,วิทยุ-เพชร,เพชรบุรี,07:00-09:00,2.0,8054.0,4027.0
6399,2021-02-02,โควิด,บางกะปิ,พ่วงศิริ,07:00-09:00,2.0,1151.0,575.5
6401,2021-02-02,โควิด,บางกะปิ,ลาดพร้าว,07:00-09:00,2.0,1696.0,848.0
6402,2021-02-02,โควิด,บางกะปิ,เสรีไทย,07:00-09:00,2.0,1570.0,785.0
6412,2021-02-03,โควิด,ลาดบัวขาว,รามคำแหง,07:00-09:00,2.0,10723.0,5361.5
6418,2021-02-04,โควิด,หมู่บ้านเศรษฐกิจ,เพชรเกษม,07:00-09:00,2.0,11880.0,5940.0
6419,2021-02-04,โควิด,พุทธมณฑลสาย3,พุทธมณฑลสาย3,07:00-09:00,2.0,2282.0,1141.0
6420,2021-02-04,โควิด,พุทธมณฑลสาย3,เพชรเกษม,07:00-09:00,2.0,9460.0,4730.0
6422,2021-02-04,โควิด,หมู่บ้านเศรษฐกิจ,เพชรเกษม,16:00-19:00,3.0,17861.0,5953.666666666667
6426,2021-02-04,โควิด,หมู่บ้านเศรษฐกิจ,เพชรเกษม,09:00-16:00,7.0,40932.0,5847.428571428572
6430,2021-02-05,โควิด,นราธิวาส-สุรวงศ์,สุรวงศ์,07:00-09:00,2.0,2605.0,1302.5
6433,2021-02-05,โควิด,นราธิวาส-สุรวงศ์,สุรวงศ์,16:00-19:00,3.0,3365.0,1121.6666666666667
6436,2021-02-05,โควิด,นราธิวาส-สุรวงศ์,สุรวงศ์,09:00-16:00,7.0,9468.0,1352.5714285714287
6438,2021-02-08,โควิด,ลาซาล,สุขุมวิท,07:00-09:00,2.0,9263.0,4631.5
6445,2021-02-09,โควิด,สุขุมวิท24,สุขุมวิท,07:00-09:00,2.0,7274.0,3637.0
6451,2021-02-10,โควิด,วัดสน,สุขสวัสดิ์,07:00-09:00,2.0,12654.0,6327.0
6453,2021-02-10,โควิด,วัดสน,สุขสวัสดิ์,16:00-19:00,3.0,16373.0,5457.666666666667
6455,2021-02-10,โควิด,วัดสน,สุขสวัสดิ์,09:00-16:00,7.0,39186.0,5598.0
6456,2021-02-11,โควิด,ประชาธรรม,ประดิษฐ์มนูธรรม,07:00-09:00,2.0,9367.0,4683.5
6457,2021-02-11,โควิด,ประชาธรรม,ประชาอุทิศ,07:00-09:00,2.0,3165.0,1582.5
6462,2021-02-15,โควิด,ราชวัตร,พระรามที่5,07:00-09:00,2.0,2508.0,1254.0
6463,2021-02-15,โควิด,ราชวัตร,นครไชยศรี,07:00-09:00,2.0,1417.0,708.5
6468,2021-02-16,โควิด,เฉลิมเผ่า,อังรีดูนังต์,07:00-09:00,2.0,1267.0,633.5
6469,2021-02-16,โควิด,เฉลิมเผ่า,พระรามที่1,07:00-09:00,2.0,4390.0,2195.0
6470,2021-02-16,โควิด,เฉลิมเผ่า,อังรีดูนังต์,16:00-19:00,3.0,1925.0,641.6666666666666
6472,2021-02-16,โควิด,เฉลิมเผ่า,อังรีดูนังต์,09:00-16:00,7.0,5607.0,801.0
6477,2021-02-17,โควิด,โพธิ์สามต้น,อิสรภาพ,07:00-09:00,2.0,3501.0,1750.5
6478,2021-02-17,โควิด,โพธิ์สามต้น,วังเดิม,07:00-09:00,2.0,578.0,289.0
6483,2021-02-18,โควิด,จันทน์-นราธิวาส,นราธิวาสราชนครินทร์,07:00-09:00,2.0,6576.0,3288.0
6484,2021-02-18,โควิด,จันทน์-นราธิวาส,จันทน์,07:00-09:00,2.0,1954.0,977.0
6485,2021-02-18,โควิด,จันทน์-นราธิวาส,นราธิวาสราชนครินทร์,16:00-19:00,3.0,7567.0,2522.3333333333335
6486,2021-02-18,โควิด,จันทน์-นราธิวาส,จันทน์,16:00-19:00,3.0,2791.0,930.3333333333334
6487,2021-02-18,โควิด,จันทน์-นราธิวาส,นราธิวาสราชนครินทร์,09:00-16:00,7.0,16842.0,2406.0
6488,2021-02-18,โควิด,จันทน์-นราธิวาส,จันทน์,09:00-16:00,7.0,6657.0,951.0
6489,2021-02-19,โควิด,ประชาเกษม,ประชาธิปไตย,07:00-09:00,2.0,3914.0,1957.0
6490,2021-02-19,โควิด,ประชาเกษม,นครราชสีมา,07:00-09:00,2.0,547.0,273.5
6491,2021-02-19,โควิด,ประชาเกษม,กรุงเกษม,07:00-09:00,2.0,1150.0,575.0
6498,2021-02-22,โควิด,ราชวงศ์,ราชวงศ์,07:00-09:00,2.0,775.0,387.5
6499,2021-02-22,โควิด,ราชวงศ์,เยาวราช,07:00-09:00,2.0,3138.0,1569.0
6510,2021-02-23,โควิด,พระรามที่3-ยานนาวา,พระรามที่3,07:00-09:00,2.0,6405.0,3202.5
6511,2021-02-23,โควิด,พระรามที่3-ยานนาวา,ยานนาวา,07:00-09:00,2.0,777.0,388.5
6512,2021-02-23,โควิด,พระรามที่3-ยานนาวา,พระรามที่3,16:00-19:00,3.0,7610.0,2536.6666666666665
6513,2021-02-23,โควิด,พระรามที่3-ยานนาวา,ยานนาวา,16:00-19:00,3.0,1505.0,501.6666666666667
6514,2021-02-23,โควิด,พระรามที่3-ยานนาวา,พระรามที่3,09:00-16:00,7.0,16298.0,2328.285714285714
6515,2021-02-23,โควิด,พระรามที่3-ยานนาวา,ยานนาวา,09:00-16:00,7.0,2514.0,359.14285714285717
6516,2021-02-24,โควิด,ลาดปลาเค้า,ลาดปลาเค้า,07:00-09:00,2.0,784.0,392.0
6517,2021-02-24,โควิด,ลาดปลาเค้า,รามอินทรา,07:00-09:00,2.0,10079.0,5039.5
6518,2021-02-24,โควิด,ลาดปลาเค้า,ลาดปลาเค้า,16:00-19:00,3.0,1228.0,409.3333333333333
6519,2021-02-24,โควิด,ลาดปลาเค้า,รามอินทรา,16:00-19:00,3.0,17837.0,5945.666666666667
6520,2021-02-24,โควิด,ลาดปลาเค้า,ลาดปลาเค้า,09:00-16:00,7.0,3526.0,503.7142857142857
6521,2021-02-24,โควิด,ลาดปลาเค้า,รามอินทรา,09:00-16:00,7.0,38318.0,5474.0
6522,2021-02-25,โควิด,ใต้ด่วนพระราม4,เชื้อเพลิง,07:00-09:00,2.0,2943.0,1471.5
6523,2021-02-25,โควิด,ใต้ด่วนพระราม4,ทางด่วน,07:00-09:00,2.0,2153.0,1076.5
6524,2021-02-25,โควิด,ใต้ด่วนพระราม4,พระรามที่4,07:00-09:00,2.0,9769.0,4884.5
6525,2021-02-25,โควิด,ใต้ด่วนพระราม4,เชื้อเพลิง,16:00-19:00,3.0,4186.0,1395.3333333333333
6526,2021-02-25,โควิด,ใต้ด่วนพระราม4,ทางด่วน,16:00-19:00,3.0,1576.0,525.3333333333334
6527,2021-02-25,โควิด,ใต้ด่วนพระราม4,พระรามที่4,16:00-19:00,3.0,18213.0,6071.0
6528,2021-02-25,โควิด,ใต้ด่วนพระราม4,เชื้อเพลิง,09:00-16:00,7.0,9379.0,1339.857142857143
6529,2021-02-25,โควิด,ใต้ด่วนพระราม4,ทางด่วน,09:00-16:00,7.0,5345.0,763.5714285714286
6530,2021-02-25,โควิด,ใต้ด่วนพระราม4,พระรามที่4,09:00-16:00,7.0,38740.0,5534.285714285715
6537,2021-03-02,โควิด,ดาวคะนอง,สมเด็จพระเจ้าตากสิน,07:00-09:00,2.0,10879.0,5439.5
6538,2021-03-02,โควิด,ดาวคะนอง,จอมทอง,07:00-09:00,2.0,1343.0,671.5
6539,2021-03-02,โควิด,ดาวคะนอง,สมเด็จพระเจ้าตากสิน,16:00-19:00,3.0,18650.0,6216.666666666667
6540,2021-03-02,โควิด,ดาวคะนอง,จอมทอง,16:00-19:00,3.0,1346.0,448.6666666666667
6541,2021-03-02,โควิด,ดาวคะนอง,สมเด็จพระเจ้าตากสิน,09:00-16:00,7.0,31177.0,4453.857142857143
6542,2021-03-02,โควิด,ดาวคะนอง,จอมทอง,09:00-16:00,7.0,3709.0,529.8571428571429
6543,2021-03-03,โควิด,กำแพงเพชร,พหลโยธิน,07:00-09:00,2.0,10422.0,5211.0
6546,2021-03-03,โควิด,กำแพงเพชร,พหลโยธิน,16:00-19:00,3.0,12817.0,4272.333333333333
6549,2021-03-03,โควิด,กำแพงเพชร,พหลโยธิน,09:00-16:00,7.0,29736.0,4248.0
6552,2021-03-04,โควิด,บางยี่เรือ,เทอดไท,07:00-09:00,2.0,1131.0,565.5
6553,2021-03-04,โควิด,บางยี่เรือ,เพชรเกษม,07:00-09:00,2.0,4066.0,2033.0
6554,2021-03-04,โควิด,บางยี่เรือ,อินทรพิทักษ์,07:00-09:00,2.0,1734.0,867.0
6555,2021-03-04,โควิด,บางยี่เรือ,เทอดไท,16:00-19:00,3.0,1113.0,371.0
6556,2021-03-04,โควิด,บางยี่เรือ,เพชรเกษม,16:00-19:00,3.0,3815.0,1271.6666666666667
6557,2021-03-04,โควิด,บางยี่เรือ,อินทรพิทักษ์,16:00-19:00,3.0,0.0,0.0
6558,2021-03-04,โควิด,บางยี่เรือ,เทอดไท,09:00-16:00,7.0,2606.0,372.2857142857143
6559,2021-03-04,โควิด,บางยี่เรือ,เพชรเกษม,09:00-16:00,7.0,9769.0,1395.5714285714287
6560,2021-03-04,โควิด,บางยี่เรือ,อินทรพิทักษ์,09:00-16:00,7.0,0.0,0.0
6561,2021-03-05,โควิด,สุโขทัย,พระรามที่5,07:00-09:00,2.0,3269.0,1634.5
6562,2021-03-05,โควิด,สุโขทัย,สุโขทัย,07:00-09:00,2.0,3024.0,1512.0
6563,2021-03-05,โควิด,สุโขทัย,พระรามที่5,16:00-19:00,3.0,4244.0,1414.6666666666667
6564,2021-03-05,โควิด,สุโขทัย,สุโขทัย,16:00-19:00,3.0,4326.0,1442.0
6565,2021-03-05,โควิด,สุโขทัย,พระรามที่5,09:00-16:00,7.0,7867.0,1123.857142857143
6566,2021-03-05,โควิด,สุโขทัย,สุโขทัย,09:00-16:00,7.0,10608.0,1515.4285714285713
6567,2021-03-08,โควิด,เทวกรรม,นครสวรรค์,07:00-09:00,2.0,4383.0,2191.5
6568,2021-03-08,โควิด,เทวกรรม,กรุงเกษม,07:00-09:00,2.0,2289.0,1144.5
6585,2021-03-11,โควิด,ประเสริฐมนูกิจ-สุคนธสวัสดิ์,สุคนธสวัสดิ์,07:00-09:00,2.0,3566.0,1783.0
6648,2021-03-22,โควิด,ประเสริฐมนูกิจ-ประดิษฐ์มนูธรรม,ประดิษฐ์มนูธรรม,07:00-09:00,2.0,15636.0,7818.0
6649,2021-03-22,โควิด,ประเสริฐมนูกิจ-ประดิษฐ์มนูธรรม,ประเสริฐมนูกิจ,07:00-09:00,2.0,12479.0,6239.5
6654,2021-03-23,โควิด,เพลินจิต,วิทยุ,07:00-09:00,2.0,2375.0,1187.5
6655,2021-03-23,โควิด,เพลินจิต,เพลินจิต,07:00-09:00,2.0,7223.0,3611.5
6672,2021-03-25,โควิด,เศรษฐศิริ,เศรษฐศิริ,07:00-09:00,2.0,2710.0,1355.0
6673,2021-03-25,โควิด,เศรษฐศิริ,เทอดดำริ,07:00-09:00,2.0,1731.0,865.5
6678,2021-03-26,โควิด,โรงพยาบาลกลาง,เสือป่า,07:00-09:00,2.0,778.0,389.0
6680,2021-03-26,โควิด,โรงพยาบาลกลาง,หลวง,07:00-09:00,2.0,2542.0,1271.0
6726,2021-04-05,โควิด,สาธุ-จันทน์,สาธุประดิษฐ์,07:00-09:00,2.0,1246.0,623.0
6727,2021-04-05,โควิด,สาธุ-จันทน์,จันทน์,07:00-09:00,2.0,2809.0,1404.5
6732,2021-04-07,โควิด,อุณากรรณ,อุณากรรณ,07:00-09:00,2.0,1011.0,505.5
6733,2021-04-07,โควิด,อุณากรรณ,เจริญกรุง,07:00-09:00,2.0,2696.0,1348.0
6739,2021-04-08,โควิด,พุทธมณฑลสาย2,พุทธมณฑลสาย2,07:00-09:00,2.0,1345.0,672.5
6740,2021-04-08,โควิด,พุทธมณฑลสาย2,เพชรเกษม,07:00-09:00,2.0,13601.0,6800.5
6742,2021-04-08,โควิด,พุทธมณฑลสาย2,พุทธมณฑลสาย2,16:00-19:00,3.0,2379.0,793.0
6743,2021-04-08,โควิด,พุทธมณฑลสาย2,เพชรเกษม,16:00-19:00,3.0,20420.0,6806.666666666667
6745,2021-04-08,โควิด,พุทธมณฑลสาย2,พุทธมณฑลสาย2,09:00-16:00,7.0,5797.0,828.1428571428571
6746,2021-04-08,โควิด,พุทธมณฑลสาย2,เพชรเกษม,09:00-16:00,7.0,46096.0,6585.142857142857
6747,2021-04-09,โควิด,พัฒนาการ,ศรีนครินทร์,07:00-09:00,2.0,8800.0,4400.0
6748,2021-04-09,โควิด,พัฒนาการ,พัฒนาการ,07:00-09:00,2.0,6991.0,3495.5
6753,2021-04-16,โควิด,ประชาสงเคราะห์,ประชาสงเคราะห์,07:00-09:00,2.0,2039.0,1019.5
6754,2021-04-16,โควิด,ประชาสงเคราะห์,ดินแดง,07:00-09:00,2.0,6816.0,3408.0
6759,2021-04-19,โควิด,ด่วนเพลินจิต,ดวงพิทักษ์,07:00-09:00,2.0,606.0,303.0
6760,2021-04-19,โควิด,ด่วนเพลินจิต,ทางขึ้นลงทางด่วน,07:00-09:00,2.0,3291.0,1645.5
6761,2021-04-19,โควิด,ด่วนเพลินจิต,เพลินจิต,07:00-09:00,2.0,181.0,90.5
6762,2021-04-19,โควิด,ด่วนเพลินจิต,สุขุมวิท,07:00-09:00,2.0,4869.0,2434.5
6771,2021-04-20,โควิด,วิสุทธิกษัตริย์,ประชาธิปไตย,07:00-09:00,2.0,1187.0,593.5
6772,2021-04-20,โควิด,วิสุทธิกษัตริย์,วิสุทธิกษัตริย์,07:00-09:00,2.0,6376.0,3188.0
6785,2021-04-22,โควิด,นาหลวง,พุทธบูชา,07:00-09:00,2.0,1696.0,848.0
6801,2021-04-26,โควิด,ประชานิเวศน์,ประชาชื่น,07:00-09:00,2.0,4736.0,2368.0
6802,2021-04-26,โควิด,ประชานิเวศน์,เทศบาลสงเคราะห์,07:00-09:00,2.0,800.0,400.0
6809,2021-04-27,โควิด,เจริญนครใต้,เจริญนคร,07:00-09:00,2.0,4573.0,2286.5
6810,2021-04-27,โควิด,เจริญนครใต้,กรุงธนบุรี,07:00-09:00,2.0,1610.0,805.0
6819,2021-04-28,โควิด,เกษมราษฎร์,เกษมราษฎร์,07:00-09:00,2.0,1227.0,613.5
6821,2021-04-28,โควิด,เกษมราษฎร์,พระรามที่4,07:00-09:00,2.0,6183.0,3091.5
6822,2021-04-28,โควิด,เกษมราษฎร์,เกษมราษฎร์,16:00-19:00,3.0,1025.0,341.6666666666667
6824,2021-04-28,โควิด,เกษมราษฎร์,พระรามที่4,16:00-19:00,3.0,10676.0,3558.6666666666665
6825,2021-04-28,โควิด,เกษมราษฎร์,เกษมราษฎร์,09:00-16:00,7.0,3822.0,546.0
6827,2021-04-28,โควิด,เกษมราษฎร์,พระรามที่4,09:00-16:00,7.0,23820.0,3402.8571428571427
6828,2021-04-29,โควิด,วังหิน,สุขาภิบาล1,07:00-09:00,2.0,1561.0,780.5
6830,2021-04-29,โควิด,วังหิน,เสนานิคม,07:00-09:00,2.0,1584.0,792.0
6838,2021-04-30,โควิด,บางชัน,เสรีไทย,07:00-09:00,2.0,5997.0,2998.5
6843,2021-05-03,โควิด,อุรุพงษ์,พระรามที่6,07:00-09:00,2.0,3153.0,1576.5
6844,2021-05-03,โควิด,อุรุพงษ์,เพชรบุรี,07:00-09:00,2.0,4091.0,2045.5
6861,2021-05-06,โควิด,เกียกกาย,สามเสน,07:00-09:00,2.0,1102.0,551.0
6862,2021-05-06,โควิด,เกียกกาย,ประชาราษฎร์สาย1,07:00-09:00,2.0,2788.0,1394.0
6863,2021-05-06,โควิด,เกียกกาย,ทหาร,07:00-09:00,2.0,1271.0,635.5
6870,2021-05-07,โควิด,ไฟฉาย,จรัญสนิทวงศ์,07:00-09:00,2.0,4341.0,2170.5
6872,2021-05-07,โควิด,ไฟฉาย,พรานนก,07:00-09:00,2.0,1738.0,869.0
6873,2021-05-07,โควิด,ไฟฉาย,จรัญสนิทวงศ์,16:00-19:00,3.0,6108.0,2036.0
6875,2021-05-07,โควิด,ไฟฉาย,พรานนก,16:00-19:00,3.0,3457.0,1152.3333333333333
6876,2021-05-07,โควิด,ไฟฉาย,จรัญสนิทวงศ์,09:00-16:00,7.0,13768.0,1966.857142857143
6878,2021-05-07,โควิด,ไฟฉาย,พรานนก,09:00-16:00,7.0,6647.0,949.5714285714286
6885,2021-05-12,โควิด,หมู่บ้านสหกรณ์,ทางเข้าหมู่บ้านสหกรณ์,07:00-09:00,2.0,626.0,313.0
6886,2021-05-12,โควิด,หมู่บ้านสหกรณ์,เสรีไทย,07:00-09:00,2.0,6358.0,3179.0
6891,2021-05-13,โควิด,วงเวียนหลักสี่,พหลโยธิน,07:00-09:00,2.0,12209.0,6104.5
6892,2021-05-13,โควิด,วงเวียนหลักสี่,แจ้งวัฒนะ,07:00-09:00,2.0,7855.0,3927.5
6893,2021-05-13,โควิด,วงเวียนหลักสี่,รามอินทรา,07:00-09:00,2.0,6063.0,3031.5
6927,2021-05-20,โควิด,หลักสี่,กำแพงเพชร6,07:00-09:00,2.0,1837.0,918.5
6928,2021-05-20,โควิด,หลักสี่,แจ้งวัฒนะ,07:00-09:00,2.0,4243.0,2121.5
6939,2021-05-24,โควิด,ราชดำริ,ราชดำริ,07:00-09:00,2.0,4600.0,2300.0
6940,2021-05-24,โควิด,ราชดำริ,สารสิน,07:00-09:00,2.0,1003.0,501.5
6960,2021-05-28,โควิด,นอร์ธปาร์ค,กำแพงเพชร6,07:00-09:00,2.0,2355.0,1177.5
6961,2021-05-28,โควิด,นอร์ธปาร์ค,ชิดชน,07:00-09:00,2.0,1977.0,988.5
6970,2021-05-31,โควิด,บ้านแขก,ประชาธิปก,09:00-16:00,7.0,30093.0,4299.0
6971,2021-05-31,โควิด,บ้านแขก,อิสรภาพ,09:00-16:00,7.0,7152.0,1021.7142857142857
6973,2021-06-01,โควิด,หทัยราษฎร์-เลียบคลองสอง,หทัยราษฎร์,07:00-09:00,2.0,5143.0,2571.5
6974,2021-06-01,โควิด,หทัยราษฎร์-เลียบคลองสอง,เลียบคลองสอง,07:00-09:00,2.0,1685.0,842.5
6977,2021-06-01,โควิด,หทัยราษฎร์-เลียบคลองสอง,หทัยราษฎร์,16:00-19:00,3.0,7058.0,2352.6666666666665
6978,2021-06-01,โควิด,หทัยราษฎร์-เลียบคลองสอง,เลียบคลองสอง,16:00-19:00,3.0,2682.0,894.0
6981,2021-06-01,โควิด,หทัยราษฎร์-เลียบคลองสอง,หทัยราษฎร์,09:00-16:00,7.0,15918.0,2274.0
6982,2021-06-01,โควิด,หทัยราษฎร์-เลียบคลองสอง,เลียบคลองสอง,09:00-16:00,7.0,6103.0,871.8571428571429
6984,2021-06-02,โควิด,พรานนก,อิสรภาพ,07:00-09:00,2.0,2476.0,1238.0
6985,2021-06-02,โควิด,พรานนก,พรานนก,07:00-09:00,2.0,3630.0,1815.0
6993,2021-06-04,โควิด,อ.ส.ม.ท.,เพชรอุทัย,07:00-09:00,2.0,1292.0,646.0
6995,2021-06-04,โควิด,อ.ส.ม.ท.,พระราม9,07:00-09:00,2.0,5018.0,2509.0
7017,2021-06-08,โควิด,อุดมสุข,สุขุมวิท,07:00-09:00,2.0,6876.0,3438.0
7037,2021-06-10,โควิด,เพชรเกษม81,เพชรเกษม,09:00-16:00,7.0,35881.0,5125.857142857143
7038,2021-06-11,โควิด,บางรัก,เจริญกรุง,07:00-09:00,2.0,1838.0,919.0
7039,2021-06-11,โควิด,บางรัก,สีลม,07:00-09:00,2.0,830.0,415.0
7040,2021-06-11,โควิด,บางรัก,เจริญกรุง,16:00-19:00,3.0,3337.0,1112.3333333333333
7041,2021-06-11,โควิด,บางรัก,สีลม,16:00-19:00,3.0,1171.0,390.3333333333333
7042,2021-06-11,โควิด,บางรัก,เจริญกรุง,09:00-16:00,7.0,7743.0,1106.142857142857
7043,2021-06-11,โควิด,บางรัก,สีลม,09:00-16:00,7.0,2902.0,414.57142857142856
7044,2021-06-14,โควิด,สาทร-เจริญกรุง,เจริญกรุง,07:00-09:00,2.0,2068.0,1034.0
7046,2021-06-14,โควิด,สาทร-เจริญกรุง,สาทร,07:00-09:00,2.0,572.0,286.0
7048,2021-06-14,โควิด,สาทร-เจริญกรุง,เจริญกรุง,16:00-19:00,3.0,3775.0,1258.3333333333333
7050,2021-06-14,โควิด,สาทร-เจริญกรุง,สาทร,16:00-19:00,3.0,1002.0,334.0
7052,2021-06-14,โควิด,สาทร-เจริญกรุง,เจริญกรุง,09:00-16:00,7.0,7362.0,1051.7142857142858
7054,2021-06-14,โควิด,สาทร-เจริญกรุง,สาทร,09:00-16:00,7.0,2283.0,326.14285714285717
7057,2021-06-15,โควิด,เตาปูน,ประชาราษฎร์,07:00-09:00,2.0,1645.0,822.5
7058,2021-06-15,โควิด,เตาปูน,ประชาราษฎร์สาย2,07:00-09:00,2.0,2766.0,1383.0
7077,2021-06-18,โควิด,มิตรสัมพันธ์,นิคมมักกะสัน,07:00-09:00,2.0,1099.0,549.5
7078,2021-06-18,โควิด,มิตรสัมพันธ์,เพชรบุรี,07:00-09:00,2.0,8881.0,4440.5
7083,2021-06-21,โควิด,เฉลิมกรุง,ตรีเพชร,07:00-09:00,2.0,1976.0,988.0
7085,2021-06-21,โควิด,เฉลิมกรุง,เจริญกรุง,07:00-09:00,2.0,1558.0,779.0
7086,2021-06-21,โควิด,เฉลิมกรุง,ตรีเพชร,16:00-19:00,3.0,2740.0,913.3333333333334
7088,2021-06-21,โควิด,เฉลิมกรุง,เจริญกรุง,16:00-19:00,3.0,1736.0,578.6666666666666
7089,2021-06-21,โควิด,เฉลิมกรุง,ตรีเพชร,09:00-16:00,7.0,7534.0,1076.2857142857142
7091,2021-06-21,โควิด,เฉลิมกรุง,เจริญกรุง,09:00-16:00,7.0,4502.0,643.1428571428571
7101,2021-06-23,โควิด,ด่วนเกษมราษฎร์,เกษมราษฎร์,07:00-09:00,2.0,2916.0,1458.0
7102,2021-06-23,โควิด,ด่วนเกษมราษฎร์,ทางขึ้นลงทางด่วน,07:00-09:00,2.0,1844.0,922.0
7107,2021-06-24,โควิด,ถนนตก,เจริญกรุง,07:00-09:00,2.0,2647.0,1323.5
7108,2021-06-24,โควิด,ถนนตก,พระรามที่3,07:00-09:00,2.0,5115.0,2557.5
7113,2021-06-25,โควิด,บรมราชชนนี,จรัญสนิทวงศ์,07:00-09:00,2.0,7201.0,3600.5
7114,2021-06-25,โควิด,บรมราชชนนี,บรมราชชนนี,07:00-09:00,2.0,6902.0,3451.0
7117,2021-06-25,โควิด,บรมราชชนนี,บรมราชชนนี,16:00-19:00,3.0,12583.0,4194.333333333333
7120,2021-06-25,โควิด,บรมราชชนนี,บรมราชชนนี,09:00-16:00,7.0,25229.0,3604.1428571428573
7122,2021-06-28,โควิด,สามยอด,มหาไชย,07:00-09:00,2.0,4488.0,2244.0
7123,2021-06-28,โควิด,สามยอด,เจริญกรุง,07:00-09:00,2.0,1674.0,837.0
7126,2021-06-28,โควิด,สามยอด,มหาไชย,16:00-19:00,3.0,5372.0,1790.6666666666667
7127,2021-06-28,โควิด,สามยอด,เจริญกรุง,16:00-19:00,3.0,2078.0,692.6666666666666
7130,2021-06-28,โควิด,สามยอด,มหาไชย,09:00-16:00,7.0,13121.0,1874.4285714285713
7131,2021-06-28,โควิด,สามยอด,เจริญกรุง,09:00-16:00,7.0,4994.0,713.4285714285714
7170,2021-07-05,โควิด,สี่กั๊กเสาชิงช้า,เฟื่องนคร,07:00-09:00,2.0,536.0,268.0
7171,2021-07-05,โควิด,สี่กั๊กเสาชิงช้า,ตะนาว,07:00-09:00,2.0,355.0,177.5
7172,2021-07-05,โควิด,สี่กั๊กเสาชิงช้า,บำรุงเมือง,07:00-09:00,2.0,1415.0,707.5
7173,2021-07-05,โควิด,สี่กั๊กเสาชิงช้า,เฟื่องนคร,16:00-19:00,3.0,849.0,283.0
7174,2021-07-05,โควิด,สี่กั๊กเสาชิงช้า,ตะนาว,16:00-19:00,3.0,463.0,154.33333333333334
7176,2021-07-05,โควิด,สี่กั๊กเสาชิงช้า,เฟื่องนคร,09:00-16:00,7.0,2076.0,296.57142857142856
7177,2021-07-05,โควิด,สี่กั๊กเสาชิงช้า,ตะนาว,09:00-16:00,7.0,1375.0,196.42857142857142
7178,2021-07-05,โควิด,สี่กั๊กเสาชิงช้า,บำรุงเมือง,09:00-16:00,7.0,2790.0,398.57142857142856
7266,2021-07-15,โควิด,เกษตร,พหลโยธิน,07:00-09:00,2.0,7732.0,3866.0
7267,2021-07-15,โควิด,เกษตร,งามวงศ์วาน,07:00-09:00,2.0,6333.0,3166.5
7506,2021-08-13,โควิด,จันทน์-เจริญราษฎร์,เจริญราษฎร์,07:00-09:00,2.0,4753.0,2376.5
7507,2021-08-13,โควิด,จันทน์-เจริญราษฎร์,จันทน์,07:00-09:00,2.0,4238.0,2119.0
7515,2021-08-16,โควิด,ห้วยขวาง,รัชดาภิเษก,07:00-09:00,2.0,1573.0,786.5
7516,2021-08-16,โควิด,ห้วยขวาง,ประชาสงเคราะห์,07:00-09:00,2.0,992.0,496.0
7517,2021-08-16,โควิด,ห้วยขวาง,ประชาราษฎร์บำเพ็ญ,07:00-09:00,2.0,1654.0,827.0
7519,2021-08-16,โควิด,ห้วยขวาง,รัชดาภิเษก,16:00-19:00,3.0,3595.0,1198.3333333333333
7520,2021-08-16,โควิด,ห้วยขวาง,ประชาสงเคราะห์,16:00-19:00,3.0,1182.0,394.0
7521,2021-08-16,โควิด,ห้วยขวาง,ประชาราษฎร์บำเพ็ญ,16:00-19:00,3.0,2763.0,921.0
7523,2021-08-16,โควิด,ห้วยขวาง,รัชดาภิเษก,09:00-16:00,7.0,8114.0,1159.142857142857
7524,2021-08-16,โควิด,ห้วยขวาง,ประชาสงเคราะห์,09:00-16:00,7.0,3251.0,464.42857142857144
7525,2021-08-16,โควิด,ห้วยขวาง,ประชาราษฎร์บำเพ็ญ,09:00-16:00,7.0,6370.0,910.0
7530,2021-08-18,โควิด,บุคคโล,เจริญนคร,07:00-09:00,2.0,5546.0,2773.0
7531,2021-08-18,โควิด,บุคคโล,มไหสวรรย์,07:00-09:00,2.0,2544.0,1272.0
7546,2021-08-19,โควิด,ถนนตก,พระรามที่3,07:00-09:00,2.0,7781.0,3890.5
7548,2021-08-19,โควิด,ถนนตก,เจริญกรุง,07:00-09:00,2.0,1447.0,723.5
7560,2021-08-20,โควิด,สะพานเหลือง,บรรทัดทอง,07:00-09:00,2.0,1323.0,661.5
7561,2021-08-20,โควิด,สะพานเหลือง,พระรามที่4,07:00-09:00,2.0,5082.0,2541.0
7562,2021-08-20,โควิด,ประดิพัทธ์,พระรามที่6,07:00-09:00,2.0,2941.0,1470.5
7578,2021-08-23,โควิด,เดโช,เดโช,07:00-09:00,2.0,542.0,271.0
7579,2021-08-23,โควิด,เดโช,สีลม,07:00-09:00,2.0,3105.0,1552.5
7581,2021-08-23,โควิด,เดโช,เดโช,16:00-19:00,3.0,551.0,183.66666666666666
7582,2021-08-23,โควิด,เดโช,สีลม,16:00-19:00,3.0,4248.0,1416.0
7584,2021-08-23,โควิด,เดโช,เดโช,09:00-16:00,7.0,1618.0,231.14285714285714
7585,2021-08-23,โควิด,เดโช,สีลม,09:00-16:00,7.0,12038.0,1719.7142857142858
7588,2021-08-24,โควิด,ตรอกจันทน์,เจริญกรุง,07:00-09:00,2.0,1900.0,950.0
7589,2021-08-24,โควิด,ตรอกจันทน์,จันทน์,07:00-09:00,2.0,589.0,294.5
7596,2021-08-25,โควิด,วิสุทธิกษัตริย์,ประชาธิปไตย,07:00-09:00,2.0,1811.0,905.5
7597,2021-08-25,โควิด,วิสุทธิกษัตริย์,วิสุทธิกษัตริย์,07:00-09:00,2.0,3409.0,1704.5
7599,2021-08-25,โควิด,บางยี่เรือ,เทอดไท,07:00-09:00,2.0,2417.0,1208.5
7603,2021-08-25,โควิด,บางยี่เรือ,เทอดไท,16:00-19:00,3.0,4098.0,1366.0
7607,2021-08-25,โควิด,บางยี่เรือ,เทอดไท,09:00-16:00,7.0,9781.0,1397.2857142857142
7638,2021-08-31,โควิด,หมอเหล็ง,ราชปรารภ,07:00-09:00,2.0,3625.0,1812.5
7639,2021-08-31,โควิด,หมอเหล็ง,ศรีอยุธยา,07:00-09:00,2.0,1480.0,740.0
7640,2021-08-31,โควิด,หมอเหล็ง,จตุรทิศ,07:00-09:00,2.0,118.0,59.0
7659,2021-09-02,โควิด,โพธิ์สามต้น,อิสรภาพ,07:00-09:00,2.0,2643.0,1321.5
7660,2021-09-02,โควิด,โพธิ์สามต้น,วังเดิม,07:00-09:00,2.0,754.0,377.0
7679,2021-09-06,โควิด,เตาปูน,ประชาราษฎร์สาย2,07:00-09:00,2.0,2082.0,1041.0
7692,2021-09-07,โควิด,บางโพ,ประชาราษฎร์สาย1,07:00-09:00,2.0,3755.0,1877.5
7693,2021-09-07,โควิด,บางโพ,ประชาราษฎร์สาย2,07:00-09:00,2.0,1202.0,601.0
7704,2021-09-08,โควิด,โรงกรองน้ำ,พระรามที่6,07:00-09:00,2.0,4799.0,2399.5
7705,2021-09-08,โควิด,โรงกรองน้ำ,นครไชยศรี,07:00-09:00,2.0,1899.0,949.5
7710,2021-09-10,โควิด,สามเสน,สวรรคโลก,07:00-09:00,2.0,2194.0,1097.0
7711,2021-09-10,โควิด,สามเสน,เทอดดำริ,07:00-09:00,2.0,1277.0,638.5
7712,2021-09-10,โควิด,สามเสน,นครไชยศรี,07:00-09:00,2.0,2214.0,1107.0
7719,2021-09-13,โควิด,ท่าพระ,รัชดาภิเษก,07:00-09:00,2.0,1506.0,753.0
7720,2021-09-13,โควิด,ท่าพระ,จรัญสนิทวงศ์,07:00-09:00,2.0,2282.0,1141.0
7721,2021-09-13,โควิด,ท่าพระ,เพชรเกษม,07:00-09:00,2.0,6151.0,3075.5
7724,2021-09-13,โควิด,บางขุนนนท์,จรัญสนิทวงศ์,07:00-09:00,2.0,4676.0,2338.0
7725,2021-09-13,โควิด,บางขุนนนท์,บางกอกน้อยตลิ่งชัน,07:00-09:00,2.0,1279.0,639.5
7727,2021-09-13,โควิด,ประชาชื่น,ประชาชื่น,07:00-09:00,2.0,2754.0,1377.0
7728,2021-09-13,โควิด,ประชาชื่น,ประชาราษฎร์สาย2,07:00-09:00,2.0,3176.0,1588.0
7749,2021-09-15,โควิด,สะพานดำ,พระรามที่6,07:00-09:00,2.0,3244.0,1622.0
7750,2021-09-15,โควิด,สะพานดำ,กำแพงเพชร5,07:00-09:00,2.0,6.0,3.0
7758,2021-09-17,โควิด,เสาวณี,สวรรคโลก,07:00-09:00,2.0,2175.0,1087.5
7759,2021-09-17,โควิด,เสาวณี,ศรีอยุธยา,07:00-09:00,2.0,3669.0,1834.5
7764,2021-09-19,โควิด,พงษ์เพชร,ประชาชื่น,07:00-09:00,2.0,6436.0,3218.0
7765,2021-09-19,โควิด,พงษ์เพชร,งามวงศ์วาน,07:00-09:00,2.0,15526.0,7763.0
7778,2021-09-20,โควิด,จันทน์-นราธิวาส,นราธิวาสราชนครินทร์,16:00-19:00,3.0,6142.0,2047.3333333333333
7779,2021-09-20,โควิด,จันทน์-นราธิวาส,จันทน์,16:00-19:00,3.0,2713.0,904.3333333333334
7783,2021-09-20,โควิด,จันทน์-นราธิวาส,นราธิวาสราชนครินทร์,09:00-16:00,7.0,16854.0,2407.714285714286
7784,2021-09-20,โควิด,จันทน์-นราธิวาส,จันทน์,09:00-16:00,7.0,6560.0,937.1428571428571
7793,2021-09-22,โควิด,วัดประชา,พระรามที่5,07:00-09:00,2.0,4721.0,2360.5
7798,2021-09-22,โควิด,บางพลัด,จรัญสนิทวงศ์,07:00-09:00,2.0,7508.0,3754.0
7799,2021-09-22,โควิด,บางพลัด,สิรินธร,07:00-09:00,2.0,6370.0,3185.0
7800,2021-09-22,โควิด,บางพลัด,ราชวิถี,07:00-09:00,2.0,2113.0,1056.5
7827,2021-09-23,โควิด,สุวินทวงศ์-ราษฎร์อุทิศ,ราษฎร์อุทิศ,07:00-09:00,2.0,3000.0,1500.0
7828,2021-09-23,โควิด,สุวินทวงศ์-ราษฎร์อุทิศ,สุวินทวงศ์,07:00-09:00,2.0,4774.0,2387.0
7843,2021-10-04,โควิด,วงศ์สว่าง,วงศ์สว่าง,07:00-09:00,2.0,5897.0,2948.5
7844,2021-10-04,โควิด,วงศ์สว่าง,รัชดาภิเษก,07:00-09:00,2.0,5389.0,2694.5
7860,2021-10-06,โควิด,ตากสิน,สมเด็จพระเจ้าตากสิน,07:00-09:00,2.0,8331.0,4165.5
7861,2021-10-06,โควิด,ตากสิน,ราชพฤกษ์,07:00-09:00,2.0,8387.0,4193.5
7862,2021-10-06,โควิด,ตากสิน,กรุงธนบุรี,07:00-09:00,2.0,9372.0,4686.0
7863,2021-10-06,โควิด,หลักสี่,กำแพงเพชร6,07:00-09:00,2.0,3727.0,1863.5
7864,2021-10-06,โควิด,หลักสี่,แจ้งวัฒนะ,07:00-09:00,2.0,5770.0,2885.0
7882,2021-10-08,โควิด,เศรษฐศิริ,เศรษฐศิริ,07:00-09:00,2.0,310.0,155.0
7902,2021-10-14,โควิด,พระรามที่2,สุขสวัสดิ์,07:00-09:00,2.0,10709.0,5354.5
7903,2021-10-14,โควิด,พระรามที่2,พระรามที่2,07:00-09:00,2.0,8766.0,4383.0
7906,2021-10-14,โควิด,สะพานควาย,พหลโยธิน,07:00-09:00,2.0,5567.0,2783.5
7907,2021-10-14,โควิด,สะพานควาย,ประดิพัทธ์,07:00-09:00,2.0,1943.0,971.5
7908,2021-10-14,โควิด,สะพานควาย,สุทธิสาร,07:00-09:00,2.0,1911.0,955.5
7931,2021-10-20,โควิด,บางกระบือ,สามเสน,07:00-09:00,2.0,2754.0,1377.0
7932,2021-10-20,โควิด,บางกระบือ,เขียวไข่กา,07:00-09:00,2.0,21.0,10.5
7933,2021-10-20,โควิด,บางกระบือ,อำนวยสงคราม,07:00-09:00,2.0,571.0,285.5
7937,2021-10-20,โควิด,สวนรื่นฤดี,สุโขทัย,07:00-09:00,2.0,2439.0,1219.5
7945,2021-10-20,โควิด,บางกระบือ,สามเสน,16:00-19:00,3.0,4706.0,1568.6666666666667
7946,2021-10-20,โควิด,บางกระบือ,เขียวไข่กา,16:00-19:00,3.0,41.0,13.666666666666666
7947,2021-10-20,โควิด,บางกระบือ,อำนวยสงคราม,16:00-19:00,3.0,1413.0,471.0
7953,2021-10-20,โควิด,บางกระบือ,สามเสน,09:00-16:00,7.0,10704.0,1529.142857142857
7954,2021-10-20,โควิด,บางกระบือ,เขียวไข่กา,09:00-16:00,7.0,94.0,13.428571428571429
7955,2021-10-20,โควิด,บางกระบือ,อำนวยสงคราม,09:00-16:00,7.0,2780.0,397.14285714285717
7977,2021-10-26,โควิด,เพชรเกษม-ราชพฤกษ์,ราชพฤกษ์,07:00-09:00,2.0,16619.0,8309.5
7978,2021-10-26,โควิด,ประดิพัทธ์,พระรามที่6,07:00-09:00,2.0,3993.0,1996.5
7979,2021-10-26,โควิด,เพชรเกษม-ราชพฤกษ์,เพชรเกษม,07:00-09:00,2.0,7903.0,3951.5
7993,2021-10-27,โควิด,ราชวงศ์,ราชวงศ์,07:00-09:00,2.0,1060.0,530.0
7994,2021-10-27,โควิด,ราชวงศ์,เยาวราช,07:00-09:00,2.0,1943.0,971.5
8118,2021-11-09,โควิด,หมอมี,พระรามที่4,07:00-09:00,2.0,713.0,356.5
8119,2021-11-09,โควิด,หมอมี,เจริญกรุง,07:00-09:00,2.0,2649.0,1324.5
8127,2021-11-10,โควิด,คลองประปา,ประชาชื่น,07:00-09:00,2.0,2064.0,1032.0
8128,2021-11-10,โควิด,คลองประปา,เลียบคลองประปา,07:00-09:00,2.0,1502.0,751.0
8129,2021-11-10,โควิด,คลองประปา,แจ้งวัฒนะ,07:00-09:00,2.0,14405.0,7202.5
8136,2021-11-11,โควิด,วังแดง,ราชสีมา,07:00-09:00,2.0,2774.0,1387.0
8137,2021-11-11,โควิด,วังแดง,พิษณุโลก,07:00-09:00,2.0,1711.0,855.5
8142,2021-11-12,โควิด,สีลม-นราธิวาส,นราธิวาสราชนครินทร์,07:00-09:00,2.0,4083.0,2041.5
8143,2021-11-12,โควิด,สีลม-นราธิวาส,สีลม,07:00-09:00,2.0,4399.0,2199.5
8148,2021-11-15,โควิด,พระราม9ใหม่,เพชรพระราม,07:00-09:00,2.0,620.0,310.0
8181,2021-11-19,โควิด,วิทยุ,สาทร,07:00-09:00,2.0,4205.0,2102.5
8182,2021-11-19,โควิด,วิทยุ,วิทยุ,07:00-09:00,2.0,2764.0,1382.0
8183,2021-11-19,โควิด,วิทยุ,พระรามที่4,07:00-09:00,2.0,15320.0,7660.0
8184,2021-11-19,โควิด,วิทยุ,สาทร,16:00-19:00,3.0,6597.0,2199.0
8185,2021-11-19,โควิด,วิทยุ,วิทยุ,16:00-19:00,3.0,4196.0,1398.6666666666667
8186,2021-11-19,โควิด,วิทยุ,พระรามที่4,16:00-19:00,3.0,19397.0,6465.666666666667
8187,2021-11-19,โควิด,วิทยุ,สาทร,09:00-16:00,7.0,15470.0,2210.0
8188,2021-11-19,โควิด,วิทยุ,วิทยุ,09:00-16:00,7.0,10231.0,1461.5714285714287
8189,2021-11-19,โควิด,วิทยุ,พระรามที่4,09:00-16:00,7.0,46553.0,6650.428571428572
8190,2021-11-22,โควิด,วัดสะพานสูง,เตชะวณิช,07:00-09:00,2.0,4695.0,2347.5
8191,2021-11-22,โควิด,วัดสะพานสูง,พระรามที่6,07:00-09:00,2.0,1182.0,591.0
8202,2021-11-23,โควิด,แบริ่ง,สุขุมวิท,07:00-09:00,2.0,7570.0,3785.0
8214,2021-11-25,โควิด,สามแยกบางกะปิ,ศรีนครินทร์,07:00-09:00,2.0,1062.0,531.0
8215,2021-11-25,โควิด,สามแยกบางกะปิ,ลาดพร้าว,07:00-09:00,2.0,4331.0,2165.5
8220,2021-11-26,โควิด,พงษ์พระราม,จารุเมือง,07:00-09:00,2.0,384.0,192.0
8221,2021-11-26,โควิด,พงษ์พระราม,พระรามที่1,07:00-09:00,2.0,6073.0,3036.5
8226,2021-11-29,โควิด,ด่วนสาธุ,สาธุประดิษฐ์,07:00-09:00,2.0,3904.0,1952.0
8227,2021-11-29,โควิด,ด่วนสาธุ,รัชดาภิเษก,07:00-09:00,2.0,10520.0,5260.0
8232,2021-11-30,โควิด,พหลโยธิน-เทพรักษ์,พหลโยธิน,07:00-09:00,2.0,6192.0,3096.0
8233,2021-11-30,โควิด,พหลโยธิน-เทพรักษ์,เทพรักษ์,07:00-09:00,2.0,3081.0,1540.5
8244,2021-12-01,โควิด,เพชรบุรี-ทองหล่อ,เพชรบุรี,07:00-09:00,2.0,10847.0,5423.5
8253,2021-12-02,โควิด,เจริญผล,บรรทัดทอง,07:00-09:00,2.0,2446.0,1223.0
8254,2021-12-02,โควิด,เจริญผล,พระรามที่1,07:00-09:00,2.0,3508.0,1754.0
8261,2021-12-03,โควิด,เพชรเกษม69,เพชรเกษม,07:00-09:00,2.0,10486.0,5243.0
8264,2021-12-03,โควิด,เพชรเกษม69,เพชรเกษม,16:00-19:00,3.0,16239.0,5413.0
8267,2021-12-03,โควิด,เพชรเกษม69,เพชรเกษม,09:00-16:00,7.0,39607.0,5658.142857142857
8277,2021-12-08,โควิด,บางขุนเทียน-พระยามนธาตุราชศรีพิจิตร์,บางขุนเทียน,07:00-09:00,2.0,6592.0,3296.0
8278,2021-12-08,โควิด,บางขุนเทียน-พระยามนธาตุราชศรีพิจิตร์,พระยามนธาตุราชศรีพิจิตร์,07:00-09:00,2.0,1072.0,536.0
8283,2021-12-09,โควิด,พญาไท,พญาไท,07:00-09:00,2.0,6771.0,3385.5
8284,2021-12-09,โควิด,พญาไท,ศรีอยุธยา,07:00-09:00,2.0,12068.0,6034.0
8289,2021-12-13,โควิด,พระราม9,รัชดาภิเษก,07:00-09:00,2.0,7970.0,3985.0
8290,2021-12-13,โควิด,พระราม9,อโศกดินแดง,07:00-09:00,2.0,5705.0,2852.5
8291,2021-12-13,โควิด,พระราม9,พระราม9,07:00-09:00,2.0,5227.0,2613.5
8299,2021-12-14,โควิด,นวมินทร์-ประเสริฐมนูกิจ,ประเสริฐมนูกิจ,07:00-09:00,2.0,6515.0,3257.5
8304,2021-12-15,โควิด,เพชรบุรี-ชิดลม,เพชรบุรี,07:00-09:00,2.0,7588.0,3794.0
8305,2021-12-15,โควิด,หลังสวน,หลังสวน,07:00-09:00,2.0,2123.0,1061.5
8306,2021-12-15,โควิด,หลังสวน,สารสิน,07:00-09:00,2.0,1858.0,929.0
8319,2021-12-17,โควิด,ราชเทวี,พญาไท,07:00-09:00,2.0,7413.0,3706.5
8320,2021-12-17,โควิด,ราชเทวี,เพชรบุรี,07:00-09:00,2.0,8764.0,4382.0
8349,2021-12-22,โควิด,ห้วยขวาง,รัชดาภิเษก,07:00-09:00,2.0,11654.0,5827.0
8350,2021-12-22,โควิด,ห้วยขวาง,ประชาสงเคราะห์,07:00-09:00,2.0,3050.0,1525.0
8351,2021-12-22,โควิด,ห้วยขวาง,รัชดาภิเษก,16:00-19:00,3.0,21716.0,7238.666666666667
8352,2021-12-22,โควิด,ห้วยขวาง,ประชาสงเคราะห์,16:00-19:00,3.0,3509.0,1169.6666666666667
8353,2021-12-22,โควิด,ห้วยขวาง,รัชดาภิเษก,09:00-16:00,7.0,40359.0,5765.571428571428
8354,2021-12-22,โควิด,ห้วยขวาง,ประชาสงเคราะห์,09:00-16:00,7.0,9377.0,1339.5714285714287
8370,2021-12-27,โควิด,นิด้า,ศรีบูรพา,07:00-09:00,2.0,3678.0,1839.0
8371,2021-12-27,โควิด,นิด้า,เสรีไทย,07:00-09:00,2.0,5696.0,2848.0
8376,2021-12-29,โควิด,มิตรไมตรี-มิตรไมตรี2,มิตรไมตรี,07:00-09:00,2.0,1181.0,590.5
8377,2021-12-29,โควิด,มิตรไมตรี-มิตรไมตรี2,มิตรไมตรี2,07:00-09:00,2.0,1302.0,651.0
8378,2021-12-29,โควิด,มิตรไมตรี-มิตรไมตรี2,มิตรไมตรี,16:00-19:00,3.0,1029.0,343.0
8379,2021-12-29,โควิด,มิตรไมตรี-มิตรไมตรี2,มิตรไมตรี2,16:00-19:00,3.0,829.0,276.3333333333333
8380,2021-12-29,โควิด,มิตรไมตรี-มิตรไมตรี2,มิตรไมตรี,09:00-16:00,7.0,3000.0,428.57142857142856
8381,2021-12-29,โควิด,มิตรไมตรี-มิตรไมตรี2,มิตรไมตรี2,09:00-16:00,7.0,2834.0,404.85714285714283
8382,2021-12-30,โควิด,ศรีอยุธยา,พระรามที่6,07:00-09:00,2.0,5277.0,2638.5
8383,2021-12-30,โควิด,ศรีอยุธยา,ศรีอยุธยา,07:00-09:00,2.0,7219.0,3609.5
8391,2022-01-04,หลังโควิด,จอมทอง,วุฒากาศ,07:00-09:00,2.0,994.0,497.0
8392,2022-01-04,หลังโควิด,จอมทอง,วุฒากาศ,09:00-16:00,7.0,3843.0,549.0
8393,2022-01-04,หลังโควิด,จอมทอง,วุฒากาศ,16:00-19:00,3.0,2090.0,696.6666666666666
8394,2022-01-04,หลังโควิด,จอมทอง,จอมทอง,07:00-09:00,2.0,2881.0,1440.5
8395,2022-01-04,หลังโควิด,จอมทอง,จอมทอง,09:00-16:00,7.0,9013.0,1287.5714285714287
8396,2022-01-04,หลังโควิด,จอมทอง,จอมทอง,16:00-19:00,3.0,3975.0,1325.0
8404,2022-01-05,หลังโควิด,นานา,สุขุมวิท,09:00-16:00,7.0,13838.0,1976.857142857143
8415,2022-01-07,หลังโควิด,สาทร-นราธิวาส,สาทร,07:00-09:00,2.0,9310.0,4655.0
8416,2022-01-07,หลังโควิด,สาทร-นราธิวาส,สาทร,09:00-16:00,7.0,31663.0,4523.285714285715
8417,2022-01-07,หลังโควิด,สาทร-นราธิวาส,สาทร,16:00-19:00,3.0,13650.0,4550.0
8529,2022-01-19,หลังโควิด,มไหสวรรย์,มไหสวรรย์,07:00-09:00,2.0,3067.0,1533.5
8530,2022-01-19,หลังโควิด,มไหสวรรย์,มไหสวรรย์,09:00-16:00,7.0,11476.0,1639.4285714285713
8531,2022-01-19,หลังโควิด,มไหสวรรย์,มไหสวรรย์,16:00-19:00,3.0,5148.0,1716.0
8550,2022-01-21,หลังโควิด,ซังฮี้,สามเสน,07:00-09:00,2.0,3592.0,1796.0
8551,2022-01-24,หลังโควิด,ซังฮี้,สามเสน,09:00-16:00,7.0,17766.0,2538.0
8552,2022-01-24,หลังโควิด,ซังฮี้,สามเสน,16:00-19:00,3.0,6355.0,2118.3333333333335
8553,2022-01-24,หลังโควิด,ซังฮี้,ราชวิถี,07:00-09:00,2.0,2755.0,1377.5
8554,2022-01-24,หลังโควิด,ซังฮี้,ราชวิถี,09:00-16:00,7.0,8534.0,1219.142857142857
8555,2022-01-24,หลังโควิด,ซังฮี้,ราชวิถี,16:00-19:00,3.0,4110.0,1370.0
8571,2022-01-26,หลังโควิด,ลาดปลาเค้า,ลาดปลาเค้า,07:00-09:00,2.0,1576.0,788.0
8572,2022-01-26,หลังโควิด,ลาดปลาเค้า,ลาดปลาเค้า,09:00-16:00,7.0,5438.0,776.8571428571429
8573,2022-01-26,หลังโควิด,ลาดปลาเค้า,ลาดปลาเค้า,16:00-19:00,3.0,1975.0,658.3333333333334
8574,2022-01-26,หลังโควิด,ลาดปลาเค้า,รามอินทรา,07:00-09:00,2.0,10116.0,5058.0
8575,2022-01-26,หลังโควิด,ลาดปลาเค้า,รามอินทรา,09:00-16:00,7.0,43079.0,6154.142857142857
8576,2022-01-26,หลังโควิด,ลาดปลาเค้า,รามอินทรา,16:00-19:00,3.0,20853.0,6951.0
8613,2022-01-31,หลังโควิด,มัฆวาน,กรุงเกษม,07:00-09:00,2.0,2204.0,1102.0
8614,2022-01-31,หลังโควิด,มัฆวาน,กรุงเกษม,09:00-16:00,7.0,7455.0,1065.0
8615,2022-01-31,หลังโควิด,มัฆวาน,กรุงเกษม,16:00-19:00,3.0,3315.0,1105.0
8616,2022-02-01,หลังโควิด,กล้วยน้ำไท,พระรามที่4,07:00-09:00,2.0,2308.0,1154.0
8617,2022-02-01,หลังโควิด,กล้วยน้ำไท,พระรามที่4,09:00-16:00,7.0,5390.0,770.0
8618,2022-02-01,หลังโควิด,กล้วยน้ำไท,พระรามที่4,16:00-19:00,3.0,1434.0,478.0
8625,2022-02-02,หลังโควิด,เทียมร่วมมิตร,เทียมร่วมมิตร,07:00-09:00,2.0,3740.0,1870.0
8626,2022-02-02,หลังโควิด,เทียมร่วมมิตร,เทียมร่วมมิตร,09:00-16:00,7.0,11036.0,1576.5714285714287
8627,2022-02-02,หลังโควิด,เทียมร่วมมิตร,เทียมร่วมมิตร,16:00-19:00,3.0,5170.0,1723.3333333333333
8649,2022-02-07,หลังโควิด,เจริญราษฎร์,เจริญราษฎร์,07:00-09:00,2.0,2883.0,1441.5
8650,2022-02-07,หลังโควิด,เจริญราษฎร์,เจริญราษฎร์,09:00-16:00,7.0,10204.0,1457.7142857142858
8651,2022-02-07,หลังโควิด,เจริญราษฎร์,เจริญราษฎร์,16:00-19:00,3.0,3905.0,1301.6666666666667
8652,2022-02-07,หลังโควิด,เจริญราษฎร์,พระรามที่3,07:00-09:00,2.0,13308.0,6654.0
8653,2022-02-07,หลังโควิด,เจริญราษฎร์,พระรามที่3,09:00-16:00,7.0,39731.0,5675.857142857143
8654,2022-02-07,หลังโควิด,เจริญราษฎร์,พระรามที่3,16:00-19:00,3.0,18319.0,6106.333333333333
8661,2022-02-09,หลังโควิด,เจ้าคุณทหาร-ฉลองกรุง,ฉลองกรุง,07:00-09:00,2.0,6484.0,3242.0
8662,2022-02-09,หลังโควิด,เจ้าคุณทหาร-ฉลองกรุง,ฉลองกรุง,09:00-16:00,7.0,20707.0,2958.1428571428573
8663,2022-02-09,หลังโควิด,เจ้าคุณทหาร-ฉลองกรุง,ฉลองกรุง,16:00-19:00,3.0,9265.0,3088.3333333333335
8664,2022-02-09,หลังโควิด,เจ้าคุณทหาร-ฉลองกรุง,เจ้าคุณทหาร,07:00-09:00,2.0,2230.0,1115.0
8665,2022-02-09,หลังโควิด,เจ้าคุณทหาร-ฉลองกรุง,เจ้าคุณทหาร,09:00-16:00,7.0,7924.0,1132.0
8666,2022-02-09,หลังโควิด,เจ้าคุณทหาร-ฉลองกรุง,เจ้าคุณทหาร,16:00-19:00,3.0,3938.0,1312.6666666666667
8673,2022-02-11,หลังโควิด,วัดดวงแข,จารุเมือง,07:00-09:00,2.0,1608.0,804.0
8674,2022-02-11,หลังโควิด,วัดดวงแข,จารุเมือง,09:00-16:00,7.0,6328.0,904.0
8675,2022-02-11,หลังโควิด,วัดดวงแข,จารุเมือง,16:00-19:00,3.0,2805.0,935.0
8676,2022-02-11,หลังโควิด,วัดดวงแข,เจริญเมือง,07:00-09:00,2.0,1038.0,519.0
8677,2022-02-11,หลังโควิด,วัดดวงแข,เจริญเมือง,09:00-16:00,7.0,5130.0,732.8571428571429
8678,2022-02-11,หลังโควิด,วัดดวงแข,เจริญเมือง,16:00-19:00,3.0,2128.0,709.3333333333334
8706,2022-02-18,หลังโควิด,อังรีดูนังต์,สุรวงศ์,07:00-09:00,2.0,1395.0,697.5
8707,2022-02-18,หลังโควิด,อังรีดูนังต์,สุรวงศ์,09:00-16:00,7.0,4993.0,713.2857142857143
8708,2022-02-18,หลังโควิด,อังรีดูนังต์,สุรวงศ์,16:00-19:00,3.0,2221.0,740.3333333333334
8709,2022-02-18,หลังโควิด,อังรีดูนังต์,อังรีดูนังต์,07:00-09:00,2.0,1650.0,825.0
8710,2022-02-18,หลังโควิด,อังรีดูนังต์,อังรีดูนังต์,09:00-16:00,7.0,7876.0,1125.142857142857
8711,2022-02-18,หลังโควิด,อังรีดูนังต์,อังรีดูนังต์,16:00-19:00,3.0,3712.0,1237.3333333333333
8712,2022-02-18,หลังโควิด,อังรีดูนังต์,พระรามที่4,07:00-09:00,2.0,7208.0,3604.0
8713,2022-02-18,หลังโควิด,อังรีดูนังต์,พระรามที่4,09:00-16:00,7.0,26028.0,3718.285714285714
8714,2022-02-18,หลังโควิด,อังรีดูนังต์,พระรามที่4,16:00-19:00,3.0,12366.0,4122.0
8730,2022-02-22,หลังโควิด,บรมราชชนนี,บรมราชชนนี,07:00-09:00,2.0,2426.0,1213.0
8731,2022-02-22,หลังโควิด,บรมราชชนนี,บรมราชชนนี,09:00-16:00,7.0,8639.0,1234.142857142857
8732,2022-02-22,หลังโควิด,บรมราชชนนี,บรมราชชนนี,16:00-19:00,3.0,4443.0,1481.0
8745,2022-02-23,หลังโควิด,วัดเทพลีลา,รามคำแหง,07:00-09:00,2.0,5898.0,2949.0
8746,2022-02-23,หลังโควิด,วัดเทพลีลา,รามคำแหง,09:00-16:00,7.0,20161.0,2880.1428571428573
8747,2022-02-23,หลังโควิด,วัดเทพลีลา,รามคำแหง,16:00-19:00,3.0,7576.0,2525.3333333333335
8760,2022-02-28,หลังโควิด,บางแค,บางแค,07:00-09:00,2.0,794.0,397.0
8761,2022-02-28,หลังโควิด,บางแค,บางแค,09:00-16:00,7.0,2267.0,323.85714285714283
8762,2022-02-28,หลังโควิด,บางแค,บางแค,16:00-19:00,3.0,979.0,326.3333333333333
8763,2022-02-28,หลังโควิด,บางแค,เพชรเกษม,07:00-09:00,2.0,9394.0,4697.0
8764,2022-02-28,หลังโควิด,บางแค,เพชรเกษม,09:00-16:00,7.0,30148.0,4306.857142857143
8765,2022-02-28,หลังโควิด,บางแค,เพชรเกษม,16:00-19:00,3.0,12580.0,4193.333333333333
8766,2022-03-01,หลังโควิด,แปลงนาม,แปลงนาม,07:00-09:00,2.0,123.0,61.5
8767,2022-03-01,หลังโควิด,แปลงนาม,แปลงนาม,09:00-16:00,7.0,457.0,65.28571428571429
8768,2022-03-01,หลังโควิด,แปลงนาม,แปลงนาม,16:00-19:00,3.0,327.0,109.0
8775,2022-03-02,หลังโควิด,เสือป่า,เสือป่า,07:00-09:00,2.0,1352.0,676.0
8776,2022-03-02,หลังโควิด,เสือป่า,เสือป่า,09:00-16:00,7.0,6327.0,903.8571428571429
8777,2022-03-02,หลังโควิด,เสือป่า,เสือป่า,16:00-19:00,3.0,2909.0,969.6666666666666
8784,2022-03-03,หลังโควิด,สุโขทัย,สุโขทัย,07:00-09:00,2.0,5974.0,2987.0
8785,2022-03-03,หลังโควิด,สุโขทัย,สุโขทัย,09:00-16:00,7.0,16297.0,2328.1428571428573
8786,2022-03-03,หลังโควิด,สุโขทัย,สุโขทัย,16:00-19:00,3.0,7956.0,2652.0
8793,2022-03-07,หลังโควิด,ท่าดินแดง,ท่าดินแดง,07:00-09:00,2.0,1016.0,508.0
8794,2022-03-07,หลังโควิด,ท่าดินแดง,ท่าดินแดง,09:00-16:00,7.0,4006.0,572.2857142857143
8795,2022-03-07,หลังโควิด,ท่าดินแดง,ท่าดินแดง,16:00-19:00,3.0,1869.0,623.0
8806,2022-03-09,หลังโควิด,ราชประสงค์,ราชดำริ,09:00-16:00,7.0,11932.0,1704.5714285714287
8809,2022-03-09,หลังโควิด,ราชประสงค์,พระรามที่1,09:00-16:00,7.0,3762.0,537.4285714285714
8811,2022-03-09,หลังโควิด,ราชประสงค์,เพลินจิต,07:00-09:00,2.0,4300.0,2150.0
8812,2022-03-09,หลังโควิด,ราชประสงค์,เพลินจิต,09:00-16:00,7.0,15638.0,2234.0
8813,2022-03-09,หลังโควิด,ราชประสงค์,เพลินจิต,16:00-19:00,3.0,6771.0,2257.0
8814,2022-03-10,หลังโควิด,รัชโยธิน,พหลโยธิน,07:00-09:00,2.0,8289.0,4144.5
8815,2022-03-10,หลังโควิด,รัชโยธิน,พหลโยธิน,09:00-16:00,7.0,34996.0,4999.428571428572
8816,2022-03-10,หลังโควิด,รัชโยธิน,พหลโยธิน,16:00-19:00,3.0,14273.0,4757.666666666667
8821,2022-03-11,หลังโควิด,สี่พระยา,เจริญกรุง,09:00-16:00,7.0,15603.0,2229.0
8824,2022-03-11,หลังโควิด,สี่พระยา,สี่พระยา,09:00-16:00,7.0,1415.0,202.14285714285714
8826,2022-03-11,หลังโควิด,ปากทางลาดพร้าว,ลาดพร้าว,07:00-09:00,2.0,3009.0,1504.5
8827,2022-03-11,หลังโควิด,ปากทางลาดพร้าว,ลาดพร้าว,09:00-16:00,7.0,8892.0,1270.2857142857142
8828,2022-03-11,หลังโควิด,ปากทางลาดพร้าว,ลาดพร้าว,16:00-19:00,3.0,3853.0,1284.3333333333333
8829,2022-03-11,หลังโควิด,ปากทางลาดพร้าว,พหลโยธิน,07:00-09:00,2.0,7713.0,3856.5
8830,2022-03-11,หลังโควิด,ปากทางลาดพร้าว,พหลโยธิน,09:00-16:00,7.0,25638.0,3662.5714285714284
8831,2022-03-11,หลังโควิด,ปากทางลาดพร้าว,พหลโยธิน,16:00-19:00,3.0,10906.0,3635.3333333333335
8853,2022-03-16,หลังโควิด,คลองเตย,สุนทรโกษา,07:00-09:00,2.0,1293.0,646.5
8854,2022-03-16,หลังโควิด,คลองเตย,สุนทรโกษา,09:00-16:00,7.0,4759.0,679.8571428571429
8856,2022-03-16,หลังโควิด,คลองเตย,พระรามที่4,07:00-09:00,2.0,7141.0,3570.5
8857,2022-03-16,หลังโควิด,คลองเตย,พระรามที่4,09:00-16:00,7.0,25778.0,3682.5714285714284
8859,2022-03-17,หลังโควิด,ขัตติยานี,พิชัย,07:00-09:00,2.0,607.0,303.5
8860,2022-03-17,หลังโควิด,ขัตติยานี,พิชัย,09:00-16:00,7.0,1431.0,204.42857142857142
8861,2022-03-17,หลังโควิด,ขัตติยานี,พิชัย,16:00-19:00,3.0,561.0,187.0
8862,2022-03-17,หลังโควิด,ขัตติยานี,สุโขทัย,07:00-09:00,2.0,2817.0,1408.5
8863,2022-03-17,หลังโควิด,ขัตติยานี,สุโขทัย,09:00-16:00,7.0,9253.0,1321.857142857143
8864,2022-03-17,หลังโควิด,ขัตติยานี,สุโขทัย,16:00-19:00,3.0,4138.0,1379.3333333333333
8871,2022-03-21,หลังโควิด,บางลำพู,สามเสน,07:00-09:00,2.0,1040.0,520.0
8872,2022-03-21,หลังโควิด,บางลำพู,สามเสน,09:00-16:00,7.0,5196.0,742.2857142857143
8873,2022-03-21,หลังโควิด,บางลำพู,สามเสน,16:00-19:00,3.0,2666.0,888.6666666666666
8880,2022-03-22,หลังโควิด,พระโขนง,สุขุมวิท,07:00-09:00,2.0,6486.0,3243.0
8881,2022-03-22,หลังโควิด,พระโขนง,สุขุมวิท,09:00-16:00,7.0,23711.0,3387.285714285714
8882,2022-03-22,หลังโควิด,พระโขนง,สุขุมวิท,16:00-19:00,3.0,10629.0,3543.0
8883,2022-03-22,หลังโควิด,สุขุมวิท-พระรามที่4,พระรามที่4,07:00-09:00,2.0,1468.0,734.0
8884,2022-03-22,หลังโควิด,สุขุมวิท-พระรามที่4,พระรามที่4,09:00-16:00,7.0,5537.0,791.0
8885,2022-03-22,หลังโควิด,สุขุมวิท-พระรามที่4,พระรามที่4,16:00-19:00,3.0,2956.0,985.3333333333334
8886,2022-03-22,หลังโควิด,สุขุมวิท-พระรามที่4,สุขุมวิท,07:00-09:00,2.0,8188.0,4094.0
8887,2022-03-22,หลังโควิด,สุขุมวิท-พระรามที่4,สุขุมวิท,09:00-16:00,7.0,27643.0,3949.0
8888,2022-03-22,หลังโควิด,สุขุมวิท-พระรามที่4,สุขุมวิท,16:00-19:00,3.0,12211.0,4070.3333333333335
8889,2022-03-23,หลังโควิด,เทอดดำริ,เทอดดำริ,07:00-09:00,2.0,2106.0,1053.0
8890,2022-03-23,หลังโควิด,เทอดดำริ,เทอดดำริ,09:00-16:00,7.0,4862.0,694.5714285714286
8891,2022-03-23,หลังโควิด,เทอดดำริ,เทอดดำริ,16:00-19:00,3.0,2434.0,811.3333333333334
8892,2022-03-23,หลังโควิด,เทอดดำริ,ประดิพัทธ์,07:00-09:00,2.0,2642.0,1321.0
8893,2022-03-23,หลังโควิด,เทอดดำริ,ประดิพัทธ์,09:00-16:00,7.0,9195.0,1313.5714285714287
8894,2022-03-23,หลังโควิด,เทอดดำริ,ประดิพัทธ์,16:00-19:00,3.0,4003.0,1334.3333333333333
8901,2022-03-25,หลังโควิด,ประชาอุทิศ,ประชาอุทิศ,07:00-09:00,2.0,2497.0,1248.5
8902,2022-03-25,หลังโควิด,ประชาอุทิศ,ประชาอุทิศ,09:00-16:00,7.0,7963.0,1137.5714285714287
8903,2022-03-25,หลังโควิด,ประชาอุทิศ,ประชาอุทิศ,16:00-19:00,3.0,3740.0,1246.6666666666667
8904,2022-03-25,หลังโควิด,ประชาอุทิศ,สุขสวัสดิ์,07:00-09:00,2.0,8128.0,4064.0
8905,2022-03-25,หลังโควิด,ประชาอุทิศ,สุขสวัสดิ์,09:00-16:00,7.0,25812.0,3687.4285714285716
8906,2022-03-25,หลังโควิด,ประชาอุทิศ,สุขสวัสดิ์,16:00-19:00,3.0,12542.0,4180.666666666667
8907,2022-03-28,หลังโควิด,ประตูน้ำ,ราชดำริ,07:00-09:00,2.0,2247.0,1123.5
8908,2022-03-28,หลังโควิด,ประตูน้ำ,ราชดำริ,09:00-16:00,7.0,9564.0,1366.2857142857142
8909,2022-03-28,หลังโควิด,ประตูน้ำ,ราชดำริ,16:00-19:00,3.0,4764.0,1588.0
8910,2022-03-28,หลังโควิด,ประตูน้ำ,ราชปรารภ,07:00-09:00,2.0,1265.0,632.5
8911,2022-03-28,หลังโควิด,ประตูน้ำ,ราชปรารภ,09:00-16:00,7.0,848.0,121.14285714285714
8912,2022-03-28,หลังโควิด,ประตูน้ำ,ราชปรารภ,16:00-19:00,3.0,235.0,78.33333333333333
8913,2022-03-28,หลังโควิด,ประตูน้ำ,เพชรบุรี,07:00-09:00,2.0,6822.0,3411.0
8914,2022-03-28,หลังโควิด,ประตูน้ำ,เพชรบุรี,09:00-16:00,7.0,26023.0,3717.5714285714284
8915,2022-03-28,หลังโควิด,ประตูน้ำ,เพชรบุรี,16:00-19:00,3.0,11330.0,3776.6666666666665
8926,2022-03-30,หลังโควิด,หลานหลวง,จักรพรรดิพงษ์,09:00-16:00,7.0,5904.0,843.4285714285714
8929,2022-03-30,หลังโควิด,หลานหลวง,หลานหลวง,09:00-16:00,7.0,13466.0,1923.7142857142858
8938,2022-04-01,หลังโควิด,อ่อนนุช,สุขุมวิท,09:00-16:00,7.0,23370.0,3338.5714285714284
8977,2022-04-11,หลังโควิด,จักรพรรดิพงษ์,นครสวรรค์,07:00-09:00,2.0,8939.0,4469.5
8978,2022-04-11,หลังโควิด,จักรพรรดิพงษ์,นครสวรรค์,09:00-16:00,7.0,3419.0,488.42857142857144
8979,2022-04-11,หลังโควิด,จักรพรรดิพงษ์,นครสวรรค์,16:00-19:00,3.0,4298.0,1432.6666666666667
8980,2022-04-11,หลังโควิด,จักรพรรดิพงษ์,จักรพรรดิพงษ์,07:00-09:00,2.0,15116.0,7558.0
8981,2022-04-11,หลังโควิด,จักรพรรดิพงษ์,จักรพรรดิพงษ์,09:00-16:00,7.0,6675.0,953.5714285714286
8982,2022-04-11,หลังโควิด,จักรพรรดิพงษ์,จักรพรรดิพงษ์,16:00-19:00,3.0,1596.0,532.0
8983,2022-04-12,หลังโควิด,สาทร-สุรศักดิ์,เจริญราษฎร์,07:00-09:00,2.0,5838.0,2919.0
8984,2022-04-12,หลังโควิด,สาทร-สุรศักดิ์,เจริญราษฎร์,09:00-16:00,7.0,2484.0,354.85714285714283
8985,2022-04-12,หลังโควิด,สาทร-สุรศักดิ์,เจริญราษฎร์,16:00-19:00,3.0,2399.0,799.6666666666666
8987,2022-04-12,หลังโควิด,สาทร-สุรศักดิ์,สุรศักดิ์,09:00-16:00,7.0,6981.0,997.2857142857143
8990,2022-04-12,หลังโควิด,สาทร-สุรศักดิ์,สาทร,09:00-16:00,7.0,12877.0,1839.5714285714287
8992,2022-04-18,หลังโควิด,บางกระบือ,สามเสน,07:00-09:00,2.0,8254.0,4127.0
8993,2022-04-18,หลังโควิด,บางกระบือ,สามเสน,09:00-16:00,7.0,3949.0,564.1428571428571
8994,2022-04-18,หลังโควิด,บางกระบือ,สามเสน,16:00-19:00,3.0,9.0,3.0
8995,2022-04-18,หลังโควิด,บางกระบือ,เขียวไข่กา,07:00-09:00,2.0,28.0,14.0
8996,2022-04-18,หลังโควิด,บางกระบือ,เขียวไข่กา,09:00-16:00,7.0,19.0,2.7142857142857144
8997,2022-04-18,หลังโควิด,บางกระบือ,เขียวไข่กา,16:00-19:00,3.0,535.0,178.33333333333334
8998,2022-04-18,หลังโควิด,บางกระบือ,อำนวยสงคราม,07:00-09:00,2.0,2480.0,1240.0
8999,2022-04-18,หลังโควิด,บางกระบือ,อำนวยสงคราม,09:00-16:00,7.0,987.0,141.0
9000,2022-04-18,หลังโควิด,บางกระบือ,อำนวยสงคราม,16:00-19:00,3.0,2884.0,961.3333333333334
9025,2022-04-22,หลังโควิด,คลองตัน,รามคำแหง,07:00-09:00,2.0,9193.0,4596.5
9026,2022-04-22,หลังโควิด,คลองตัน,รามคำแหง,09:00-16:00,7.0,4428.0,632.5714285714286
9028,2022-04-22,หลังโควิด,คลองตัน,เพชรบุรี,07:00-09:00,2.0,11818.0,5909.0
9029,2022-04-22,หลังโควิด,คลองตัน,เพชรบุรี,09:00-16:00,7.0,8301.0,1185.857142857143
9031,2022-04-22,หลังโควิด,คลองตัน,พัฒนาการ,07:00-09:00,2.0,19542.0,9771.0
9032,2022-04-22,หลังโควิด,คลองตัน,พัฒนาการ,09:00-16:00,7.0,6885.0,983.5714285714286
9033,2022-04-22,หลังโควิด,คลองตัน,พัฒนาการ,16:00-19:00,3.0,2382.0,794.0
9034,2022-04-25,หลังโควิด,ศรีย่าน,สามเสน,07:00-09:00,2.0,8334.0,4167.0
9035,2022-04-25,หลังโควิด,ศรีย่าน,สามเสน,09:00-16:00,7.0,3208.0,458.2857142857143
9036,2022-04-25,หลังโควิด,ศรีย่าน,สามเสน,16:00-19:00,3.0,663.0,221.0
9037,2022-04-25,หลังโควิด,ศรีย่าน,นครไชยศรี,07:00-09:00,2.0,2893.0,1446.5
9038,2022-04-25,หลังโควิด,ศรีย่าน,นครไชยศรี,09:00-16:00,7.0,1332.0,190.28571428571428
9039,2022-04-25,หลังโควิด,ศรีย่าน,นครไชยศรี,16:00-19:00,3.0,9688.0,3229.3333333333335
9057,2022-04-28,หลังโควิด,ราษฎร์บูรณะ,ราษฎร์บูรณะ,07:00-09:00,2.0,2338.0,1169.0
9058,2022-04-28,หลังโควิด,ราษฎร์บูรณะ,ราษฎร์บูรณะ,09:00-16:00,7.0,5415.0,773.5714285714286
9059,2022-04-28,หลังโควิด,ราษฎร์บูรณะ,ราษฎร์บูรณะ,16:00-19:00,3.0,3005.0,1001.6666666666666
9064,2022-04-29,หลังโควิด,ยมราช,หลานหลวง,09:00-16:00,7.0,394.0,56.285714285714285
9066,2022-04-29,หลังโควิด,ยมราช,พิษณุโลก,07:00-09:00,2.0,6690.0,3345.0
9067,2022-04-29,หลังโควิด,ยมราช,พิษณุโลก,09:00-16:00,7.0,20708.0,2958.285714285714
9068,2022-04-29,หลังโควิด,ยมราช,พิษณุโลก,16:00-19:00,3.0,8401.0,2800.3333333333335
9070,2022-04-29,หลังโควิด,ยมราช,สวรรคโลก,09:00-16:00,7.0,5940.0,848.5714285714286
9072,2022-04-29,หลังโควิด,ยมราช,เพชรบุรี,07:00-09:00,2.0,4612.0,2306.0
9073,2022-04-29,หลังโควิด,ยมราช,เพชรบุรี,09:00-16:00,7.0,16112.0,2301.714285714286
9074,2022-04-29,หลังโควิด,ยมราช,เพชรบุรี,16:00-19:00,3.0,6912.0,2304.0
9075,2022-05-02,หลังโควิด,การเรือน,ราชสีมา,07:00-09:00,2.0,2772.0,1386.0
9076,2022-05-02,หลังโควิด,การเรือน,ราชสีมา,09:00-16:00,7.0,7906.0,1129.4285714285713
9077,2022-05-02,หลังโควิด,การเรือน,ราชสีมา,16:00-19:00,3.0,3858.0,1286.0
9078,2022-05-02,หลังโควิด,การเรือน,ราชวิถี,07:00-09:00,2.0,2271.0,1135.5
9079,2022-05-02,หลังโควิด,การเรือน,ราชวิถี,09:00-16:00,7.0,6360.0,908.5714285714286
9080,2022-05-02,หลังโควิด,การเรือน,ราชวิถี,16:00-19:00,3.0,2621.0,873.6666666666666
9087,2022-05-05,หลังโควิด,ประชาอุทิศ,เทียมร่วมมิตร,07:00-09:00,2.0,2717.0,1358.5
9088,2022-05-05,หลังโควิด,ประชาอุทิศ,เทียมร่วมมิตร,09:00-16:00,7.0,10256.0,1465.142857142857
9089,2022-05-05,หลังโควิด,ประชาอุทิศ,เทียมร่วมมิตร,16:00-19:00,3.0,4681.0,1560.3333333333333
9090,2022-05-05,หลังโควิด,ประชาอุทิศ,ประชาอุทิศ,07:00-09:00,2.0,3940.0,1970.0
9091,2022-05-05,หลังโควิด,ประชาอุทิศ,ประชาอุทิศ,09:00-16:00,7.0,12327.0,1761.0
9092,2022-05-05,หลังโควิด,ประชาอุทิศ,ประชาอุทิศ,16:00-19:00,3.0,4397.0,1465.6666666666667
9093,2022-05-06,หลังโควิด,สามเหลี่ยมดินแดง,ราชปรารภ,07:00-09:00,2.0,3521.0,1760.5
9094,2022-05-06,หลังโควิด,สามเหลี่ยมดินแดง,ราชปรารภ,09:00-16:00,7.0,12010.0,1715.7142857142858
9095,2022-05-06,หลังโควิด,สามเหลี่ยมดินแดง,ราชปรารภ,16:00-19:00,3.0,6597.0,2199.0
9096,2022-05-06,หลังโควิด,สามเหลี่ยมดินแดง,ราชวิถี,07:00-09:00,2.0,1700.0,850.0
9097,2022-05-06,หลังโควิด,สามเหลี่ยมดินแดง,ราชวิถี,09:00-16:00,7.0,4899.0,699.8571428571429
9098,2022-05-06,หลังโควิด,สามเหลี่ยมดินแดง,ราชวิถี,16:00-19:00,3.0,3903.0,1301.0
9102,2022-05-06,หลังโควิด,สามเหลี่ยมดินแดง,ดินแดง,07:00-09:00,2.0,6564.0,3282.0
9103,2022-05-06,หลังโควิด,สามเหลี่ยมดินแดง,ดินแดง,09:00-16:00,7.0,20600.0,2942.8571428571427
9104,2022-05-06,หลังโควิด,สามเหลี่ยมดินแดง,ดินแดง,16:00-19:00,3.0,5315.0,1771.6666666666667
9105,2022-05-09,หลังโควิด,ราชวิถี,พระรามที่5,07:00-09:00,2.0,3264.0,1632.0
9106,2022-05-09,หลังโควิด,ราชวิถี,พระรามที่5,09:00-16:00,7.0,8441.0,1205.857142857143
9107,2022-05-09,หลังโควิด,ราชวิถี,พระรามที่5,16:00-19:00,3.0,2919.0,973.0
9108,2022-05-09,หลังโควิด,ราชวิถี,ราชวิถี,07:00-09:00,2.0,2621.0,1310.5
9109,2022-05-09,หลังโควิด,ราชวิถี,ราชวิถี,09:00-16:00,7.0,7032.0,1004.5714285714286
9110,2022-05-09,หลังโควิด,ราชวิถี,ราชวิถี,16:00-19:00,3.0,3410.0,1136.6666666666667
9127,2022-05-12,หลังโควิด,นางลิ้นจี่,นางลิ้นจี่,09:00-16:00,7.0,2002.0,286.0
9130,2022-05-12,หลังโควิด,นางลิ้นจี่,พระรามที่3,09:00-16:00,7.0,28885.0,4126.428571428572
9135,2022-05-17,หลังโควิด,ผังเมือง,วัฒนธรรม,07:00-09:00,2.0,1724.0,862.0
9136,2022-05-17,หลังโควิด,ผังเมือง,วัฒนธรรม,09:00-16:00,7.0,4524.0,646.2857142857143
9137,2022-05-17,หลังโควิด,ผังเมือง,วัฒนธรรม,16:00-19:00,3.0,2659.0,886.3333333333334
9138,2022-05-17,หลังโควิด,ผังเมือง,พระราม9,07:00-09:00,2.0,6987.0,3493.5
9139,2022-05-17,หลังโควิด,ผังเมือง,พระราม9,09:00-16:00,7.0,21029.0,3004.1428571428573
9140,2022-05-17,หลังโควิด,ผังเมือง,พระราม9,16:00-19:00,3.0,9172.0,3057.3333333333335
9201,2022-05-30,หลังโควิด,ศาลาแดง,สีลม,07:00-09:00,2.0,2156.0,1078.0
9202,2022-05-30,หลังโควิด,ศาลาแดง,สีลม,09:00-16:00,7.0,8466.0,1209.4285714285713
9203,2022-05-30,หลังโควิด,ศาลาแดง,สีลม,16:00-19:00,3.0,4117.0,1372.3333333333333
9204,2022-05-30,หลังโควิด,ศาลาแดง,ราชดำริ,07:00-09:00,2.0,2969.0,1484.5
9205,2022-05-30,หลังโควิด,ศาลาแดง,ราชดำริ,09:00-16:00,7.0,9925.0,1417.857142857143
9206,2022-05-30,หลังโควิด,ศาลาแดง,ราชดำริ,16:00-19:00,3.0,5345.0,1781.6666666666667
9207,2022-05-30,หลังโควิด,ศาลาแดง,พระรามที่4,07:00-09:00,2.0,14727.0,7363.5
9208,2022-05-30,หลังโควิด,ศาลาแดง,พระรามที่4,09:00-16:00,7.0,49766.0,7109.428571428572
9209,2022-05-30,หลังโควิด,ศาลาแดง,พระรามที่4,16:00-19:00,3.0,21854.0,7284.666666666667
9220,2022-05-31,หลังโควิด,สาธุประดิษฐ์,สาธุประดิษฐ์,09:00-16:00,7.0,2994.0,427.7142857142857
9222,2022-05-31,หลังโควิด,สาธุประดิษฐ์,พระรามที่3,07:00-09:00,2.0,7806.0,3903.0
9223,2022-05-31,หลังโควิด,สาธุประดิษฐ์,พระรามที่3,09:00-16:00,7.0,25933.0,3704.714285714286
9224,2022-05-31,หลังโควิด,สาธุประดิษฐ์,พระรามที่3,16:00-19:00,3.0,12957.0,4319.0
9256,2022-06-07,หลังโควิด,ประเวศ,อ่อนนุช,09:00-16:00,7.0,35676.0,5096.571428571428
9258,2022-06-08,หลังโควิด,โพธิ์แก้ว,นวมินทร์,07:00-09:00,2.0,8913.0,4456.5
9259,2022-06-08,หลังโควิด,โพธิ์แก้ว,นวมินทร์,09:00-16:00,7.0,26443.0,3777.5714285714284
9260,2022-06-08,หลังโควิด,โพธิ์แก้ว,นวมินทร์,16:00-19:00,3.0,11228.0,3742.6666666666665
9261,2022-06-08,หลังโควิด,โพธิ์แก้ว,โพธิ์แก้ว,07:00-09:00,2.0,1459.0,729.5
9262,2022-06-08,หลังโควิด,โพธิ์แก้ว,โพธิ์แก้ว,09:00-16:00,7.0,5419.0,774.1428571428571
9263,2022-06-08,หลังโควิด,โพธิ์แก้ว,โพธิ์แก้ว,16:00-19:00,3.0,2793.0,931.0
9264,2022-06-08,หลังโควิด,โพธิ์แก้ว,ทางเข้าวัดบางเตย,07:00-09:00,2.0,71.0,35.5
9265,2022-06-08,หลังโควิด,โพธิ์แก้ว,ทางเข้าวัดบางเตย,09:00-16:00,7.0,159.0,22.714285714285715
9266,2022-06-08,หลังโควิด,โพธิ์แก้ว,ทางเข้าวัดบางเตย,16:00-19:00,3.0,68.0,22.666666666666668
9270,2022-06-09,หลังโควิด,วัดสน,สุขสวัสดิ์,07:00-09:00,2.0,12077.0,6038.5
9271,2022-06-09,หลังโควิด,วัดสน,สุขสวัสดิ์,09:00-16:00,7.0,38333.0,5476.142857142857
9272,2022-06-09,หลังโควิด,วัดสน,สุขสวัสดิ์,16:00-19:00,3.0,19034.0,6344.666666666667
9285,2022-06-13,หลังโควิด,กำแพงเพชร,พหลโยธิน,07:00-09:00,2.0,10819.0,5409.5
9286,2022-06-13,หลังโควิด,กำแพงเพชร,พหลโยธิน,09:00-16:00,7.0,32342.0,4620.285714285715
9287,2022-06-13,หลังโควิด,กำแพงเพชร,พหลโยธิน,16:00-19:00,3.0,14974.0,4991.333333333333
9294,2022-06-14,หลังโควิด,อโศกเพชร,อโศก,07:00-09:00,2.0,5073.0,2536.5
9295,2022-06-14,หลังโควิด,อโศกเพชร,อโศก,09:00-16:00,7.0,17017.0,2431.0
9296,2022-06-14,หลังโควิด,อโศกเพชร,อโศก,16:00-19:00,3.0,7335.0,2445.0
9297,2022-06-14,หลังโควิด,อโศกเพชร,เพชรบุรี,07:00-09:00,2.0,7148.0,3574.0
9298,2022-06-14,หลังโควิด,อโศกเพชร,เพชรบุรี,09:00-16:00,7.0,21908.0,3129.714285714286
9299,2022-06-14,หลังโควิด,อโศกเพชร,เพชรบุรี,16:00-19:00,3.0,8539.0,2846.3333333333335
9300,2022-06-15,หลังโควิด,เทเวศร์,สามเสน,07:00-09:00,2.0,2625.0,1312.5
9301,2022-06-15,หลังโควิด,เทเวศร์,สามเสน,09:00-16:00,7.0,7065.0,1009.2857142857143
9302,2022-06-15,หลังโควิด,เทเวศร์,สามเสน,16:00-19:00,3.0,3618.0,1206.0
9303,2022-06-15,หลังโควิด,เทเวศร์,กรุงเกษม,07:00-09:00,2.0,709.0,354.5
9304,2022-06-15,หลังโควิด,เทเวศร์,กรุงเกษม,09:00-16:00,7.0,1699.0,242.71428571428572
9305,2022-06-15,หลังโควิด,เทเวศร์,กรุงเกษม,16:00-19:00,3.0,757.0,252.33333333333334
9307,2022-06-16,หลังโควิด,มิตรไมตรี-มิตรไมตรี1,มิตรไมตรี,09:00-16:00,7.0,5134.0,733.4285714285714
9310,2022-06-16,หลังโควิด,มิตรไมตรี-มิตรไมตรี1,มิตรไมตรี1,09:00-16:00,7.0,801.0,114.42857142857143
9312,2022-06-16,หลังโควิด,มิตรไมตรี-มิตรไมตรี2,มิตรไมตรี,07:00-09:00,2.0,1138.0,569.0
9313,2022-06-16,หลังโควิด,มิตรไมตรี-มิตรไมตรี2,มิตรไมตรี,09:00-16:00,7.0,2575.0,367.85714285714283
9314,2022-06-16,หลังโควิด,มิตรไมตรี-มิตรไมตรี2,มิตรไมตรี,16:00-19:00,3.0,904.0,301.3333333333333
9315,2022-06-16,หลังโควิด,มิตรไมตรี-มิตรไมตรี2,มิตรไมตรี2,07:00-09:00,2.0,1914.0,957.0
9316,2022-06-16,หลังโควิด,มิตรไมตรี-มิตรไมตรี2,มิตรไมตรี2,09:00-16:00,7.0,4684.0,669.1428571428571
9317,2022-06-16,หลังโควิด,มิตรไมตรี-มิตรไมตรี2,มิตรไมตรี2,16:00-19:00,3.0,1040.0,346.6666666666667
9318,2022-06-17,หลังโควิด,สาทร-เจริญกรุง,เจริญกรุง,07:00-09:00,2.0,1920.0,960.0
9319,2022-06-17,หลังโควิด,สาทร-เจริญกรุง,เจริญกรุง,09:00-16:00,7.0,8241.0,1177.2857142857142
9320,2022-06-17,หลังโควิด,สาทร-เจริญกรุง,เจริญกรุง,16:00-19:00,3.0,3729.0,1243.0
9324,2022-06-17,หลังโควิด,สาทร-เจริญกรุง,สาทร,07:00-09:00,2.0,1813.0,906.5
9325,2022-06-17,หลังโควิด,สาทร-เจริญกรุง,สาทร,09:00-16:00,7.0,5664.0,809.1428571428571
9326,2022-06-17,หลังโควิด,สาทร-เจริญกรุง,สาทร,16:00-19:00,3.0,2505.0,835.0
9336,2022-06-21,หลังโควิด,หทัยราษฎร์-เลียบคลองสอง,หทัยราษฎร์,07:00-09:00,2.0,6372.0,3186.0
9337,2022-06-21,หลังโควิด,หทัยราษฎร์-เลียบคลองสอง,หทัยราษฎร์,09:00-16:00,7.0,17568.0,2509.714285714286
9338,2022-06-21,หลังโควิด,หทัยราษฎร์-เลียบคลองสอง,หทัยราษฎร์,16:00-19:00,3.0,7166.0,2388.6666666666665
9339,2022-06-21,หลังโควิด,หทัยราษฎร์-เลียบคลองสอง,เลียบคลองสอง,07:00-09:00,2.0,2099.0,1049.5
9340,2022-06-21,หลังโควิด,หทัยราษฎร์-เลียบคลองสอง,เลียบคลองสอง,09:00-16:00,7.0,6193.0,884.7142857142857
9341,2022-06-21,หลังโควิด,หทัยราษฎร์-เลียบคลองสอง,เลียบคลองสอง,16:00-19:00,3.0,2997.0,999.0
9369,2022-06-24,หลังโควิด,พุทธมณฑลสาย2,พุทธมณฑลสาย2,07:00-09:00,2.0,1799.0,899.5
9370,2022-06-24,หลังโควิด,พุทธมณฑลสาย2,พุทธมณฑลสาย2,09:00-16:00,7.0,5006.0,715.1428571428571
9371,2022-06-24,หลังโควิด,พุทธมณฑลสาย2,พุทธมณฑลสาย2,16:00-19:00,3.0,2637.0,879.0
9372,2022-06-24,หลังโควิด,พุทธมณฑลสาย2,เพชรเกษม,07:00-09:00,2.0,14323.0,7161.5
9373,2022-06-24,หลังโควิด,พุทธมณฑลสาย2,เพชรเกษม,09:00-16:00,7.0,43041.0,6148.714285714285
9374,2022-06-24,หลังโควิด,พุทธมณฑลสาย2,เพชรเกษม,16:00-19:00,3.0,17972.0,5990.666666666667
9384,2022-06-28,หลังโควิด,เกษมราษฎร์,เกษมราษฎร์,07:00-09:00,2.0,1733.0,866.5
9385,2022-06-28,หลังโควิด,เกษมราษฎร์,เกษมราษฎร์,09:00-16:00,7.0,5093.0,727.5714285714286
9386,2022-06-28,หลังโควิด,เกษมราษฎร์,เกษมราษฎร์,16:00-19:00,3.0,1316.0,438.6666666666667
9390,2022-06-28,หลังโควิด,เกษมราษฎร์,พระรามที่4,07:00-09:00,2.0,6873.0,3436.5
9391,2022-06-28,หลังโควิด,เกษมราษฎร์,พระรามที่4,09:00-16:00,7.0,25810.0,3687.1428571428573
9392,2022-06-28,หลังโควิด,เกษมราษฎร์,พระรามที่4,16:00-19:00,3.0,12251.0,4083.6666666666665
9393,2022-06-29,หลังโควิด,ใต้ด่วนพระราม4,เชื้อเพลิง,07:00-09:00,2.0,2421.0,1210.5
9394,2022-06-29,หลังโควิด,ใต้ด่วนพระราม4,เชื้อเพลิง,09:00-16:00,7.0,10203.0,1457.5714285714287
9395,2022-06-29,หลังโควิด,ใต้ด่วนพระราม4,เชื้อเพลิง,16:00-19:00,3.0,4508.0,1502.6666666666667
9396,2022-06-29,หลังโควิด,ใต้ด่วนพระราม4,ทางด่วน,07:00-09:00,2.0,1821.0,910.5
9397,2022-06-29,หลังโควิด,ใต้ด่วนพระราม4,ทางด่วน,09:00-16:00,7.0,5094.0,727.7142857142857
9398,2022-06-29,หลังโควิด,ใต้ด่วนพระราม4,ทางด่วน,16:00-19:00,3.0,1630.0,543.3333333333334
9399,2022-06-29,หลังโควิด,ใต้ด่วนพระราม4,พระรามที่4,07:00-09:00,2.0,12332.0,6166.0
9400,2022-06-29,หลังโควิด,ใต้ด่วนพระราม4,พระรามที่4,09:00-16:00,7.0,40296.0,5756.571428571428
9401,2022-06-29,หลังโควิด,ใต้ด่วนพระราม4,พระรามที่4,16:00-19:00,3.0,20447.0,6815.666666666667
9402,2022-06-30,หลังโควิด,พระรามที่4,รัชดาภิเษก,07:00-09:00,2.0,3337.0,1668.5
9403,2022-06-30,หลังโควิด,พระรามที่4,รัชดาภิเษก,09:00-16:00,7.0,10567.0,1509.5714285714287
9404,2022-06-30,หลังโควิด,พระรามที่4,รัชดาภิเษก,16:00-19:00,3.0,4394.0,1464.6666666666667
9405,2022-06-30,หลังโควิด,พระรามที่4,พระรามที่4,07:00-09:00,2.0,5775.0,2887.5
9420,2022-07-04,หลังโควิด,วิทยุ,สาทร,07:00-09:00,2.0,4458.0,2229.0
9421,2022-07-04,หลังโควิด,วิทยุ,สาทร,09:00-16:00,7.0,14376.0,2053.714285714286
9422,2022-07-04,หลังโควิด,วิทยุ,สาทร,16:00-19:00,3.0,6998.0,2332.6666666666665
9423,2022-07-04,หลังโควิด,วิทยุ,วิทยุ,07:00-09:00,2.0,3303.0,1651.5
9424,2022-07-04,หลังโควิด,วิทยุ,วิทยุ,09:00-16:00,7.0,10380.0,1482.857142857143
9425,2022-07-04,หลังโควิด,วิทยุ,วิทยุ,16:00-19:00,3.0,4166.0,1388.6666666666667
9426,2022-07-04,หลังโควิด,วิทยุ,พระรามที่4,07:00-09:00,2.0,15527.0,7763.5
9427,2022-07-04,หลังโควิด,วิทยุ,พระรามที่4,09:00-16:00,7.0,50313.0,7187.571428571428
9428,2022-07-04,หลังโควิด,วิทยุ,พระรามที่4,16:00-19:00,3.0,22638.0,7546.0
9435,2022-07-06,หลังโควิด,รามคำแหง,รามคำแหง,07:00-09:00,2.0,7024.0,3512.0
9436,2022-07-06,หลังโควิด,รามคำแหง,รามคำแหง,09:00-16:00,7.0,20543.0,2934.714285714286
9437,2022-07-06,หลังโควิด,รามคำแหง,รามคำแหง,16:00-19:00,3.0,10710.0,3570.0
9438,2022-07-06,หลังโควิด,รามคำแหง,พระราม9,07:00-09:00,2.0,13478.0,6739.0
9439,2022-07-06,หลังโควิด,รามคำแหง,พระราม9,09:00-16:00,7.0,54444.0,7777.714285714285
9440,2022-07-06,หลังโควิด,รามคำแหง,พระราม9,16:00-19:00,3.0,24125.0,8041.666666666667
9454,2022-07-08,หลังโควิด,นางเลิ้ง,นครสวรรค์,09:00-16:00,7.0,16860.0,2408.5714285714284
9456,2022-07-08,หลังโควิด,นางเลิ้ง,พิษณุโลก,07:00-09:00,2.0,4752.0,2376.0
9457,2022-07-08,หลังโควิด,นางเลิ้ง,พิษณุโลก,09:00-16:00,7.0,13370.0,1910.0
9458,2022-07-08,หลังโควิด,นางเลิ้ง,พิษณุโลก,16:00-19:00,3.0,5772.0,1924.0
9471,2022-07-11,หลังโควิด,ห้วยขวาง,รัชดาภิเษก,07:00-09:00,2.0,12212.0,6106.0
9472,2022-07-11,หลังโควิด,ห้วยขวาง,รัชดาภิเษก,09:00-16:00,7.0,39563.0,5651.857142857143
9473,2022-07-11,หลังโควิด,ห้วยขวาง,รัชดาภิเษก,16:00-19:00,3.0,17826.0,5942.0
9474,2022-07-11,หลังโควิด,ห้วยขวาง,ประชาสงเคราะห์,07:00-09:00,2.0,932.0,466.0
9475,2022-07-11,หลังโควิด,ห้วยขวาง,ประชาสงเคราะห์,09:00-16:00,7.0,3555.0,507.85714285714283
9476,2022-07-11,หลังโควิด,ห้วยขวาง,ประชาสงเคราะห์,16:00-19:00,3.0,2099.0,699.6666666666666
9477,2022-07-11,หลังโควิด,ห้วยขวาง,ประชาราษฎร์บำเพ็ญ,07:00-09:00,2.0,2097.0,1048.5
9478,2022-07-11,หลังโควิด,ห้วยขวาง,ประชาราษฎร์บำเพ็ญ,09:00-16:00,7.0,5720.0,817.1428571428571
9479,2022-07-11,หลังโควิด,ห้วยขวาง,ประชาราษฎร์บำเพ็ญ,16:00-19:00,3.0,2211.0,737.0
9480,2022-07-12,หลังโควิด,สุทธิสาร,รัชดาภิเษก,07:00-09:00,2.0,13511.0,6755.5
9481,2022-07-12,หลังโควิด,สุทธิสาร,รัชดาภิเษก,09:00-16:00,7.0,46075.0,6582.142857142857
9482,2022-07-12,หลังโควิด,สุทธิสาร,รัชดาภิเษก,16:00-19:00,3.0,19431.0,6477.0
9483,2022-07-12,หลังโควิด,สุทธิสาร,สุทธิสารวินิจฉัย,07:00-09:00,2.0,2586.0,1293.0
9484,2022-07-12,หลังโควิด,สุทธิสาร,สุทธิสารวินิจฉัย,09:00-16:00,7.0,7114.0,1016.2857142857143
9485,2022-07-12,หลังโควิด,สุทธิสาร,สุทธิสารวินิจฉัย,16:00-19:00,3.0,3218.0,1072.6666666666667
9486,2022-07-13,หลังโควิด,กำแพงเพชร,พหลโยธิน,07:00-09:00,2.0,10819.0,5409.5
9487,2022-07-13,หลังโควิด,กำแพงเพชร,พหลโยธิน,09:00-16:00,7.0,32342.0,4620.285714285715
9488,2022-07-13,หลังโควิด,กำแพงเพชร,พหลโยธิน,16:00-19:00,3.0,14974.0,4991.333333333333
9495,2022-07-18,หลังโควิด,ทองหล่อ,สุขุมวิท,07:00-09:00,2.0,4704.0,2352.0
9496,2022-07-18,หลังโควิด,ทองหล่อ,สุขุมวิท,09:00-16:00,7.0,17728.0,2532.5714285714284
9497,2022-07-18,หลังโควิด,ทองหล่อ,สุขุมวิท,16:00-19:00,3.0,8779.0,2926.3333333333335
9516,2022-07-21,หลังโควิด,เดโช,เดโช,07:00-09:00,2.0,289.0,144.5
9517,2022-07-21,หลังโควิด,เดโช,เดโช,09:00-16:00,7.0,1151.0,164.42857142857142
9518,2022-07-21,หลังโควิด,เดโช,เดโช,16:00-19:00,3.0,572.0,190.66666666666666
9519,2022-07-21,หลังโควิด,เดโช,สีลม,07:00-09:00,2.0,3673.0,1836.5
9520,2022-07-21,หลังโควิด,เดโช,สีลม,09:00-16:00,7.0,12044.0,1720.5714285714287
9521,2022-07-21,หลังโควิด,เดโช,สีลม,16:00-19:00,3.0,3968.0,1322.6666666666667
9522,2022-07-22,หลังโควิด,คอกวัว,ตะนาว,07:00-09:00,2.0,1895.0,947.5
9523,2022-07-22,หลังโควิด,คอกวัว,ตะนาว,09:00-16:00,7.0,7223.0,1031.857142857143
9524,2022-07-22,หลังโควิด,คอกวัว,ตะนาว,16:00-19:00,3.0,3361.0,1120.3333333333333
9525,2022-07-22,หลังโควิด,คอกวัว,ราชดำเนินกลาง,07:00-09:00,2.0,8967.0,4483.5
9526,2022-07-22,หลังโควิด,คอกวัว,ราชดำเนินกลาง,09:00-16:00,7.0,35579.0,5082.714285714285
9527,2022-07-22,หลังโควิด,คอกวัว,ราชดำเนินกลาง,16:00-19:00,3.0,17233.0,5744.333333333333
9538,2022-07-26,หลังโควิด,บางขุนพรหม,สามเสน,09:00-16:00,7.0,8518.0,1216.857142857143
9543,2022-07-27,หลังโควิด,คลองสาน,เจริญนคร,07:00-09:00,2.0,2140.0,1070.0
9544,2022-07-27,หลังโควิด,คลองสาน,เจริญนคร,09:00-16:00,7.0,4549.0,649.8571428571429
9545,2022-07-27,หลังโควิด,คลองสาน,เจริญนคร,16:00-19:00,3.0,2373.0,791.0
9546,2022-07-27,หลังโควิด,คลองสาน,สมเด็จเจ้าพระยา,07:00-09:00,2.0,1433.0,716.5
9547,2022-07-27,หลังโควิด,คลองสาน,สมเด็จเจ้าพระยา,09:00-16:00,7.0,4081.0,583.0
9548,2022-07-27,หลังโควิด,คลองสาน,สมเด็จเจ้าพระยา,16:00-19:00,3.0,1550.0,516.6666666666666
9549,2022-07-27,หลังโควิด,คลองสาน,ลาดหญ้า,07:00-09:00,2.0,1179.0,589.5
9550,2022-07-27,หลังโควิด,คลองสาน,ลาดหญ้า,09:00-16:00,7.0,4373.0,624.7142857142857
9551,2022-07-27,หลังโควิด,คลองสาน,ลาดหญ้า,16:00-19:00,3.0,1395.0,465.0
9567,2022-08-03,หลังโควิด,หมู่บ้านเศรษฐกิจ,เพชรเกษม,07:00-09:00,2.0,12846.0,6423.0
9568,2022-08-03,หลังโควิด,หมู่บ้านเศรษฐกิจ,เพชรเกษม,09:00-16:00,7.0,42830.0,6118.571428571428
9569,2022-08-03,หลังโควิด,หมู่บ้านเศรษฐกิจ,เพชรเกษม,16:00-19:00,3.0,16901.0,5633.666666666667
9570,2022-08-04,หลังโควิด,รัชดา-ลาดพร้าว,รัชดาภิเษก,07:00-09:00,2.0,15553.0,7776.5
9571,2022-08-04,หลังโควิด,รัชดา-ลาดพร้าว,รัชดาภิเษก,09:00-16:00,7.0,49718.0,7102.571428571428
9572,2022-08-04,หลังโควิด,รัชดา-ลาดพร้าว,รัชดาภิเษก,16:00-19:00,3.0,23748.0,7916.0
9576,2022-08-05,หลังโควิด,จันทน์-นราธิวาส,นราธิวาสราชนครินทร์,07:00-09:00,2.0,6527.0,3263.5
9577,2022-08-05,หลังโควิด,จันทน์-นราธิวาส,นราธิวาสราชนครินทร์,09:00-16:00,7.0,18867.0,2695.285714285714
9578,2022-08-05,หลังโควิด,จันทน์-นราธิวาส,นราธิวาสราชนครินทร์,16:00-19:00,3.0,10100.0,3366.6666666666665
9579,2022-08-05,หลังโควิด,จันทน์-นราธิวาส,จันทน์,07:00-09:00,2.0,1902.0,951.0
9580,2022-08-05,หลังโควิด,จันทน์-นราธิวาส,จันทน์,09:00-16:00,7.0,6439.0,919.8571428571429
9581,2022-08-05,หลังโควิด,จันทน์-นราธิวาส,จันทน์,16:00-19:00,3.0,3358.0,1119.3333333333333
9663,2022-08-19,หลังโควิด,บางบอน5,บางบอน5,07:00-09:00,2.0,2089.0,1044.5
9664,2022-08-19,หลังโควิด,บางบอน5,บางบอน5,09:00-16:00,7.0,5627.0,803.8571428571429
9665,2022-08-19,หลังโควิด,บางบอน5,บางบอน5,16:00-19:00,3.0,2685.0,895.0
9666,2022-08-19,หลังโควิด,บางบอน5,เอกชัย,07:00-09:00,2.0,7198.0,3599.0
9667,2022-08-19,หลังโควิด,บางบอน5,เอกชัย,09:00-16:00,7.0,25349.0,3621.285714285714
9668,2022-08-19,หลังโควิด,บางบอน5,เอกชัย,16:00-19:00,3.0,12938.0,4312.666666666667
9675,2022-08-22,หลังโควิด,เพชรเกษม69,เพชรเกษม,07:00-09:00,2.0,9351.0,4675.5
9676,2022-08-22,หลังโควิด,เพชรเกษม69,เพชรเกษม,09:00-16:00,7.0,30909.0,4415.571428571428
9677,2022-08-22,หลังโควิด,เพชรเกษม69,เพชรเกษม,16:00-19:00,3.0,13536.0,4512.0
9739,2022-08-29,หลังโควิด,เพชรเกษม81,เพชรเกษม,09:00-16:00,7.0,35485.0,5069.285714285715
9745,2022-08-30,หลังโควิด,ประชาอุทิศ-เลียบด่วนกาญจนาภิเษก,ประชาอุทิศ,09:00-16:00,7.0,14497.0,2071.0
9746,2022-08-30,หลังโควิด,ประชาอุทิศ-เลียบด่วนกาญจนาภิเษก,ประชาอุทิศ,16:00-19:00,3.0,4708.0,1569.3333333333333
9747,2022-08-30,หลังโควิด,ประชาอุทิศ-เลียบด่วนกาญจนาภิเษก,เลียบด่วนกาญจนาภิเษก,07:00-09:00,2.0,1420.0,710.0
9748,2022-08-30,หลังโควิด,ประชาอุทิศ-เลียบด่วนกาญจนาภิเษก,เลียบด่วนกาญจนาภิเษก,09:00-16:00,7.0,3904.0,557.7142857142857
9749,2022-08-30,หลังโควิด,ประชาอุทิศ-เลียบด่วนกาญจนาภิเษก,เลียบด่วนกาญจนาภิเษก,16:00-19:00,3.0,1141.0,380.3333333333333
10006,2022-09-26,หลังโควิด,บ้านแขก,ประชาธิปก,09:00-16:00,7.0,24825.0,3546.4285714285716
10009,2022-09-26,หลังโควิด,บ้านแขก,อิสรภาพ,09:00-16:00,7.0,6881.0,983.0
10017,2022-09-28,หลังโควิด,สุขาภิบาล5-จตุโชติ,สุขาภิบาล5,07:00-09:00,2.0,5430.0,2715.0
10018,2022-09-28,หลังโควิด,สุขาภิบาล5-จตุโชติ,สุขาภิบาล5,09:00-16:00,7.0,17136.0,2448.0
10019,2022-09-28,หลังโควิด,สุขาภิบาล5-จตุโชติ,สุขาภิบาล5,16:00-19:00,3.0,6613.0,2204.3333333333335
10023,2022-09-29,หลังโควิด,ป้อมมหากาฬ,มหาไชย,07:00-09:00,2.0,1670.0,835.0
10024,2022-09-29,หลังโควิด,ป้อมมหากาฬ,มหาไชย,09:00-16:00,7.0,4291.0,613.0
10025,2022-09-29,หลังโควิด,ป้อมมหากาฬ,มหาไชย,16:00-19:00,3.0,1824.0,608.0
10027,2022-09-29,หลังโควิด,ป้อมมหากาฬ,พระสุเมรุ,09:00-16:00,7.0,2827.0,403.85714285714283
10030,2022-09-29,หลังโควิด,ป้อมมหากาฬ,ราชดำเนินกลาง,09:00-16:00,7.0,25963.0,3709.0
10074,2022-10-10,หลังโควิด,อุภัยเจษฎุทิศ,สวรรคโลก,07:00-09:00,2.0,2502.0,1251.0
10075,2022-10-10,หลังโควิด,อุภัยเจษฎุทิศ,สวรรคโลก,09:00-16:00,7.0,7911.0,1130.142857142857
10076,2022-10-10,หลังโควิด,อุภัยเจษฎุทิศ,สวรรคโลก,16:00-19:00,3.0,3738.0,1246.0
10077,2022-10-10,หลังโควิด,อุภัยเจษฎุทิศ,ราชวิถี,07:00-09:00,2.0,2955.0,1477.5
10078,2022-10-10,หลังโควิด,อุภัยเจษฎุทิศ,ราชวิถี,09:00-16:00,7.0,9726.0,1389.4285714285713
10079,2022-10-10,หลังโควิด,อุภัยเจษฎุทิศ,ราชวิถี,16:00-19:00,3.0,4192.0,1397.3333333333333
10098,2022-10-12,หลังโควิด,สะพานขาว,กรุงเกษม,07:00-09:00,2.0,1377.0,688.5
10099,2022-10-12,หลังโควิด,สะพานขาว,กรุงเกษม,09:00-16:00,7.0,8831.0,1261.5714285714287
10100,2022-10-12,หลังโควิด,สะพานขาว,กรุงเกษม,16:00-19:00,3.0,3578.0,1192.6666666666667
10101,2022-10-12,หลังโควิด,สะพานขาว,หลานหลวง,07:00-09:00,2.0,6095.0,3047.5
10102,2022-10-12,หลังโควิด,สะพานขาว,หลานหลวง,09:00-16:00,7.0,18739.0,2677.0
10103,2022-10-12,หลังโควิด,สะพานขาว,หลานหลวง,16:00-19:00,3.0,7524.0,2508.0
10104,2022-10-17,หลังโควิด,เกษะโกมล,พระรามที่5,07:00-09:00,2.0,3304.0,1652.0
10105,2022-10-17,หลังโควิด,เกษะโกมล,พระรามที่5,09:00-16:00,7.0,7620.0,1088.5714285714287
10106,2022-10-17,หลังโควิด,เกษะโกมล,พระรามที่5,16:00-19:00,3.0,3182.0,1060.6666666666667
10107,2022-10-17,หลังโควิด,เกษะโกมล,อำนวยสงคราม,07:00-09:00,2.0,716.0,358.0
10108,2022-10-17,หลังโควิด,เกษะโกมล,อำนวยสงคราม,09:00-16:00,7.0,2256.0,322.2857142857143
10109,2022-10-17,หลังโควิด,เกษะโกมล,อำนวยสงคราม,16:00-19:00,3.0,1002.0,334.0
10110,2022-10-17,หลังโควิด,เกษะโกมล,เศรษฐศิริ,07:00-09:00,2.0,522.0,261.0
10111,2022-10-17,หลังโควิด,เกษะโกมล,เศรษฐศิริ,09:00-16:00,7.0,2009.0,287.0
10112,2022-10-17,หลังโควิด,เกษะโกมล,เศรษฐศิริ,16:00-19:00,3.0,914.0,304.6666666666667
10113,2022-10-18,หลังโควิด,บางรัก,เจริญกรุง,07:00-09:00,2.0,2061.0,1030.5
10114,2022-10-18,หลังโควิด,บางรัก,เจริญกรุง,09:00-16:00,7.0,8530.0,1218.5714285714287
10115,2022-10-18,หลังโควิด,บางรัก,เจริญกรุง,16:00-19:00,3.0,3991.0,1330.3333333333333
10119,2022-10-18,หลังโควิด,บางรัก,สีลม,07:00-09:00,2.0,1186.0,593.0
10120,2022-10-18,หลังโควิด,บางรัก,สีลม,09:00-16:00,7.0,4962.0,708.8571428571429
10121,2022-10-18,หลังโควิด,บางรัก,สีลม,16:00-19:00,3.0,1722.0,574.0
10131,2022-10-20,หลังโควิด,ไฟฉาย,จรัญสนิทวงศ์,07:00-09:00,2.0,6241.0,3120.5
10132,2022-10-20,หลังโควิด,ไฟฉาย,จรัญสนิทวงศ์,09:00-16:00,7.0,21641.0,3091.5714285714284
10133,2022-10-20,หลังโควิด,ไฟฉาย,จรัญสนิทวงศ์,16:00-19:00,3.0,9998.0,3332.6666666666665
10137,2022-10-20,หลังโควิด,ไฟฉาย,พรานนก,07:00-09:00,2.0,1711.0,855.5
10138,2022-10-20,หลังโควิด,ไฟฉาย,พรานนก,09:00-16:00,7.0,7013.0,1001.8571428571429
10139,2022-10-20,หลังโควิด,ไฟฉาย,พรานนก,16:00-19:00,3.0,3949.0,1316.3333333333333
10218,2022-11-04,หลังโควิด,จุฬา12,พญาไท,07:00-09:00,2.0,4139.0,2069.5
10219,2022-11-04,หลังโควิด,จุฬา12,พญาไท,09:00-16:00,7.0,18502.0,2643.1428571428573
10220,2022-11-04,หลังโควิด,จุฬา12,พญาไท,16:00-19:00,3.0,6730.0,2243.3333333333335
10285,2022-11-21,หลังโควิด,เพชรพระราม,บรรทัดทอง,09:00-16:00,7.0,3454.0,493.42857142857144
10288,2022-11-21,หลังโควิด,เพชรพระราม,เพชรบุรี,09:00-16:00,7.0,30682.0,4383.142857142857
10302,2022-11-24,หลังโควิด,ดาวคะนอง,สมเด็จพระเจ้าตากสิน,07:00-09:00,2.0,9951.0,4975.5
10303,2022-11-24,หลังโควิด,ดาวคะนอง,สมเด็จพระเจ้าตากสิน,09:00-16:00,7.0,31682.0,4526.0
10304,2022-11-24,หลังโควิด,ดาวคะนอง,สมเด็จพระเจ้าตากสิน,16:00-19:00,3.0,15317.0,5105.666666666667
10305,2022-11-24,หลังโควิด,ดาวคะนอง,จอมทอง,07:00-09:00,2.0,1442.0,721.0
10306,2022-11-24,หลังโควิด,ดาวคะนอง,จอมทอง,09:00-16:00,7.0,5145.0,735.0
10307,2022-11-24,หลังโควิด,ดาวคะนอง,จอมทอง,16:00-19:00,3.0,2214.0,738.0
10308,2022-11-25,หลังโควิด,สามยอด,มหาไชย,07:00-09:00,2.0,5832.0,2916.0
10309,2022-11-25,หลังโควิด,สามยอด,มหาไชย,09:00-16:00,7.0,15904.0,2272.0
10310,2022-11-25,หลังโควิด,สามยอด,มหาไชย,16:00-19:00,3.0,6530.0,2176.6666666666665
10311,2022-11-25,หลังโควิด,สามยอด,เจริญกรุง,07:00-09:00,2.0,3144.0,1572.0
10312,2022-11-25,หลังโควิด,สามยอด,เจริญกรุง,09:00-16:00,7.0,8297.0,1185.2857142857142
10313,2022-11-25,หลังโควิด,สามยอด,เจริญกรุง,16:00-19:00,3.0,2681.0,893.6666666666666
10335,2022-11-30,หลังโควิด,บางยี่เรือ,เทอดไท,07:00-09:00,2.0,1746.0,873.0
10336,2022-11-30,หลังโควิด,บางยี่เรือ,เทอดไท,09:00-16:00,7.0,3045.0,435.0
10337,2022-11-30,หลังโควิด,บางยี่เรือ,เทอดไท,16:00-19:00,3.0,966.0,322.0
10338,2022-11-30,หลังโควิด,บางยี่เรือ,เพชรเกษม,07:00-09:00,2.0,2906.0,1453.0
10339,2022-11-30,หลังโควิด,บางยี่เรือ,เพชรเกษม,09:00-16:00,7.0,9977.0,1425.2857142857142
10340,2022-11-30,หลังโควิด,บางยี่เรือ,เพชรเกษม,16:00-19:00,3.0,3428.0,1142.6666666666667
10341,2022-11-30,หลังโควิด,บางยี่เรือ,อินทรพิทักษ์,07:00-09:00,2.0,2492.0,1246.0
10342,2022-11-30,หลังโควิด,บางยี่เรือ,อินทรพิทักษ์,09:00-16:00,7.0,9745.0,1392.142857142857
10343,2022-11-30,หลังโควิด,บางยี่เรือ,อินทรพิทักษ์,16:00-19:00,3.0,4612.0,1537.3333333333333
10344,2022-12-01,หลังโควิด,พระรามที่3-ยานนาวา,พระรามที่3,07:00-09:00,2.0,9015.0,4507.5
10345,2022-12-01,หลังโควิด,พระรามที่3-ยานนาวา,พระรามที่3,09:00-16:00,7.0,28221.0,4031.5714285714284
10346,2022-12-01,หลังโควิด,พระรามที่3-ยานนาวา,พระรามที่3,16:00-19:00,3.0,12411.0,4137.0
10347,2022-12-01,หลังโควิด,พระรามที่3-ยานนาวา,ยานนาวา,07:00-09:00,2.0,829.0,414.5
10348,2022-12-01,หลังโควิด,พระรามที่3-ยานนาวา,ยานนาวา,09:00-16:00,7.0,2717.0,388.14285714285717
10349,2022-12-01,หลังโควิด,พระรามที่3-ยานนาวา,ยานนาวา,16:00-19:00,3.0,1537.0,512.3333333333334
10350,2022-12-02,หลังโควิด,เฉลิมเผ่า,อังรีดูนังต์,07:00-09:00,2.0,1582.0,791.0
10351,2022-12-02,หลังโควิด,เฉลิมเผ่า,อังรีดูนังต์,09:00-16:00,7.0,7854.0,1122.0
10352,2022-12-02,หลังโควิด,เฉลิมเผ่า,อังรีดูนังต์,16:00-19:00,3.0,1522.0,507.3333333333333
10368,2022-12-07,หลังโควิด,สี่กั๊กเสาชิงช้า,เฟื่องนคร,07:00-09:00,2.0,1124.0,562.0
10369,2022-12-07,หลังโควิด,สี่กั๊กเสาชิงช้า,เฟื่องนคร,09:00-16:00,7.0,3666.0,523.7142857142857
10370,2022-12-07,หลังโควิด,สี่กั๊กเสาชิงช้า,เฟื่องนคร,16:00-19:00,3.0,1098.0,366.0
10371,2022-12-07,หลังโควิด,สี่กั๊กเสาชิงช้า,ตะนาว,07:00-09:00,2.0,596.0,298.0
10372,2022-12-07,หลังโควิด,สี่กั๊กเสาชิงช้า,ตะนาว,09:00-16:00,7.0,1957.0,279.57142857142856
10373,2022-12-07,หลังโควิด,สี่กั๊กเสาชิงช้า,ตะนาว,16:00-19:00,3.0,380.0,126.66666666666667
10374,2022-12-07,หลังโควิด,สี่กั๊กเสาชิงช้า,บำรุงเมือง,07:00-09:00,2.0,1417.0,708.5
10375,2022-12-07,หลังโควิด,สี่กั๊กเสาชิงช้า,บำรุงเมือง,09:00-16:00,7.0,3990.0,570.0
10434,2022-12-16,หลังโควิด,เฉลิมกรุง,ตรีเพชร,07:00-09:00,2.0,3521.0,1760.5
10435,2022-12-16,หลังโควิด,เฉลิมกรุง,ตรีเพชร,09:00-16:00,7.0,10641.0,1520.142857142857
10436,2023-12-16,หลังโควิด,เฉลิมกรุง,ตรีเพชร,16:00-19:00,3.0,4104.0,1368.0
10440,2023-12-16,หลังโควิด,เฉลิมกรุง,เจริญกรุง,07:00-09:00,2.0,2191.0,1095.5
10441,2023-12-16,หลังโควิด,เฉลิมกรุง,เจริญกรุง,09:00-16:00,7.0,6391.0,913.0
10442,2023-12-16,หลังโควิด,เฉลิมกรุง,เจริญกรุง,16:00-19:00,3.0,2856.0,952.0
10467,2023-12-22,หลังโควิด,สะพานแดง,พระรามที่5,07:00-09:00,2.0,1121.0,560.5
10468,2023-12-22,หลังโควิด,สะพานแดง,พระรามที่5,09:00-16:00,7.0,4733.0,676.1428571428571
10469,2023-12-22,หลังโควิด,สะพานแดง,พระรามที่5,16:00-19:00,3.0,3473.0,1157.6666666666667
10470,2023-12-22,หลังโควิด,สะพานแดง,เตชะวณิช,07:00-09:00,2.0,2356.0,1178.0
10471,2023-12-22,หลังโควิด,สะพานแดง,เตชะวณิช,09:00-16:00,7.0,4865.0,695.0
10472,2023-12-22,หลังโควิด,สะพานแดง,เตชะวณิช,16:00-19:00,3.0,1812.0,604.0
10473,2023-12-22,หลังโควิด,สะพานแดง,ทหาร,07:00-09:00,2.0,1485.0,742.5
10474,2023-12-22,หลังโควิด,สะพานแดง,ทหาร,09:00-16:00,7.0,4291.0,613.0
10475,2023-12-22,หลังโควิด,สะพานแดง,ทหาร,16:00-19:00,3.0,1984.0,661.3333333333334
10476,2023-12-22,หลังโควิด,สะพานแดง,ประดิพัทธ์,07:00-09:00,2.0,1358.0,679.0
10477,2023-12-22,หลังโควิด,สะพานแดง,ประดิพัทธ์,09:00-16:00,7.0,4525.0,646.4285714285714
10478,2023-12-22,หลังโควิด,สะพานแดง,ประดิพัทธ์,16:00-19:00,3.0,1969.0,656.3333333333334
10506,2023-12-28,หลังโควิด,นราธิวาส-สุรวงศ์,สุรวงศ์,07:00-09:00,2.0,3430.0,1715.0
10507,2023-12-28,หลังโควิด,นราธิวาส-สุรวงศ์,สุรวงศ์,09:00-16:00,7.0,15031.0,2147.285714285714
10508,2023-12-28,หลังโควิด,นราธิวาส-สุรวงศ์,สุรวงศ์,16:00-19:00,3.0,6319.0,2106.3333333333335
10509,2023-12-29,หลังโควิด,สุโขทัย,พระรามที่5,07:00-09:00,2.0,3103.0,1551.5
10510,2023-12-29,หลังโควิด,สุโขทัย,พระรามที่5,09:00-16:00,7.0,9121.0,1303.0
10511,2023-12-29,หลังโควิด,สุโขทัย,พระรามที่5,16:00-19:00,3.0,3995.0,1331.6666666666667
10512,2023-12-29,หลังโควิด,สุโขทัย,สุโขทัย,07:00-09:00,2.0,2531.0,1265.5
10513,2023-12-29,หลังโควิด,สุโขทัย,สุโขทัย,09:00-16:00,7.0,8539.0,1219.857142857143
10514,2023-12-29,หลังโควิด,สุโขทัย,สุโขทัย,16:00-19:00,3.0,3723.0,1241.0
10515,2023-01-03,หลังโควิด,พรานนก,อิสรภาพ,07:00-09:00,2.0,2175.0,1087.5
10518,2023-01-03,หลังโควิด,พรานนก,พรานนก,07:00-09:00,2.0,4255.0,2127.5
10548,2023-01-11,หลังโควิด,หัวลำโพง,มหาพฤฒาราม,07:00-09:00,2.0,2102.0,1051.0
10551,2023-01-11,หลังโควิด,หัวลำโพง,พระรามที่4,07:00-09:00,2.0,9271.0,4635.5
10566,2023-01-16,หลังโควิด,ราชวงศ์,ราชวงศ์,07:00-09:00,2.0,719.0,359.5
10569,2023-01-16,หลังโควิด,ราชวงศ์,เยาวราช,07:00-09:00,2.0,1735.0,867.5
10575,2023-01-17,หลังโควิด,เอสเอบี,เจริญกรุง,07:00-09:00,2.0,5115.0,2557.5
10578,2023-01-17,หลังโควิด,สามยอด,มหาไชย,07:00-09:00,2.0,5389.0,2694.5
10581,2023-01-17,หลังโควิด,สามยอด,เจริญกรุง,07:00-09:00,2.0,2931.0,1465.5
10590,2023-01-19,หลังโควิด,ท่าดินแดง,ท่าดินแดง,07:00-09:00,2.0,1411.0,705.5
10593,2023-01-19,หลังโควิด,ท่าดินแดง,สมเด็จเจ้าพระยา,07:00-09:00,2.0,2845.0,1422.5
10596,2023-01-20,หลังโควิด,คลองสาน,เจริญนคร,07:00-09:00,2.0,2117.0,1058.5
10599,2023-01-20,หลังโควิด,คลองสาน,สมเด็จเจ้าพระยา,07:00-09:00,2.0,1330.0,665.0
10602,2023-01-20,หลังโควิด,คลองสาน,ลาดหญ้า,07:00-09:00,2.0,1619.0,809.5
10653,2023-01-30,หลังโควิด,สามเหลี่ยมดินแดง,ราชปรารภ,07:00-09:00,2.0,4360.0,2180.0
10659,2023-01-30,หลังโควิด,สามเหลี่ยมดินแดง,ราชวิถี,07:00-09:00,2.0,2467.0,1233.5
10662,2023-01-30,หลังโควิด,สามเหลี่ยมดินแดง,ดินแดง,07:00-09:00,2.0,6405.0,3202.5
10668,2023-01-31,หลังโควิด,วงเวียนหลักสี่,พหลโยธิน,07:00-09:00,2.0,12173.0,6086.5
10671,2023-01-31,หลังโควิด,วงเวียนหลักสี่,แจ้งวัฒนะ,07:00-09:00,2.0,12328.0,6164.0
10674,2023-01-31,หลังโควิด,วงเวียนหลักสี่,รามอินทรา,07:00-09:00,2.0,5920.0,2960.0
10677,2023-02-01,หลังโควิด,ราชเทวี,พญาไท,07:00-09:00,2.0,9302.0,4651.0
10680,2023-02-01,หลังโควิด,ราชเทวี,เพชรบุรี,07:00-09:00,2.0,8450.0,4225.0
10683,2023-02-02,หลังโควิด,บางพลัด,จรัญสนิทวงศ์,07:00-09:00,2.0,9188.0,4594.0
10686,2023-02-02,หลังโควิด,บางพลัด,สิรินธร,07:00-09:00,2.0,4397.0,2198.5
10689,2023-02-02,หลังโควิด,บางพลัด,ราชวิถี,07:00-09:00,2.0,1259.0,629.5
10692,2023-02-06,หลังโควิด,ประชานิเวศน์,ประชาชื่น,07:00-09:00,2.0,3529.0,1764.5
10695,2023-02-06,หลังโควิด,ประชานิเวศน์,เทศบาลสงเคราะห์,07:00-09:00,2.0,1502.0,751.0
10716,2023-02-08,หลังโควิด,พระราม9,รัชดาภิเษก,07:00-09:00,2.0,7720.0,3860.0
10719,2023-02-08,หลังโควิด,พระราม9,อโศกดินแดง,07:00-09:00,2.0,5752.0,2876.0
10722,2023-02-08,หลังโควิด,พระราม9,พระราม9,07:00-09:00,2.0,4585.0,2292.5
10725,2023-02-09,หลังโควิด,พระรามที่2,สุขสวัสดิ์,07:00-09:00,2.0,11053.0,5526.5
10728,2023-02-09,หลังโควิด,พระรามที่2,พระรามที่2,07:00-09:00,2.0,6950.0,3475.0
10731,2023-02-10,หลังโควิด,ประเสริฐมนูกิจ-ประดิษฐ์มนูธรรม,ประดิษฐ์มนูธรรม,07:00-09:00,2.0,14270.0,7135.0
10734,2023-02-10,หลังโควิด,ประเสริฐมนูกิจ-ประดิษฐ์มนูธรรม,ประเสริฐมนูกิจ,07:00-09:00,2.0,13468.0,6734.0
10737,2023-02-13,หลังโควิด,ซังฮี้,สามเสน,07:00-09:00,2.0,2159.0,1079.5
10740,2023-02-13,หลังโควิด,ซังฮี้,ราชวิถี,07:00-09:00,2.0,2449.0,1224.5
10755,2023-02-17,หลังโควิด,ศรีย่าน,สามเสน,07:00-09:00,2.0,1391.0,695.5
10758,2023-02-17,หลังโควิด,ศรีย่าน,นครไชยศรี,07:00-09:00,2.0,320.0,160.0
10761,2023-02-20,หลังโควิด,บางกระบือ,สามเสน,07:00-09:00,2.0,2000.0,1000.0
10764,2023-02-20,หลังโควิด,บางกระบือ,เขียวไข่กา,07:00-09:00,2.0,508.0,254.0
10767,2023-02-20,หลังโควิด,บางกระบือ,อำนวยสงคราม,07:00-09:00,2.0,938.0,469.0
10770,2023-02-21,หลังโควิด,เกียกกาย,สามเสน,07:00-09:00,2.0,1110.0,555.0
10773,2023-02-21,หลังโควิด,เกียกกาย,ทหาร,07:00-09:00,2.0,1415.0,707.5
10776,2023-02-21,หลังโควิด,เกียกกาย,ประชาราษฎร์สาย1,07:00-09:00,2.0,3937.0,1968.5
10779,2023-02-22,หลังโควิด,เทเวศร์,สามเสน,07:00-09:00,2.0,2044.0,1022.0
10782,2023-02-22,หลังโควิด,เทเวศร์,กรุงเกษม,07:00-09:00,2.0,645.0,322.5
10791,2023-02-24,หลังโควิด,บางลำพู,สามเสน,07:00-09:00,2.0,1779.0,889.5
10803,2023-02-27,หลังโควิด,วัดสน,สุขสวัสดิ์,07:00-09:00,2.0,9978.0,4989.0
10818,2023-03-01,หลังโควิด,การเรือน,ราชวิถี,07:00-09:00,2.0,1998.0,999.0
10821,2023-03-02,หลังโควิด,เจริญราษฎร์,เจริญราษฎร์,07:00-09:00,2.0,2571.0,1285.5
10824,2023-03-02,หลังโควิด,เจริญราษฎร์,พระรามที่3,07:00-09:00,2.0,13688.0,6844.0
10827,2023-03-03,หลังโควิด,กำแพงเพชร,พหลโยธิน,07:00-09:00,2.0,9292.0,4646.0
10836,2023-03-07,หลังโควิด,ประชาสงเคราะห์,ประชาสงเคราะห์,07:00-09:00,2.0,2370.0,1185.0
10839,2023-03-07,หลังโควิด,ประชาสงเคราะห์,ดินแดง,07:00-09:00,2.0,4784.0,2392.0
10929,2023-03-23,หลังโควิด,นิด้า,ศรีบูรพา,07:00-09:00,2.0,3407.0,1703.5
10932,2023-03-23,หลังโควิด,นิด้า,เสรีไทย,07:00-09:00,2.0,4110.0,2055.0
10935,2023-03-24,หลังโควิด,ถนนตก,เจริญกรุง,07:00-09:00,2.0,2350.0,1175.0
10938,2023-03-24,หลังโควิด,ถนนตก,พระรามที่3,07:00-09:00,2.0,6820.0,3410.0
10947,2023-03-28,หลังโควิด,ห้วยขวาง,รัชดาภิเษก,07:00-09:00,2.0,12865.0,6432.5
10950,2023-03-28,หลังโควิด,ห้วยขวาง,ประชาสงเคราะห์,07:00-09:00,2.0,964.0,482.0
10953,2023-03-28,หลังโควิด,ห้วยขวาง,ประชาราษฎร์บำเพ็ญ,07:00-09:00,2.0,2132.0,1066.0
10986,2023-04-04,หลังโควิด,พงษ์เพชร,ประชาชื่น,07:00-09:00,2.0,4516.0,2258.0
10989,2023-04-04,หลังโควิด,พงษ์เพชร,งามวงศ์วาน,07:00-09:00,2.0,20295.0,10147.5
11025,2023-04-12,หลังโควิด,เทวกรรม,นครสวรรค์,07:00-09:00,2.0,4061.0,2030.5
11028,2023-04-12,หลังโควิด,เทวกรรม,กรุงเกษม,07:00-09:00,2.0,2036.0,1018.0
11031,2023-04-18,หลังโควิด,พัฒนาการ,ศรีนครินทร์,07:00-09:00,2.0,10079.0,5039.5
11034,2023-04-18,หลังโควิด,พัฒนาการ,พัฒนาการ,07:00-09:00,2.0,7415.0,3707.5
11037,2023-04-19,หลังโควิด,สีลม-นราธิวาส,นราธิวาสราชนครินทร์,07:00-09:00,2.0,4032.0,2016.0
11040,2023-04-19,หลังโควิด,สีลม-นราธิวาส,สีลม,07:00-09:00,2.0,3985.0,1992.5
11046,2023-04-20,หลังโควิด,ศิริราช,พรานนก,07:00-09:00,2.0,1910.0,955.0
11052,2023-04-21,หลังโควิด,สะพานเหลือง,บรรทัดทอง,07:00-09:00,2.0,962.0,481.0
11055,2023-04-21,หลังโควิด,สะพานเหลือง,พระรามที่4,07:00-09:00,2.0,8836.0,4418.0
11058,2023-04-24,หลังโควิด,บางโพ,ประชาราษฎร์สาย1,07:00-09:00,2.0,5578.0,2789.0
11061,2023-04-24,หลังโควิด,บางโพ,ประชาราษฎร์สาย2,07:00-09:00,2.0,1350.0,675.0
11067,2023-04-25,หลังโควิด,มิตรสัมพันธ์,เพชรบุรี,07:00-09:00,2.0,8549.0,4274.5
11070,2023-04-26,หลังโควิด,จันทน์-เจริญราษฎร์,เจริญราษฎร์,07:00-09:00,2.0,6562.0,3281.0
11073,2023-04-26,หลังโควิด,จันทน์-เจริญราษฎร์,จันทน์,07:00-09:00,2.0,2792.0,1396.0
11103,2023-05-03,หลังโควิด,ปทุมวัน,พญาไท,07:00-09:00,2.0,5829.0,2914.5
11106,2023-05-03,หลังโควิด,ปทุมวัน,พระรามที่1,07:00-09:00,2.0,4044.0,2022.0
11109,2023-05-08,หลังโควิด,วุฒากาศ,วุฒากาศ,07:00-09:00,2.0,1570.0,785.0
11112,2023-05-08,หลังโควิด,วุฒากาศ,ซอยมะลิ,07:00-09:00,2.0,22.0,11.0
11115,2023-05-08,หลังโควิด,วุฒากาศ,เทอดไท,07:00-09:00,2.0,1310.0,655.0
11118,2023-05-09,หลังโควิด,พุทธมณฑลสาย3,พุทธมณฑลสาย3,07:00-09:00,2.0,1695.0,847.5
11121,2023-05-09,หลังโควิด,พุทธมณฑลสาย3,เพชรเกษม,07:00-09:00,2.0,9125.0,4562.5
11133,2023-05-11,หลังโควิด,ตากสิน,สมเด็จพระเจ้าตากสิน,07:00-09:00,2.0,5109.0,2554.5
11136,2023-05-11,หลังโควิด,ตากสิน,ราชพฤกษ์,07:00-09:00,2.0,8797.0,4398.5
11139,2023-05-11,หลังโควิด,ตากสิน,กรุงธนบุรี,07:00-09:00,2.0,5621.0,2810.5
11154,2023-05-16,หลังโควิด,ลาซาล,สุขุมวิท,07:00-09:00,2.0,7904.0,3952.0
11166,2023-05-19,หลังโควิด,ประชาเกษม,ประชาธิปไตย,07:00-09:00,2.0,3291.0,1645.5
11169,2023-05-19,หลังโควิด,ประชาเกษม,นครราชสีมา,07:00-09:00,2.0,540.0,270.0
11172,2023-05-19,หลังโควิด,ประชาเกษม,กรุงเกษม,07:00-09:00,2.0,1270.0,635.0
11175,2023-05-22,หลังโควิด,สะพานควาย,พหลโยธิน,07:00-09:00,2.0,5576.0,2788.0
11178,2023-05-22,หลังโควิด,สะพานควาย,ประดิพัทธ์,07:00-09:00,2.0,1497.0,748.5
11181,2023-05-22,หลังโควิด,สะพานควาย,สุทธิสาร,07:00-09:00,2.0,1277.0,638.5
11184,2023-05-23,หลังโควิด,ราชวัตร,พระรามที่5,07:00-09:00,2.0,2912.0,1456.0
11187,2023-05-23,หลังโควิด,ราชวัตร,นครไชยศรี,07:00-09:00,2.0,1345.0,672.5
11190,2023-05-24,หลังโควิด,สุวินทวงศ์-ราษฎร์อุทิศ,ราษฎร์อุทิศ,07:00-09:00,2.0,3010.0,1505.0
11193,2023-05-24,หลังโควิด,สุวินทวงศ์-ราษฎร์อุทิศ,สุวินทวงศ์,07:00-09:00,2.0,6471.0,3235.5
11199,2023-05-25,หลังโควิด,บรมราชชนนี,จรัญสนิทวงศ์,07:00-09:00,2.0,10441.0,5220.5
11202,2023-05-25,หลังโควิด,บรมราชชนนี,บรมราชชนนี,07:00-09:00,2.0,6147.0,3073.5
11214,2023-05-29,หลังโควิด,ราชประสงค์,เพลินจิต,07:00-09:00,2.0,3945.0,1972.5
11238,2023-05-31,หลังโควิด,ประตูน้ำ,ราชดำริ,07:00-09:00,2.0,3450.0,1725.0
11241,2023-05-31,หลังโควิด,ประตูน้ำ,ราชปรารภ,07:00-09:00,2.0,1576.0,788.0
11244,2023-05-31,หลังโควิด,ประตูน้ำ,เพชรบุรี,07:00-09:00,2.0,6852.0,3426.0
11253,2023-06-06,หลังโควิด,ทองหล่อ,สุขุมวิท,07:00-09:00,2.0,4955.0,2477.5
11262,2023-06-06,หลังโควิด,เพชรบุรี-ทองหล่อ,เพชรบุรี,07:00-09:00,2.0,7611.0,3805.5
11265,2023-06-07,หลังโควิด,ลาดปลาเค้า,ลาดปลาเค้า,07:00-09:00,2.0,1377.0,688.5
11268,2023-06-07,หลังโควิด,ลาดปลาเค้า,รามอินทรา,07:00-09:00,2.0,10403.0,5201.5
11289,2023-06-12,หลังโควิด,ด่วนนางลิ้นจี่,นางลิ้นจี่,07:00-09:00,2.0,4126.0,2063.0
11292,2023-06-12,หลังโควิด,ด่วนนางลิ้นจี่,รัชดาภิเษก,07:00-09:00,2.0,3732.0,1866.0
11331,2023-06-16,หลังโควิด,เจริญนครใต้,เจริญนคร,07:00-09:00,2.0,5399.0,2699.5
11334,2023-06-16,หลังโควิด,เจริญนครใต้,กรุงธนบุรี,07:00-09:00,2.0,1224.0,612.0
11394,2023-06-26,หลังโควิด,ศรีอยุธยา,พระรามที่6,07:00-09:00,2.0,8771.0,4385.5
11397,2023-06-26,หลังโควิด,ศรีอยุธยา,ศรีอยุธยา,07:00-09:00,2.0,7125.0,3562.5
11406,2023-06-28,หลังโควิด,ราชดำริ,ราชดำริ,07:00-09:00,2.0,4143.0,2071.5
11409,2023-06-28,หลังโควิด,ราชดำริ,สารสิน,07:00-09:00,2.0,2781.0,1390.5
11412,2023-06-29,หลังโควิด,บุคคโล,เจริญนคร,07:00-09:00,2.0,6041.0,3020.5
11415,2023-06-29,หลังโควิด,บุคคโล,มไหสวรรย์,07:00-09:00,2.0,4322.0,2161.0
11427,2023-07-03,หลังโควิด,วังหิน,สุขาภิบาล1,07:00-09:00,2.0,1676.0,838.0
11433,2023-07-03,หลังโควิด,วังหิน,เสนานิคม,07:00-09:00,2.0,2130.0,1065.0
11436,2023-07-04,หลังโควิด,วิทยุ-เพชร,วิทยุ-ทางขึ้นลงทางด่วน,07:00-09:00,2.0,5503.0,2751.5
11442,2023-07-04,หลังโควิด,วิทยุ-เพชร,เพชรบุรี,07:00-09:00,2.0,5622.0,2811.0
11445,2023-07-05,หลังโควิด,วิสุทธิกษัตริย์,ประชาธิปไตย,07:00-09:00,2.0,1894.0,947.0
11448,2023-07-05,หลังโควิด,วิสุทธิกษัตริย์,วิสุทธิกษัตริย์,07:00-09:00,2.0,7010.0,3505.0
11457,2023-07-10,หลังโควิด,พญาไท,พญาไท,07:00-09:00,2.0,6348.0,3174.0
11460,2023-07-10,หลังโควิด,พญาไท,ศรีอยุธยา,07:00-09:00,2.0,8954.0,4477.0
11463,2023-07-11,หลังโควิด,ทุ่งสาธิต,สุขุมวิท,07:00-09:00,2.0,8036.0,4018.0
11469,2023-07-12,หลังโควิด,เจ้าคุณทหาร-ฉลองกรุง,ฉลองกรุง,07:00-09:00,2.0,7609.0,3804.5
11472,2023-07-12,หลังโควิด,เจ้าคุณทหาร-ฉลองกรุง,เจ้าคุณทหาร,07:00-09:00,2.0,4047.0,2023.5
11478,2023-07-13,หลังโควิด,ท่าพระ,รัชดาภิเษก,07:00-09:00,2.0,4069.0,2034.5
11481,2023-07-13,หลังโควิด,ท่าพระ,จรัญสนิทวงศ์,07:00-09:00,2.0,3078.0,1539.0
11484,2023-07-13,หลังโควิด,ท่าพระ,เพชรเกษม,07:00-09:00,2.0,6466.0,3233.0
11487,2023-07-17,หลังโควิด,วังแดง,ราชสีมา,07:00-09:00,2.0,2193.0,1096.5
11490,2023-07-17,หลังโควิด,วังแดง,พิษณุโลก,07:00-09:00,2.0,1586.0,793.0
11532,2023-07-21,หลังโควิด,เตาปูน,ประชาราษฎร์,07:00-09:00,2.0,2121.0,1060.5
11535,2023-07-21,หลังโควิด,เตาปูน,ประชาราษฎร์สาย2,07:00-09:00,2.0,3470.0,1735.0
11550,2023-07-25,หลังโควิด,หลักสี่,กำแพงเพชร6,07:00-09:00,2.0,2123.0,1061.5
11553,2023-07-25,หลังโควิด,หลักสี่,แจ้งวัฒนะ,07:00-09:00,2.0,4834.0,2417.0
11580,2023-08-04,หลังโควิด,เศรษฐศิริ,เศรษฐศิริ,07:00-09:00,2.0,1936.0,968.0
11583,2023-08-04,หลังโควิด,เศรษฐศิริ,เทอดดำริ,07:00-09:00,2.0,3239.0,1619.5
11628,2023-08-11,หลังโควิด,วงเวียนใหญ่,ประชาธิปก,07:00-09:00,2.0,4602.0,2301.0
11631,2023-08-11,หลังโควิด,วงเวียนใหญ่,อินทรพิทักษ์,07:00-09:00,2.0,7168.0,3584.0
11670,2023-08-18,หลังโควิด,ยมราช,พิษณุโลก,07:00-09:00,2.0,7510.0,3755.0
11676,2023-08-18,หลังโควิด,ยมราช,เพชรบุรี,07:00-09:00,2.0,5895.0,2947.5
11703,2023-08-23,หลังโควิด,พระโขนง,สุขุมวิท,07:00-09:00,2.0,8793.0,4396.5
11706,2023-08-24,หลังโควิด,ด่วนเพลินจิต,ดวงพิทักษ์,07:00-09:00,2.0,917.0,458.5
11709,2023-08-24,หลังโควิด,ด่วนเพลินจิต,ทางขึ้นลงทางด่วน,07:00-09:00,2.0,3643.0,1821.5
11712,2023-08-24,หลังโควิด,ด่วนเพลินจิต,เพลินจิต,07:00-09:00,2.0,591.0,295.5
11715,2023-08-24,หลังโควิด,ด่วนเพลินจิต,สุขุมวิท,07:00-09:00,2.0,8529.0,4264.5
11724,2023-08-28,หลังโควิด,บางขุนนนท์,จรัญสนิทวงศ์,07:00-09:00,2.0,5786.0,2893.0
11727,2023-08-28,หลังโควิด,บางขุนนนท์,บางกอกน้อยตลิ่งชัน,07:00-09:00,2.0,2015.0,1007.5
11739,2023-08-30,หลังโควิด,บางแค,บางแค,07:00-09:00,2.0,750.0,375.0
11742,2023-08-30,หลังโควิด,บางแค,เพชรเกษม,07:00-09:00,2.0,9316.0,4658.0
11754,2023-09-01,หลังโควิด,ไฟฉาย,จรัญสนิทวงศ์,07:00-09:00,2.0,7139.0,3569.5
11760,2023-09-01,หลังโควิด,ไฟฉาย,พรานนก,07:00-09:00,2.0,3308.0,1654.0
11775,2023-09-06,หลังโควิด,โพธิ์สามต้น,อิสรภาพ,07:00-09:00,2.0,3434.0,1717.0
11778,2023-09-06,หลังโควิด,โพธิ์สามต้น,วังเดิม,07:00-09:00,2.0,730.0,365.0
11802,2023-09-11,หลังโควิด,เพชรเกษม69,เพชรเกษม,07:00-09:00,2.0,9508.0,4754.0
11832,2023-09-15,หลังโควิด,อุรุพงษ์,พระรามที่6,07:00-09:00,2.0,6243.0,3121.5
11835,2023-09-15,หลังโควิด,อุรุพงษ์,เพชรบุรี,07:00-09:00,2.0,6762.0,3381.0
11859,2023-09-20,หลังโควิด,พุทธมณฑลสาย2,พุทธมณฑลสาย2,07:00-09:00,2.0,1586.0,793.0
11862,2023-09-20,หลังโควิด,พุทธมณฑลสาย2,เพชรเกษม,07:00-09:00,2.0,14390.0,7195.0
11907,2023-09-27,หลังโควิด,จักรพรรดิพงษ์,นครสวรรค์,07:00-09:00,2.0,3619.0,1809.5
11910,2023-09-27,หลังโควิด,จักรพรรดิพงษ์,จักรพรรดิพงษ์,07:00-09:00,2.0,4910.0,2455.0
11925,2023-09-29,หลังโควิด,แปลงนาม,แปลงนาม,07:00-09:00,2.0,136.0,68.0
11928,2023-09-29,หลังโควิด,แปลงนาม,พลับพลาไชย,07:00-09:00,2.0,199.0,99.5
11931,2023-09-29,หลังโควิด,แปลงนาม,เจริญกรุง,07:00-09:00,2.0,2555.0,1277.5
12042,2023-10-18,หลังโควิด,สาธุ-จันทน์,จันทน์,07:00-09:00,2.0,1567.0,783.5
12045,2023-10-18,หลังโควิด,สาธุ-จันทน์,สาธุประดิษฐ์,07:00-09:00,2.0,2376.0,1188.0
12051,2023-10-19,หลังโควิด,วิสุทธิกษัตริย์,ประชาธิปไตย,07:00-09:00,2.0,1609.0,804.5
12054,2023-10-19,หลังโควิด,วิสุทธิกษัตริย์,วิสุทธิกษัตริย์,07:00-09:00,2.0,6590.0,3295.0
12057,2023-10-20,หลังโควิด,สะพานดำ,พระรามที่6,07:00-09:00,2.0,3503.0,1751.5
12060,2023-10-20,หลังโควิด,สะพานดำ,กำแพงเพชร5,07:00-09:00,2.0,1.0,0.5
12075,2023-10-25,หลังโควิด,สามแยกบางกะปิ,ศรีนครินทร์,07:00-09:00,2.0,1624.0,812.0
12078,2023-10-25,หลังโควิด,สามแยกบางกะปิ,ลาดพร้าว,07:00-09:00,2.0,3915.0,1957.5
12081,2023-10-26,หลังโควิด,บรมราชชนนี,จรัญสนิทวงศ์,07:00-09:00,2.0,9032.0,4516.0
12084,2023-10-26,หลังโควิด,บรมราชชนนี,บรมราชชนนี,07:00-09:00,2.0,14193.0,7096.5
12117,2023-11-02,หลังโควิด,อุดมสุข,สุขุมวิท,07:00-09:00,2.0,6330.0,3165.0
12201,2023-11-14,หลังโควิด,หมู่บ้านสหกรณ์,ทางเข้าหมู่บ้านสหกรณ์,07:00-09:00,2.0,771.0,385.5
12204,2023-11-14,หลังโควิด,หมู่บ้านสหกรณ์,เสรีไทย,07:00-09:00,2.0,7137.0,3568.5
12237,2023-11-20,หลังโควิด,ด่วนสาธุ,สาธุประดิษฐ์,07:00-09:00,2.0,3907.0,1953.5
12240,2023-11-20,หลังโควิด,ด่วนสาธุ,รัชดาภิเษก,07:00-09:00,2.0,11658.0,5829.0
12243,2023-11-21,หลังโควิด,คลองเตย,สุนทรโกษา,07:00-09:00,2.0,1959.0,979.5
12246,2023-11-21,หลังโควิด,คลองเตย,พระรามที่4,07:00-09:00,2.0,5180.0,2590.0
12258,2023-11-23,หลังโควิด,ราชวิถี,พระรามที่5,07:00-09:00,2.0,4237.0,2118.5
12261,2023-11-23,หลังโควิด,ราชวิถี,ราชวิถี,07:00-09:00,2.0,1714.0,857.0
12270,2023-11-27,หลังโควิด,สุโขทัย,พระรามที่5,07:00-09:00,2.0,3564.0,1782.0
12273,2023-11-27,หลังโควิด,สุโขทัย,สุโขทัย,07:00-09:00,2.0,3012.0,1506.0
12276,2023-11-28,หลังโควิด,อังรีดูนังต์,สุรวงศ์,07:00-09:00,2.0,1406.0,703.0
12279,2023-11-28,หลังโควิด,อังรีดูนังต์,อังรีดูนังต์,07:00-09:00,2.0,2772.0,1386.0
12282,2023-11-28,หลังโควิด,อังรีดูนังต์,พระรามที่4,07:00-09:00,2.0,8786.0,4393.0
12285,2023-11-29,หลังโควิด,บางรัก,เจริญกรุง,07:00-09:00,2.0,3174.0,1587.0
12291,2023-11-29,หลังโควิด,บางรัก,สีลม,07:00-09:00,2.0,1421.0,710.5
12294,2023-11-30,หลังโควิด,เกษะโกมล,พระรามที่5,07:00-09:00,2.0,3998.0,1999.0
12297,2023-11-30,หลังโควิด,เกษะโกมล,อำนวยสงคราม,07:00-09:00,2.0,1094.0,547.0
12300,2023-11-30,หลังโควิด,เกษะโกมล,เศรษฐศิริ,07:00-09:00,2.0,1107.0,553.5
12303,2023-12-01,หลังโควิด,สะพานขาว,กรุงเกษม,07:00-09:00,2.0,2148.0,1074.0
12306,2023-12-01,หลังโควิด,สะพานขาว,หลานหลวง,07:00-09:00,2.0,5296.0,2648.0
12324,2023-12-07,หลังโควิด,เกษมราษฎร์,เกษมราษฎร์,07:00-09:00,2.0,1332.0,666.0
12327,2023-12-07,หลังโควิด,เกษมราษฎร์,พระรามที่4,07:00-09:00,2.0,6790.0,3395.0
12342,2023-12-13,หลังโควิด,สุขาภิบาล5-จตุโชติ,สุขาภิบาล5,07:00-09:00,2.0,5058.0,2529.0
12375,2024-12-15,หลังโควิด,นาหลวง,พุทธบูชา,07:00-09:00,2.0,1187.0,593.5
12396,2024-12-20,หลังโควิด,นอร์ธปาร์ค,กำแพงเพชร6,07:00-09:00,2.0,3681.0,1840.5
12399,2024-12-20,หลังโควิด,นอร์ธปาร์ค,ชิดชน,07:00-09:00,2.0,3225.0,1612.5
12411,2024-12-22,หลังโควิด,ยุคล2,ยุคล2,07:00-09:00,2.0,669.0,334.5
12417,2024-12-22,หลังโควิด,อนามัย,พลับพลาไชย,07:00-09:00,2.0,1010.0,505.0
12423,2024-12-25,หลังโควิด,เพลินจิต,วิทยุ,07:00-09:00,2.0,2063.0,1031.5
12426,2024-12-25,หลังโควิด,เพลินจิต,เพลินจิต,07:00-09:00,2.0,6069.0,3034.5
12432,2024-12-26,หลังโควิด,ห้วยขวาง,รัชดาภิเษก,07:00-09:00,2.0,12095.0,6047.5
12435,2024-12-26,หลังโควิด,ห้วยขวาง,ประชาราษฎร์บำเพ็ญ,07:00-09:00,2.0,2326.0,1163.0
12459,2024-01-05,หลังโควิด,คลองสาน,เจริญนคร,07:00-09:00,2.0,2278.0,1139.0
12462,2024-01-05,หลังโควิด,คลองสาน,สมเด็จเจ้าพระยา,07:00-09:00,2.0,1465.0,732.5
12465,2024-01-05,หลังโควิด,คลองสาน,ลาดหญ้า,07:00-09:00,2.0,1146.0,573.0
12489,2024-01-11,หลังโควิด,บางขุนนนท์,จรัญสนิทวงศ์,07:00-09:00,2.0,6098.0,3049.0
12513,2024-01-16,หลังโควิด,เฉลิมกรุง,ตรีเพชร,07:00-09:00,2.0,2078.0,1039.0
12519,2024-01-16,หลังโควิด,เฉลิมกรุง,เจริญกรุง,07:00-09:00,2.0,1764.0,882.0
12528,2024-01-18,หลังโควิด,หลักสี่,กำแพงเพชร6,07:00-09:00,2.0,3547.0,1773.5
12531,2024-01-18,หลังโควิด,หลักสี่,แจ้งวัฒนะ,07:00-09:00,2.0,4910.0,2455.0
12555,2024-01-23,หลังโควิด,ประชาเกษม,ประชาธิปไตย,07:00-09:00,2.0,2993.0,1496.5
12558,2024-01-23,หลังโควิด,ประชาเกษม,นครราชสีมา,07:00-09:00,2.0,527.0,263.5
12561,2024-01-23,หลังโควิด,ประชาเกษม,กรุงเกษม,07:00-09:00,2.0,1191.0,595.5
12603,2024-01-29,หลังโควิด,บางแค,บางแค,07:00-09:00,2.0,761.0,380.5
12606,2024-01-29,หลังโควิด,บางแค,เพชรเกษม,07:00-09:00,2.0,9008.0,4504.0
12732,2024-02-19,หลังโควิด,สี่กั๊กเสาชิงช้า,เฟื่องนคร,07:00-09:00,2.0,644.0,322.0
12735,2024-02-19,หลังโควิด,สี่กั๊กเสาชิงช้า,ตะนาว,07:00-09:00,2.0,579.0,289.5
12738,2024-02-19,หลังโควิด,สี่กั๊กเสาชิงช้า,บำรุงเมือง,07:00-09:00,2.0,1643.0,821.5
12822,2024-03-12,หลังโควิด,เทอดดำริ,เทอดดำริ,07:00-09:00,2.0,2844.0,1422.0
12825,2024-03-12,หลังโควิด,เทอดดำริ,ประดิพัทธ์,07:00-09:00,2.0,2951.0,1475.5
12876,2024-03-19,หลังโควิด,สะพานแดง,พระรามที่5,07:00-09:00,2.0,951.0,475.5
12879,2024-03-19,หลังโควิด,สะพานแดง,เตชะวณิช,07:00-09:00,2.0,3092.0,1546.0
12882,2024-03-19,หลังโควิด,สะพานแดง,ทหาร,07:00-09:00,2.0,1671.0,835.5
12885,2024-03-19,หลังโควิด,สะพานแดง,ประดิพัทธ์,07:00-09:00,2.0,896.0,448.0
12906,2024-03-22,หลังโควิด,หมอเหล็ง,ราชปรารภ,07:00-09:00,2.0,4764.0,2382.0
12909,2024-03-22,หลังโควิด,หมอเหล็ง,ศรีอยุธยา,07:00-09:00,2.0,5660.0,2830.0
12912,2024-03-22,หลังโควิด,หมอเหล็ง,จตุรทิศ,07:00-09:00,2.0,6069.0,3034.5
12957,2024-03-29,หลังโควิด,หลังสวน,หลังสวน,07:00-09:00,2.0,2361.0,1180.5
12960,2024-03-29,หลังโควิด,หลังสวน,สารสิน,07:00-09:00,2.0,1775.0,887.5
12987,2024-04-04,หลังโควิด,เกษตร,พหลโยธิน,07:00-09:00,2.0,6170.0,3085.0
12990,2024-04-04,หลังโควิด,เกษตร,งามวงศ์วาน,07:00-09:00,2.0,7447.0,3723.5
13122,2024-05-02,หลังโควิด,มิตรไมตรี-มิตรไมตรี2,มิตรไมตรี,07:00-09:00,2.0,1334.0,667.0
13125,2024-05-02,หลังโควิด,มิตรไมตรี-มิตรไมตรี2,มิตรไมตรี2,07:00-09:00,2.0,2291.0,1145.5
13203,2024-05-17,หลังโควิด,พระราม9ใหม่,เพชรพระราม,07:00-09:00,2.0,523.0,261.5
13242,2024-05-24,หลังโควิด,พหลโยธิน-เทพรักษ์,พหลโยธิน,07:00-09:00,2.0,7119.0,3559.5
13245,2024-05-24,หลังโควิด,พหลโยธิน-เทพรักษ์,เทพรักษ์,07:00-09:00,2.0,2678.0,1339.0
13380,2024-06-13,หลังโควิด,วิทยุ,สาทร,07:00-09:00,2.0,3730.0,1865.0
13383,2024-06-13,หลังโควิด,วิทยุ,วิทยุ,07:00-09:00,2.0,2460.0,1230.0
13386,2024-06-13,หลังโควิด,วิทยุ,พระรามที่4,07:00-09:00,2.0,14882.0,7441.0
13389,2024-06-17,หลังโควิด,ประชาสงเคราะห์,ประชาสงเคราะห์,07:00-09:00,2.0,2421.0,1210.5
13392,2024-06-17,หลังโควิด,ประชาสงเคราะห์,ดินแดง,07:00-09:00,2.0,4821.0,2410.5
13398,2024-06-18,หลังโควิด,จันทน์-เจริญราษฎร์,เจริญราษฎร์,07:00-09:00,2.0,9167.0,4583.5
13401,2024-06-18,หลังโควิด,จันทน์-เจริญราษฎร์,จันทน์,07:00-09:00,2.0,2732.0,1366.0
13404,2024-06-19,หลังโควิด,บางยี่เรือ,เทอดไท,07:00-09:00,2.0,1009.0,504.5
13407,2024-06-19,หลังโควิด,บางยี่เรือ,เพชรเกษม,07:00-09:00,2.0,2787.0,1393.5
13410,2024-06-19,หลังโควิด,บางยี่เรือ,อินทรพิทักษ์,07:00-09:00,2.0,1469.0,734.5
13419,2024-06-20,หลังโควิด,พระรามที่4,รัชดาภิเษก,07:00-09:00,2.0,3453.0,1726.5
13422,2024-06-20,หลังโควิด,พระรามที่4,พระรามที่4,07:00-09:00,2.0,5889.0,2944.5
13431,2024-06-21,หลังโควิด,ราชประสงค์,เพลินจิต,07:00-09:00,2.0,3999.0,1999.5
13434,2024-06-24,หลังโควิด,ราชเทวี,พญาไท,07:00-09:00,2.0,7544.0,3772.0
13437,2024-06-24,หลังโควิด,ราชเทวี,เพชรบุรี,07:00-09:00,2.0,8299.0,4149.5
13452,2024-06-27,หลังโควิด,พญาไท,พญาไท,07:00-09:00,2.0,6932.0,3466.0
13455,2024-06-27,หลังโควิด,พญาไท,ศรีอยุธยา,07:00-09:00,2.0,13175.0,6587.5
13458,2024-06-28,หลังโควิด,ปทุมวัน,พญาไท,07:00-09:00,2.0,6503.0,3251.5
13461,2024-06-28,หลังโควิด,ปทุมวัน,พระรามที่1,07:00-09:00,2.0,4597.0,2298.5
13473,2024-07-01,หลังโควิด,ทองหล่อ,สุขุมวิท,07:00-09:00,2.0,3900.0,1950.0
13581,2024-07-17,หลังโควิด,เกษมราษฎร์,เกษมราษฎร์,07:00-09:00,2.0,1496.0,748.0
13584,2024-07-17,หลังโควิด,เกษมราษฎร์,พระรามที่4,07:00-09:00,2.0,7133.0,3566.5
13602,2025-07-19,หลังโควิด,หมอมี,เจริญกรุง,07:00-09:00,2.0,3343.0,1671.5
13608,2025-07-19,หลังโควิด,หมอมี,พระรามที่4,07:00-09:00,2.0,1024.0,512.0
13614,2025-07-23,หลังโควิด,พระโขนง,สุขุมวิท,07:00-09:00,2.0,8758.0,4379.0
13623,2025-07-24,หลังโควิด,จันทน์-นราธิวาส,จันทน์,07:00-09:00,2.0,2321.0,1160.5
13731,2024-08-18,หลังโควิด,สามแยกบางกะปิ,ศรีนครินทร์,07:00-09:00,2.0,1891.0,945.5
13734,2024-08-18,หลังโควิด,สามแยกบางกะปิ,ลาดพร้าว,07:00-09:00,2.0,3598.0,1799.0
13746,2024-08-20,หลังโควิด,พระรามที่2,สุขสวัสดิ์,07:00-09:00,2.0,6829.0,3414.5
13749,2024-08-20,หลังโควิด,พระรามที่2,พระรามที่2,07:00-09:00,2.0,4620.0,2310.0
13752,2024-08-21,หลังโควิด,ใต้ด่วนพระราม4,เชื้อเพลิง,07:00-09:00,2.0,3204.0,1602.0
13758,2024-08-21,หลังโควิด,ใต้ด่วนพระราม4,พระรามที่4,07:00-09:00,2.0,9666.0,4833.0
13761,2024-08-22,หลังโควิด,เจริญราษฎร์,เจริญราษฎร์,07:00-09:00,2.0,2359.0,1179.5
13764,2024-08-22,หลังโควิด,เจริญราษฎร์,พระรามที่3,07:00-09:00,2.0,13980.0,6990.0
13767,2024-08-25,หลังโควิด,นิด้า,ศรีบูรพา,07:00-09:00,2.0,3511.0,1755.5
13770,2024-08-25,หลังโควิด,นิด้า,เสรีไทย,07:00-09:00,2.0,5393.0,2696.5
13773,2024-08-26,หลังโควิด,วิทยุ-เพชร,วิทยุ-ทางขึ้นลงทางด่วน,07:00-09:00,2.0,5454.0,2727.0
13779,2024-08-26,หลังโควิด,วิทยุ-เพชร,เพชรบุรี,07:00-09:00,2.0,3867.0,1933.5
13791,2024-08-28,หลังโควิด,หลังสวน,หลังสวน,07:00-09:00,2.0,2506.0,1253.0
13794,2024-08-28,หลังโควิด,หลังสวน,สารสิน,07:00-09:00,2.0,2206.0,1103.0
13797,2024-08-28,หลังโควิด,เพชรบุรี-ชิดลม,เพชรบุรี,07:00-09:00,2.0,6725.0,3362.5
13803,2024-08-29,หลังโควิด,สาทร-นราธิวาส,สาทร,07:00-09:00,2.0,8606.0,4303.0
13878,2024-09-12,หลังโควิด,ห้วยขวาง,รัชดาภิเษก,07:00-09:00,2.0,11331.0,5665.5
13881,2024-09-12,หลังโควิด,ห้วยขวาง,ประชาสงเคราะห์,07:00-09:00,2.0,1166.0,583.0
13884,2024-09-12,หลังโควิด,ห้วยขวาง,ประชาราษฎร์บำเพ็ญ,07:00-09:00,2.0,2678.0,1339.0
13890,2024-09-16,หลังโควิด,สาทร-เจริญกรุง,เจริญกรุง,07:00-09:00,2.0,2216.0,1108.0
13896,2024-09-16,หลังโควิด,สาทร-เจริญกรุง,สาทร,07:00-09:00,2.0,1683.0,841.5
13917,2024-09-19,หลังโควิด,รัชโยธิน,พหลโยธิน,07:00-09:00,2.0,8723.0,4361.5
13923,2024-09-23,หลังโควิด,ประดิพัทธ์,พระรามที่6,07:00-09:00,2.0,3827.0,1913.5
13929,2024-09-24,หลังโควิด,คอกวัว,ตะนาว,07:00-09:00,2.0,1674.0,837.0
13932,2024-09-24,หลังโควิด,คอกวัว,ราชดำเนินกลาง,07:00-09:00,2.0,7655.0,3827.5
13992,2024-10-03,หลังโควิด,หมู่บ้านเศรษฐกิจ,เพชรเกษม,07:00-09:00,2.0,11153.0,5576.5
14004,2024-10-07,หลังโควิด,ดาวคะนอง,สมเด็จพระเจ้าตากสิน,07:00-09:00,2.0,5636.0,2818.0
14007,2024-10-07,หลังโควิด,ดาวคะนอง,จอมทอง,07:00-09:00,2.0,1754.0,877.0
14028,2024-10-10,หลังโควิด,ขัตติยานี,พิชัย,07:00-09:00,2.0,719.0,359.5
14031,2024-10-10,หลังโควิด,ขัตติยานี,สุโขทัย,07:00-09:00,2.0,2494.0,1247.0
14034,2024-10-11,หลังโควิด,อ.ส.ม.ท.,เพชรอุทัย,07:00-09:00,2.0,1674.0,837.0
14040,2024-10-11,หลังโควิด,อ.ส.ม.ท.,พระราม9,07:00-09:00,2.0,6374.0,3187.0
14067,2024-10-24,หลังโควิด,มไหสวรรย์,รัชดาภิเษก,07:00-09:00,2.0,2844.0,1422.0
14070,2024-10-24,หลังโควิด,มไหสวรรย์,มไหสวรรย์,07:00-09:00,2.0,1889.0,944.5
14118,2024-10-31,หลังโควิด,บางพลัด,จรัญสนิทวงศ์,07:00-09:00,2.0,8986.0,4493.0
14121,2024-10-31,หลังโควิด,บางพลัด,สิรินธร,07:00-09:00,2.0,3470.0,1735.0
14124,2024-10-31,หลังโควิด,บางพลัด,ราชวิถี,07:00-09:00,2.0,3362.0,1681.0
14175,2024-11-12,หลังโควิด,โพธิ์สามต้น,อิสรภาพ,07:00-09:00,2.0,3528.0,1764.0
14178,2024-11-12,หลังโควิด,โพธิ์สามต้น,วังเดิม,07:00-09:00,2.0,707.0,353.5
14199,2024-11-14,หลังโควิด,ลาดปลาเค้า,ลาดปลาเค้า,07:00-09:00,2.0,852.0,426.0
14202,2024-11-14,หลังโควิด,ลาดปลาเค้า,รามอินทรา,07:00-09:00,2.0,11472.0,5736.0
14217,2024-11-18,หลังโควิด,สามเสน,สวรรคโลก,07:00-09:00,2.0,1647.0,823.5
14220,2024-11-18,หลังโควิด,สามเสน,เทอดดำริ,07:00-09:00,2.0,1699.0,849.5
14223,2024-11-18,หลังโควิด,สามเสน,นครไชยศรี,07:00-09:00,2.0,1865.0,932.5
14307,2024-11-29,หลังโควิด,ท่าพระ,รัชดาภิเษก,07:00-09:00,2.0,3946.0,1973.0
14310,2024-11-29,หลังโควิด,ท่าพระ,จรัญสนิทวงศ์,07:00-09:00,2.0,3184.0,1592.0
14313,2024-11-29,หลังโควิด,ท่าพระ,เพชรเกษม,07:00-09:00,2.0,10230.0,5115.0
14331,2024-12-03,หลังโควิด,สีลม-นราธิวาส,สีลม,07:00-09:00,2.0,3611.0,1805.5
14346,2024-12-06,หลังโควิด,บรมราชชนนี,จรัญสนิทวงศ์,07:00-09:00,2.0,7600.0,3800.0
14349,2024-12-06,หลังโควิด,บรมราชชนนี,บรมราชชนนี,07:00-09:00,2.0,6609.0,3304.5
14370,2024-12-13,หลังโควิด,พงษ์พระราม,จารุเมือง,07:00-09:00,2.0,483.0,241.5
14373,2025-12-13,หลังโควิด,พงษ์พระราม,พระรามที่1,07:00-09:00,2.0,6518.0,3259.0
14379,2025-12-13,หลังโควิด,มัฆวาน,กรุงเกษม,07:00-09:00,2.0,2009.0,1004.5
14382,2025-12-16,หลังโควิด,โรงพยาบาลกลาง,เสือป่า,07:00-09:00,2.0,614.0,307.0
14388,2025-12-16,หลังโควิด,โรงพยาบาลกลาง,หลวง,07:00-09:00,2.0,2315.0,1157.5
14394,2025-12-17,หลังโควิด,ผังเมือง,วัฒนธรรม,07:00-09:00,2.0,2776.0,1388.0
14400,2025-12-18,หลังโควิด,แบริ่ง,สุขุมวิท,07:00-09:00,2.0,7511.0,3755.5
14436,2025-12-24,หลังโควิด,นางเลิ้ง,พิษณุโลก,07:00-09:00,2.0,3516.0,1758.0
14439,2025-12-25,หลังโควิด,สุทธิสาร-วิภาวดีรังสิต,วิภาวดีรังสิต,07:00-09:00,2.0,28252.0,14126.0
14442,2025-12-25,หลังโควิด,สุทธิสาร-วิภาวดีรังสิต,สุทธิสาร,07:00-09:00,2.0,4807.0,2403.5
14445,2025-12-27,หลังโควิด,ประชาธรรม,ประดิษฐ์มนูธรรม,07:00-09:00,2.0,7871.0,3935.5
14448,2025-12-27,หลังโควิด,ประชาธรรม,ประชาอุทิศ,07:00-09:00,2.0,1951.0,975.5
14454,2025-01-02,หลังโควิด,จอมทอง,จอมทอง,07:00-09:00,2.0,911.0,455.5
14457,2025-01-02,หลังโควิด,จอมทอง,วุฒากาศ,07:00-09:00,2.0,670.0,335.0
14487,2025-01-02,หลังโควิด,พรานนก,อิสรภาพ,07:00-09:00,2.0,1319.0,659.5
14490,2025-01-02,หลังโควิด,พรานนก,พรานนก,07:00-09:00,2.0,5874.0,2937.0
14511,2025-01-02,หลังโควิด,เพชรบุรี-ทองหล่อ,เพชรบุรี,07:00-09:00,2.0,5180.0,2590.0
14514,2025-01-02,หลังโควิด,เสาวณี,สวรรคโลก,07:00-09:00,2.0,2730.0,1365.0
14517,2025-01-02,หลังโควิด,เสาวณี,ศรีอยุธยา,07:00-09:00,2.0,4606.0,2303.0
14526,2025-01-02,หลังโควิด,ลาดพร้าว101,ลาดพร้าว,07:00-09:00,2.0,4641.0,2320.5
14529,2025-01-02,หลังโควิด,ด่วนเกษมราษฎร์,เกษมราษฎร์,07:00-09:00,2.0,3820.0,1910.0
14532,2025-01-02,หลังโควิด,ด่วนเกษมราษฎร์,ทางขึ้นลงทางด่วน,07:00-09:00,2.0,2267.0,1133.5
14538,2025-01-02,หลังโควิด,วัดเทพลีลา,รามคำแหง,07:00-09:00,2.0,5028.0,2514.0
14541,2025-01-02,หลังโควิด,โรงกรองน้ำ,พระรามที่6,07:00-09:00,2.0,3999.0,1999.5
14544,2025-01-02,หลังโควิด,โรงกรองน้ำ,นครไชยศรี,07:00-09:00,2.0,1616.0,808.0
14577,2025-01-02,หลังโควิด,ประชาอุทิศ,เทียมร่วมมิตร,07:00-09:00,2.0,2604.0,1302.0
14583,2025-01-02,หลังโควิด,ประชาอุทิศ,ประชาอุทิศ,07:00-09:00,2.0,2347.0,1173.5
14592,2025-01-02,หลังโควิด,ศาลาแดง,สีลม,07:00-09:00,2.0,1425.0,712.5
14595,2025-01-02,หลังโควิด,ศาลาแดง,ราชดำริ,07:00-09:00,2.0,2459.0,1229.5
14598,2025-01-02,หลังโควิด,ศาลาแดง,พระรามที่4,07:00-09:00,2.0,15204.0,7602.0
14613,2025-01-02,หลังโควิด,เพลินจิต,วิทยุ,07:00-09:00,2.0,2678.0,1339.0
14616,2025-01-02,หลังโควิด,เพลินจิต,เพลินจิต,07:00-09:00,2.0,7052.0,3526.0
14619,2025-01-02,หลังโควิด,ตรอกจันทน์,เจริญกรุง,07:00-09:00,2.0,1785.0,892.5
14625,2025-01-02,หลังโควิด,ตรอกจันทน์,จันทน์,07:00-09:00,2.0,1030.0,515.0
14631,2025-01-02,หลังโควิด,เกียกกาย,สามเสน,07:00-09:00,2.0,1034.0,517.0
14634,2025-01-02,หลังโควิด,เกียกกาย,ประชาราษฎร์สาย1,07:00-09:00,2.0,3740.0,1870.0
14637,2025-01-02,หลังโควิด,เกียกกาย,ทหาร,07:00-09:00,2.0,1334.0,667.0
14664,2025-02-03,หลังโควิด,บางขุนเทียน-พระยามนธาตุราชศรีพิจิตร์,บางขุนเทียน,07:00-09:00,2.0,5916.0,2958.0
14667,2025-02-03,หลังโควิด,บางขุนเทียน-พระยามนธาตุราชศรีพิจิตร์,พระยามนธาตุราชศรีพิจิตร์,07:00-09:00,2.0,1164.0,582.0
14679,2025-02-03,หลังโควิด,ประเสริฐมนูกิจ-ลาดปลาเค้า,ลาดปลาเค้า,07:00-09:00,2.0,3552.0,1776.0
14682,2025-02-03,หลังโควิด,ประเสริฐมนูกิจ-ลาดปลาเค้า,ประเสริฐมนูกิจ,07:00-09:00,2.0,12839.0,6419.5
14688,2025-02-03,หลังโควิด,เพชรเกษม-ราชพฤกษ์,ราชพฤกษ์,07:00-09:00,2.0,19376.0,9688.0
14691,2025-02-03,หลังโควิด,เพชรเกษม-ราชพฤกษ์,เพชรเกษม,07:00-09:00,2.0,9329.0,4664.5
14694,2025-02-03,หลังโควิด,จุฬา12,พญาไท,07:00-09:00,2.0,5145.0,2572.5
14742,2025-02-03,หลังโควิด,กล้วยน้ำไท,พระรามที่4,07:00-09:00,2.0,6876.0,3438.0
14745,2025-02-03,หลังโควิด,ประชาอุทิศ,ประชาอุทิศ,07:00-09:00,2.0,2369.0,1184.5
14748,2025-02-03,หลังโควิด,ประชาอุทิศ,สุขสวัสดิ์,07:00-09:00,2.0,5071.0,2535.5
14772,2025-02-03,หลังโควิด,บางกะปิ,พ่วงศิริ,07:00-09:00,2.0,783.0,391.5
14775,2025-02-03,หลังโควิด,บางกะปิ,ลาดพร้าว,07:00-09:00,2.0,1467.0,733.5
14781,2025-02-03,หลังโควิด,บางกะปิ,เสรีไทย,07:00-09:00,2.0,1278.0,639.0
14799,2025-02-03,หลังโควิด,สาธุ-จันทน์,สาธุประดิษฐ์,07:00-09:00,2.0,997.0,498.5
14802,2025-02-03,หลังโควิด,สาธุ-จันทน์,จันทน์,07:00-09:00,2.0,2471.0,1235.5
14817,2025-03-03,หลังโควิด,อุรุพงษ์,พระรามที่6,07:00-09:00,2.0,5170.0,2585.0
14820,2025-03-03,หลังโควิด,อุรุพงษ์,เพชรบุรี,07:00-09:00,2.0,4102.0,2051.0
14826,2025-03-03,หลังโควิด,ลาดบัวขาว,รามคำแหง,07:00-09:00,2.0,10738.0,5369.0
14829,2025-03-03,หลังโควิด,ประเสริฐมนูกิจ-สุคนธสวัสดิ์,สุคนธสวัสดิ์,07:00-09:00,2.0,1837.0,918.5
14877,2025-03-03,หลังโควิด,ลาซาล,สุขุมวิท,07:00-09:00,2.0,7493.0,3746.5
14886,2025-03-03,หลังโควิด,วงศ์สว่าง,วงศ์สว่าง,07:00-09:00,2.0,4226.0,2113.0
14889,2025-03-03,หลังโควิด,วงศ์สว่าง,รัชดาภิเษก,07:00-09:00,2.0,6655.0,3327.5
14901,2025-03-03,หลังโควิด,คลองสาน,เจริญนคร,07:00-09:00,2.0,1966.0,983.0
14904,2025-03-03,หลังโควิด,คลองสาน,สมเด็จเจ้าพระยา,07:00-09:00,2.0,1448.0,724.0
14907,2025-03-03,หลังโควิด,คลองสาน,ลาดหญ้า,07:00-09:00,2.0,1435.0,717.5
14934,2025-03-03,หลังโควิด,คลองตัน,สุขุมวิท71,07:00-09:00,2.0,1618.0,809.0
14937,2025-03-03,หลังโควิด,คลองตัน,รามคำแหง,07:00-09:00,2.0,2807.0,1403.5
14940,2025-03-03,หลังโควิด,คลองตัน,เพชรบุรี,07:00-09:00,2.0,2920.0,1460.0
14943,2025-03-03,หลังโควิด,คลองตัน,พัฒนาการ,07:00-09:00,2.0,3747.0,1873.5
14946,2025-03-03,หลังโควิด,ประชาชื่น,ประชาชื่น,07:00-09:00,2.0,2966.0,1483.0
14949,2025-03-03,หลังโควิด,ประชาชื่น,ประชาราษฎร์สาย2,07:00-09:00,2.0,4089.0,2044.5
14982,2025-03-03,หลังโควิด,ทุ่งสาธิต,สุขุมวิท,07:00-09:00,2.0,6813.0,3406.5
15027,2025-04-08,หลังโควิด,ด่วนเพลินจิต,ทางขึ้นลงทางด่วน,07:00-09:00,2.0,3253.0,1626.5
15066,2025-04-11,หลังโควิด,สาธุประดิษฐ์,พระรามที่3,07:00-09:00,2.0,8790.0,4395.0
15102,2025-04-22,หลังโควิด,พระโขนง,สุขุมวิท,07:00-09:00,2.0,8375.0,4187.5
15117,2025-04-24,หลังโควิด,อุดมสุข,สุขุมวิท,07:00-09:00,2.0,8615.0,4307.5
15123,2025-04-25,หลังโควิด,รัชดา-ลาดพร้าว,รัชดาภิเษก,07:00-09:00,2.0,14341.0,7170.5
15135,2025-04-28,หลังโควิด,ลาดกระบัง-ฉลองกรุง,ฉลองกรุง,07:00-09:00,2.0,565.0,282.5
15138,2025-04-28,หลังโควิด,ลาดกระบัง-ฉลองกรุง,ลาดกระบัง,07:00-09:00,2.0,5805.0,2902.5
15144,2025-04-29,หลังโควิด,สุขุมวิท24,สุขุมวิท,07:00-09:00,2.0,5465.0,2732.5
15180,2025-05-06,หลังโควิด,ยมราช,พิษณุโลก,07:00-09:00,2.0,5329.0,2664.5
15186,2025-05-06,หลังโควิด,ยมราช,เพชรบุรี,07:00-09:00,2.0,4709.0,2354.5
15234,2025-05-19,หลังโควิด,คลองเตย,สุนทรโกษา,07:00-09:00,2.0,1583.0,791.5
15237,2025-05-19,หลังโควิด,คลองเตย,พระรามที่4,07:00-09:00,2.0,4592.0,2296.0
15249,2025-05-21,หลังโควิด,จักรพรรดิพงษ์,นครสวรรค์,07:00-09:00,2.0,2781.0,1390.5
15252,2025-05-21,หลังโควิด,จักรพรรดิพงษ์,จักรพรรดิพงษ์,07:00-09:00,2.0,3852.0,1926.0
15258,2025-05-22,หลังโควิด,หทัยราษฎร์-เลียบคลองสอง,หทัยราษฎร์,07:00-09:00,2.0,5312.0,2656.0
15261,2025-05-22,หลังโควิด,หทัยราษฎร์-เลียบคลองสอง,เลียบคลองสอง,07:00-09:00,2.0,1791.0,895.5
15270,2025-05-23,หลังโควิด,ทุ่งครุ,ประชาอุทิศ,07:00-09:00,2.0,2276.0,1138.0
15273,2025-05-23,หลังโควิด,ทุ่งครุ,ครุใน,07:00-09:00,2.0,348.0,174.0
15297,2025-05-29,หลังโควิด,ไฟฉาย,จรัญสนิทวงศ์,07:00-09:00,2.0,6919.0,3459.5
15303,2025-05-29,หลังโควิด,ไฟฉาย,พรานนก,07:00-09:00,2.0,1672.0,836.0
15327,2025-06-05,หลังโควิด,บางรัก,เจริญกรุง,07:00-09:00,2.0,3073.0,1536.5
15333,2025-06-05,หลังโควิด,บางรัก,สีลม,07:00-09:00,2.0,1496.0,748.0
15339,2025-06-06,หลังโควิด,ราษฎร์บูรณะ,ราษฎร์พัฒนา,07:00-09:00,2.0,1014.0,507.0
15342,2025-06-06,หลังโควิด,ราษฎร์บูรณะ,ราษฎร์บูรณะ,07:00-09:00,2.0,3992.0,1996.0
15381,2025-06-13,หลังโควิด,โพธิ์แก้ว,นวมินทร์,07:00-09:00,2.0,8760.0,4380.0
15384,2025-06-13,หลังโควิด,โพธิ์แก้ว,โพธิ์แก้ว,07:00-09:00,2.0,1315.0,657.5
15387,2025-06-13,หลังโควิด,โพธิ์แก้ว,ทางเข้าวัดบางเตย,07:00-09:00,2.0,179.0,89.5
15423,2025-06-30,หลังโควิด,กำแพงเพชร,พหลโยธิน,07:00-09:00,2.0,10166.0,5083.0
15447,2025-07-03,หลังโควิด,พหลโยธิน-เทพรักษ์,พหลโยธิน,07:00-09:00,2.0,6994.0,3497.0
15450,2025-07-03,หลังโควิด,พหลโยธิน-เทพรักษ์,เทพรักษ์,07:00-09:00,2.0,8635.0,4317.5
15453,2025-07-04,หลังโควิด,พงษ์เพชร,ประชาชื่น,07:00-09:00,2.0,5117.0,2558.5
15456,2025-07-04,หลังโควิด,พงษ์เพชร,งามวงศ์วาน,07:00-09:00,2.0,14500.0,7250.0
15459,2025-07-07,หลังโควิด,พญาไท,พญาไท,07:00-09:00,2.0,6202.0,3101.0
15462,2025-07-07,หลังโควิด,พญาไท,ศรีอยุธยา,07:00-09:00,2.0,7827.0,3913.5
15477,2025-07-09,หลังโควิด,เทียมร่วมมิตร,รัชดาภิเษก,07:00-09:00,2.0,9186.0,4593.0
15480,2025-07-09,หลังโควิด,เทียมร่วมมิตร,เทียมร่วมมิตร,07:00-09:00,2.0,3798.0,1899.0
15483,2025-07-14,หลังโควิด,ประตูน้ำ,ราชดำริ,07:00-09:00,2.0,2820.0,1410.0
15486,2025-07-14,หลังโควิด,ประตูน้ำ,ราชปรารภ,07:00-09:00,2.0,1127.0,563.5
15489,2025-07-14,หลังโควิด,ประตูน้ำ,เพชรบุรี,07:00-09:00,2.0,3623.0,1811.5
15492,2025-07-15,หลังโควิด,สาทร-สุรศักดิ์,เจริญราษฎร์,07:00-09:00,2.0,3438.0,1719.0
15507,2025-07-16,หลังโควิด,เพชรเกษม69,เพชรเกษม,07:00-09:00,2.0,9785.0,4892.5
15510,2025-07-17,หลังโควิด,เฉลิมเผ่า,อังรีดูนังต์,07:00-09:00,2.0,1718.0,859.0
15513,2025-07-17,หลังโควิด,เฉลิมเผ่า,พระรามที่1,07:00-09:00,2.0,5167.0,2583.5
15522,2025-07-18,หลังโควิด,ราชประสงค์,เพลินจิต,07:00-09:00,2.0,5415.0,2707.5
15537,2025-07-23,หลังโควิด,เจริญผล,บรรทัดทอง,07:00-09:00,2.0,2778.0,1389.0
15540,2025-07-23,หลังโควิด,เจริญผล,พระรามที่1,07:00-09:00,2.0,3799.0,1899.5
15543,2025-07-24,หลังโควิด,ปทุมวัน,พญาไท,07:00-09:00,2.0,5201.0,2600.5
15546,2025-07-24,หลังโควิด,ปทุมวัน,พระรามที่1,07:00-09:00,2.0,4650.0,2325.0
15549,2025-07-25,หลังโควิด,พงษ์พระราม,จารุเมือง,07:00-09:00,2.0,487.0,243.5
15552,2025-07-25,หลังโควิด,พงษ์พระราม,พระรามที่1,07:00-09:00,2.0,5811.0,2905.5
15555,2025-07-29,หลังโควิด,เพลินจิต,วิทยุ,07:00-09:00,2.0,2721.0,1360.5
15558,2025-07-29,หลังโควิด,เพลินจิต,เพลินจิต,07:00-09:00,2.0,6473.0,3236.5
15642,2025-08-18,หลังโควิด,สามแยกบางกะปิ,ศรีนครินทร์,07:00-09:00,2.0,1891.0,945.5
15645,2025-08-18,หลังโควิด,สามแยกบางกะปิ,ลาดพร้าว,07:00-09:00,2.0,3598.0,1799.0
15657,2025-08-20,หลังโควิด,พระรามที่2,สุขสวัสดิ์,07:00-09:00,2.0,6829.0,3414.5
15660,2025-08-20,หลังโควิด,พระรามที่2,พระรามที่2,07:00-09:00,2.0,4620.0,2310.0
15663,2025-08-21,หลังโควิด,ใต้ด่วนพระราม4,เชื้อเพลิง,07:00-09:00,2.0,3204.0,1602.0
15669,2025-08-21,หลังโควิด,ใต้ด่วนพระราม4,พระรามที่4,07:00-09:00,2.0,9666.0,4833.0
15672,2025-08-22,หลังโควิด,เจริญราษฎร์,เจริญราษฎร์,07:00-09:00,2.0,2359.0,1179.5
15675,2025-08-22,หลังโควิด,เจริญราษฎร์,พระรามที่3,07:00-09:00,2.0,13980.0,6990.0
15678,2025-08-25,หลังโควิด,นิด้า,ศรีบูรพา,07:00-09:00,2.0,3511.0,1755.5
15681,2025-08-25,หลังโควิด,นิด้า,เสรีไทย,07:00-09:00,2.0,5393.0,2696.5
15684,2025-08-26,หลังโควิด,วิทยุ-เพชร,วิทยุ-ทางขึ้นลงทางด่วน,07:00-09:00,2.0,5454.0,2727.0
15690,2025-08-26,หลังโควิด,วิทยุ-เพชร,เพชรบุรี,07:00-09:00,2.0,3867.0,1933.5
15702,2025-08-28,หลังโควิด,หลังสวน,หลังสวน,07:00-09:00,2.0,2506.0,1253.0
15705,2025-08-28,หลังโควิด,หลังสวน,สารสิน,07:00-09:00,2.0,2206.0,1103.0
15708,2025-08-28,หลังโควิด,เพชรบุรี-ชิดลม,เพชรบุรี,07:00-09:00,2.0,6725.0,3362.5
15714,2025-08-29,หลังโควิด,สาทร-นราธิวาส,สาทร,07:00-09:00,2.0,8606.0,4303.0
15735,2025-09-03,หลังโควิด,มิตรสัมพันธ์,นิคมมักกะสัน,07:00-09:00,2.0,819.0,409.5
15738,2025-09-03,หลังโควิด,มิตรสัมพันธ์,เพชรบุรี,07:00-09:00,2.0,8371.0,4185.5
15747,2025-09-05,หลังโควิด,หมอเหล็ง,ราชปรารภ,07:00-09:00,2.0,3782.0,1891.0
15750,2025-09-05,หลังโควิด,หมอเหล็ง,ศรีอยุธยา,07:00-09:00,2.0,5038.0,2519.0
15753,2025-09-05,หลังโควิด,หมอเหล็ง,จตุรทิศ,07:00-09:00,2.0,5011.0,2505.5
15756,2025-09-08,หลังโควิด,ราชเทวี,พญาไท,07:00-09:00,2.0,6425.0,3212.5
15759,2025-09-08,หลังโควิด,ราชเทวี,เพชรบุรี,07:00-09:00,2.0,3921.0,1960.5
15765,2025-09-09,หลังโควิด,วัดสน,สุขสวัสดิ์,07:00-09:00,2.0,9862.0,4931.0
15768,2025-09-10,หลังโควิด,สะพานควาย,พหลโยธิน,07:00-09:00,2.0,4523.0,2261.5
15771,2025-09-10,หลังโควิด,สะพานควาย,ประดิพัทธ์,07:00-09:00,2.0,1437.0,718.5
15774,2025-09-10,หลังโควิด,สะพานควาย,สุทธิสาร,07:00-09:00,2.0,1536.0,768.0
15780,2025-09-11,หลังโควิด,นวมินทร์-ประเสริฐมนูกิจ,ประเสริฐมนูกิจ,07:00-09:00,2.0,7150.0,3575.0
15783,2025-09-12,หลังโควิด,รามคำแหง,รามคำแหง,07:00-09:00,2.0,7787.0,3893.5
15786,2025-09-12,หลังโควิด,รามคำแหง,พระราม9,07:00-09:00,2.0,11668.0,5834.0
15795,2025-09-16,หลังโควิด,วัดสะพานสูง,เตชะวณิช,07:00-09:00,2.0,3293.0,1646.5
15798,2025-09-16,หลังโควิด,วัดสะพานสูง,พระรามที่6,07:00-09:00,2.0,1260.0,630.0
15801,2025-09-18,หลังโควิด,บุคคโล,เจริญนคร,07:00-09:00,2.0,6666.0,3333.0
15804,2025-09-18,หลังโควิด,บุคคโล,มไหสวรรย์,07:00-09:00,2.0,4575.0,2287.5
15810,2025-09-19,หลังโควิด,สวนรื่นฤดี,สุโขทัย,07:00-09:00,2.0,2606.0,1303.0
15816,2025-09-22,หลังโควิด,เกษมราษฎร์,เกษมราษฎร์,07:00-09:00,2.0,1368.0,684.0
15819,2025-09-22,หลังโควิด,เกษมราษฎร์,พระรามที่4,07:00-09:00,2.0,6711.0,3355.5
15825,2025-09-23,หลังโควิด,วงเวียนใหญ่,ประชาธิปก,07:00-09:00,2.0,4581.0,2290.5
15828,2025-09-23,หลังโควิด,วงเวียนใหญ่,อินทรพิทักษ์,07:00-09:00,2.0,4230.0,2115.0
15843,2025-09-25,หลังโควิด,มิตรไมตรี-มิตรไมตรี2,มิตรไมตรี,07:00-09:00,2.0,1469.0,734.5
15846,2025-09-25,หลังโควิด,มิตรไมตรี-มิตรไมตรี2,มิตรไมตรี2,07:00-09:00,2.0,1299.0,649.5
15849,2025-09-26,หลังโควิด,พระราม9,รัชดาภิเษก,07:00-09:00,2.0,6642.0,3321.0
15852,2025-09-26,หลังโควิด,พระราม9,อโศกดินแดง,07:00-09:00,2.0,6367.0,3183.5
15855,2025-09-26,หลังโควิด,พระราม9,พระราม9,07:00-09:00,2.0,5372.0,2686.0
15876,2025-10-01,หลังโควิด,ถนนตก,เจริญกรุง,07:00-09:00,2.0,1849.0,924.5
15879,2025-10-01,หลังโควิด,ถนนตก,พระรามที่3,07:00-09:00,2.0,5221.0,2610.5
15882,2025-10-02,หลังโควิด,พิบูลสงคราม,ประชาราษฎร์สาย1,07:00-09:00,2.0,3775.0,1887.5
15885,2025-10-02,หลังโควิด,พิบูลสงคราม,พิบูลสงคราม,07:00-09:00,2.0,4486.0,2243.0
16017,2025-10-27,หลังโควิด,ราชดำริ,ราชดำริ,07:00-09:00,2.0,3354.0,1677.0
16020,2025-10-27,หลังโควิด,ราชดำริ,สารสิน,07:00-09:00,2.0,2163.0,1081.5
16041,2025-10-30,หลังโควิด,เตาปูน,ประชาราษฎร์,07:00-09:00,2.0,2336.0,1168.0
16044,2025-10-30,หลังโควิด,เตาปูน,ประชาราษฎร์สาย2,07:00-09:00,2.0,2632.0,1316.0
16047,2025-10-31,หลังโควิด,อโศกเพชร,อโศก,07:00-09:00,2.0,2993.0,1496.5
16050,2025-10-31,หลังโควิด,อโศกเพชร,เพชรบุรี,07:00-09:00,2.0,7264.0,3632.0
16059,2025-11-05,หลังโควิด,แปลงนาม,แปลงนาม,07:00-09:00,2.0,212.0,106.0
16062,2025-11-05,หลังโควิด,แปลงนาม,พลับพลาไชย,07:00-09:00,2.0,207.0,103.5
16065,2025-11-05,หลังโควิด,แปลงนาม,เจริญกรุง,07:00-09:00,2.0,3353.0,1676.5
16071,2025-11-07,หลังโควิด,หัวลำโพง,มหาพฤฒาราม,07:00-09:00,2.0,1377.0,688.5
16074,2025-11-07,หลังโควิด,หัวลำโพง,พระรามที่4,07:00-09:00,2.0,8366.0,4183.0
16083,2025-11-10,หลังโควิด,นาหลวง,พุทธบูชา,07:00-09:00,2.0,1370.0,685.0
16104,2025-11-13,หลังโควิด,วัดประชา,พระรามที่5,07:00-09:00,2.0,4581.0,2290.5
16113,2025-11-14,หลังโควิด,วุฒากาศ,วุฒากาศ,07:00-09:00,2.0,1252.0,626.0
16119,2025-11-14,หลังโควิด,วุฒากาศ,เทอดไท,07:00-09:00,2.0,1617.0,808.5
16122,2025-11-17,หลังโควิด,สะพานดำ,พระรามที่6,07:00-09:00,2.0,2481.0,1240.5
16170,2025-11-26,หลังโควิด,ทองหล่อ,สุขุมวิท,07:00-09:00,2.0,5322.0,2661.0
16185,2025-12-01,หลังโควิด,การเรือน,ราชวิถี,07:00-09:00,2.0,1243.0,621.5
16197,2025-12-08,หลังโควิด,มไหสวรรย์,รัชดาภิเษก,07:00-09:00,2.0,2030.0,1015.0
16200,2025-12-08,หลังโควิด,มไหสวรรย์,มไหสวรรย์,07:00-09:00,2.0,2138.0,1069.0
16203,2025-12-09,หลังโควิด,อุภัยเจษฎุทิศ,สวรรคโลก,07:00-09:00,2.0,2897.0,1448.5
16206,2025-12-09,หลังโควิด,อุภัยเจษฎุทิศ,ราชวิถี,07:00-09:00,2.0,3724.0,1862.0
16230,2025-12-17,หลังโควิด,จันทน์-นราธิวาส,นราธิวาสราชนครินทร์,07:00-09:00,2.0,4888.0,2444.0
16233,2025-12-17,หลังโควิด,จันทน์-นราธิวาส,จันทน์,07:00-09:00,2.0,1639.0,819.5
16236,2025-12-19,หลังโควิด,ศรีอยุธยา,พระรามที่6,07:00-09:00,2.0,5982.0,2991.0
16239,2025-12-19,หลังโควิด,ศรีอยุธยา,ศรีอยุธยา,07:00-09:00,2.0,6300.0,3150.0
16260,2025-12-24,หลังโควิด,เกษตร,พหลโยธิน,07:00-09:00,2.0,6311.0,3155.5
16263,2025-12-24,หลังโควิด,เกษตร,งามวงศ์วาน,07:00-09:00,2.0,6031.0,3015.5
16281,2025-12-29,หลังโควิด,หมอมี,เจริญกรุง,07:00-09:00,2.0,1891.0,945.5
16287,2025-12-29,หลังโควิด,หมอมี,พระรามที่4,07:00-09:00,2.0,1366.0,683.0
16296,2026-01-05,หลังโควิด,ดาวคะนอง,สมเด็จพระเจ้าตากสิน,07:00-09:00,2.0,6799.0,3399.5
16299,2026-01-05,หลังโควิด,ดาวคะนอง,จอมทอง,07:00-09:00,2.0,1720.0,860.0
16305,2026-01-07,หลังโควิด,หมู่บ้านสหกรณ์,เสรีไทย,07:00-09:00,2.0,6514.0,3257.0
16308,2026-01-09,หลังโควิด,ห้วยขวาง,รัชดาภิเษก,07:00-09:00,2.0,12586.0,6293.0
16311,2026-01-09,หลังโควิด,ห้วยขวาง,ประชาสงเคราะห์,07:00-09:00,2.0,977.0,488.5
16314,2026-01-09,หลังโควิด,ห้วยขวาง,ประชาราษฎร์บำเพ็ญ,07:00-09:00,2.0,2806.0,1403.0
16317,2026-01-12,หลังโควิด,ด่วนเพลินจิต,ทางขึ้นลงทางด่วน,07:00-09:00,2.0,4332.0,2166.0
16320,2026-01-12,หลังโควิด,ด่วนเพลินจิต,เพลินจิต,07:00-09:00,2.0,6598.0,3299.0
16377,2026-01-23,หลังโควิด,ราชวิถี,พระรามที่5,07:00-09:00,2.0,3639.0,1819.5
16380,2026-01-23,หลังโควิด,ราชวิถี,ราชวิถี,07:00-09:00,2.0,2041.0,1020.5
16389,2026-01-26,หลังโควิด,บางลำพู,สามเสน,07:00-09:00,2.0,1018.0,509.0
16404,2026-01-28,หลังโควิด,บางชัน,เสรีไทย,07:00-09:00,2.0,7169.0,3584.5
16413,2026-01-30,หลังโควิด,พัฒนาการ,ศรีนครินทร์,07:00-09:00,2.0,11590.0,5795.0
16416,2026-01-30,หลังโควิด,พัฒนาการ,พัฒนาการ,07:00-09:00,2.0,7110.0,3555.0
16422,2026-02-02,หลังโควิด,จันทน์-เจริญราษฎร์,เจริญราษฎร์,07:00-09:00,2.0,6928.0,3464.0
16425,2026-02-02,หลังโควิด,จันทน์-เจริญราษฎร์,จันทน์,07:00-09:00,2.0,2850.0,1425.0
16434,2026-02-06,หลังโควิด,เสือป่า,ราชวงศ์,07:00-09:00,2.0,766.0,383.0
16437,2026-02-06,หลังโควิด,เสือป่า,เสือป่า,07:00-09:00,2.0,512.0,256.0
16440,2026-02-06,หลังโควิด,เสือป่า,เจริญกรุง,07:00-09:00,2.0,3475.0,1737.5
16482,2026-02-13,หลังโควิด,บางพลัด,จรัญสนิทวงศ์,07:00-09:00,2.0,8232.0,4116.0
16485,2026-02-13,หลังโควิด,บางพลัด,สิรินธร,07:00-09:00,2.0,3172.0,1586.0
16488,2026-02-13,หลังโควิด,บางพลัด,ราชวิถี,07:00-09:00,2.0,1974.0,987.0
16524,2026-02-24,หลังโควิด,หมู่บ้านเศรษฐกิจ,เพชรเกษม,07:00-09:00,2.0,12103.0,6051.5
16533,2026-02-24,หลังโควิด,เพชรเกษม69,เพชรเกษม,07:00-09:00,2.0,9464.0,4732.0
16557,2026-02-27,หลังโควิด,จอมทอง,วุฒากาศ,07:00-09:00,2.0,794.0,397.0
16563,2026-02-27,หลังโควิด,จอมทอง,จอมทอง,07:00-09:00,2.0,1089.0,544.5
16611,2026-03-16,หลังโควิด,ด่วนเกษมราษฎร์,เกษมราษฎร์,07:00-09:00,2.0,3031.0,1515.5
16614,2026-03-16,หลังโควิด,ด่วนเกษมราษฎร์,ทางขึ้นลงทางด่วน,07:00-09:00,2.0,2304.0,1152.0
16635,2026-03-19,หลังโควิด,บางขุนนนท์,จรัญสนิทวงศ์,07:00-09:00,2.0,5121.0,2560.5
16650,2026-03-23,หลังโควิด,อังรีดูนังต์,สุรวงศ์,07:00-09:00,2.0,996.0,498.0
16653,2026-03-23,หลังโควิด,อังรีดูนังต์,อังรีดูนังต์,07:00-09:00,2.0,2719.0,1359.5
16656,2026-03-23,หลังโควิด,อังรีดูนังต์,พระรามที่4,07:00-09:00,2.0,7155.0,3577.5
16659,2026-03-25,หลังโควิด,ประตูน้ำ,ราชดำริ,07:00-09:00,2.0,2488.0,1244.0
16662,2026-03-25,หลังโควิด,ประตูน้ำ,ราชปรารภ,07:00-09:00,2.0,485.0,242.5
16665,2026-03-25,หลังโควิด,ประตูน้ำ,เพชรบุรี,07:00-09:00,2.0,3982.0,1991.0
16701,2026-04-02,หลังโควิด,คลองประปา,ประชาชื่น,07:00-09:00,2.0,1093.0,546.5
16704,2026-04-02,หลังโควิด,คลองประปา,เลียบคลองประปา,07:00-09:00,2.0,1911.0,955.5
16707,2026-04-02,หลังโควิด,คลองประปา,แจ้งวัฒนะ,07:00-09:00,2.0,15858.0,7929.0
16722,2026-04-07,หลังโควิด,อ.ส.ม.ท.,เพชรอุทัย,07:00-09:00,2.0,1670.0,835.0
16728,2026-04-07,หลังโควิด,อ.ส.ม.ท.,พระราม9,07:00-09:00,2.0,5500.0,2750.0
16782,2026-04-17,หลังโควิด,เฉลิมกรุง,ตรีเพชร,07:00-09:00,2.0,2100.0,1050.0
16788,2026-04-17,หลังโควิด,เฉลิมกรุง,เจริญกรุง,07:00-09:00,2.0,1574.0,787.0
16791,2026-04-20,หลังโควิด,รัชดา-ลาดพร้าว,รัชดาภิเษก,07:00-09:00,2.0,16064.0,8032.0
16803,2026-04-22,หลังโควิด,คลองเตย,สุนทรโกษา,07:00-09:00,2.0,1358.0,679.0
16806,2026-04-22,หลังโควิด,คลองเตย,พระรามที่4,07:00-09:00,2.0,6138.0,3069.0
16827,2026-04-24,หลังโควิด,ประเสริฐมนูกิจ-ประดิษฐ์มนูธรรม,ประดิษฐ์มนูธรรม,07:00-09:00,2.0,14197.0,7098.5
16830,2026-04-24,หลังโควิด,ประเสริฐมนูกิจ-ประดิษฐ์มนูธรรม,ประเสริฐมนูกิจ,07:00-09:00,2.0,12917.0,6458.5
16836,2026-04-29,หลังโควิด,อุณากรรณ,อุณากรรณ,07:00-09:00,2.0,606.0,303.0
16839,2026-04-29,หลังโควิด,อุณากรรณ,เจริญกรุง,07:00-09:00,2.0,3436.0,1718.0
16845,2026-04-29,หลังโควิด,เอสเอบี,เจริญกรุง,07:00-09:00,2.0,3398.0,1699.0
16848,2026-04-30,หลังโควิด,ด่วนนางลิ้นจี่,นางลิ้นจี่,07:00-09:00,2.0,3296.0,1648.0
16851,2026-04-30,หลังโควิด,ด่วนนางลิ้นจี่,รัชดาภิเษก,07:00-09:00,2.0,3076.0,1538.0
16860,2026-05-01,หลังโควิด,วังแดง,พิษณุโลก,07:00-09:00,2.0,968.0,484.0
16872,2026-05-06,หลังโควิด,อุรุพงษ์,พระรามที่6,07:00-09:00,2.0,4611.0,2305.5
16875,2026-05-06,หลังโควิด,อุรุพงษ์,เพชรบุรี,07:00-09:00,2.0,4344.0,2172.0
16881,2026-05-07,หลังโควิด,ประดิพัทธ์,พระรามที่6,07:00-09:00,2.0,4444.0,2222.0
16887,2026-05-08,หลังโควิด,บางยี่เรือ,เทอดไท,07:00-09:00,2.0,737.0,368.5
16890,2026-05-08,หลังโควิด,บางยี่เรือ,เพชรเกษม,07:00-09:00,2.0,2262.0,1131.0
16893,2026-05-08,หลังโควิด,บางยี่เรือ,อินทรพิทักษ์,07:00-09:00,2.0,1435.0,717.5
16899,2026-05-11,หลังโควิด,หมอเหล็ง,ราชปรารภ,07:00-09:00,2.0,1710.0,855.0
16902,2026-05-11,หลังโควิด,หมอเหล็ง,ศรีอยุธยา,07:00-09:00,2.0,3459.0,1729.5
16905,2026-05-11,หลังโควิด,หมอเหล็ง,จตุรทิศ,07:00-09:00,2.0,4473.0,2236.5
16941,2026-05-19,หลังโควิด,ด่วนสุขุมวิท62,สุขุมวิท,07:00-09:00,2.0,7798.0,3899.0
16950,2026-05-20,หลังโควิด,หลักสี่,กำแพงเพชร6,07:00-09:00,2.0,2098.0,1049.0
16953,2026-05-20,หลังโควิด,หลักสี่,แจ้งวัฒนะ,07:00-09:00,2.0,4900.0,2450.0
16968,2026-05-22,หลังโควิด,ขัตติยานี,พิชัย,07:00-09:00,2.0,1049.0,524.5
16971,2026-05-22,หลังโควิด,ขัตติยานี,สุโขทัย,07:00-09:00,2.0,1887.0,943.5
16974,2026-05-25,หลังโควิด,บุคคโล,เจริญนคร,07:00-09:00,2.0,5577.0,2788.5
16977,2026-05-25,หลังโควิด,บุคคโล,มไหสวรรย์,07:00-09:00,2.0,3340.0,1670.0
16986,2026-05-27,หลังโควิด,หมอเหล็ง,ราชปรารภ,07:00-09:00,2.0,1389.0,694.5
16989,2026-05-27,หลังโควิด,หมอเหล็ง,ศรีอยุธยา,07:00-09:00,2.0,4893.0,2446.5
16992,2026-05-27,หลังโควิด,หมอเหล็ง,จตุรทิศ,07:00-09:00,2.0,4102.0,2051.0
17001,2026-05-29,หลังโควิด,บางโพ,ประชาราษฎร์สาย1,07:00-09:00,2.0,4476.0,2238.0
17004,2026-05-29,หลังโควิด,บางโพ,ประชาราษฎร์สาย2,07:00-09:00,2.0,1759.0,879.5
17022,2020-06-02,โควิด,หมอเหล็ง,ศรีอยุธยา,07:00-09:00,2.0,7748.0,3874.0
17031,2020-06-05,โควิด,พงษ์พระราม,จารุเมือง,07:00-09:00,2.0,6843.0,3421.5
17034,2020-06-05,โควิด,พงษ์พระราม,พระรามที่1,07:00-09:00,2.0,479.0,239.5
17037,2020-06-08,โควิด,หลักสี่,กำแพงเพชร6,07:00-09:00,2.0,3589.0,1794.5
17040,2020-06-08,โควิด,หลักสี่,แจ้งวัฒนะ,07:00-09:00,2.0,7658.0,3829.0
17043,2020-06-09,โควิด,บุคคโล,เจริญนคร,07:00-09:00,2.0,5007.0,2503.5
17067,2020-06-12,โควิด,ราชเทวี,เพชรบุรี,07:00-09:00,2.0,9592.0,4796.0
17080,2020-06-16,โควิด,อ่อนนุช,สุขุมวิท,09:00-16:00,7.0,31333.0,4476.142857142857
17089,2020-06-17,โควิด,ประเวศ,อ่อนนุช,09:00-16:00,7.0,39889.0,5698.428571428572
17106,2020-06-22,โควิด,ซังฮี้,สามเสน,07:00-09:00,2.0,3054.0,1527.0
17107,2020-06-22,โควิด,ซังฮี้,สามเสน,09:00-16:00,7.0,11950.0,1707.142857142857
17108,2020-06-22,โควิด,ซังฮี้,สามเสน,16:00-19:00,3.0,4941.0,1647.0
17109,2020-06-22,โควิด,ซังฮี้,ราชวิถี,07:00-09:00,2.0,2765.0,1382.5
17110,2020-06-22,โควิด,ซังฮี้,ราชวิถี,09:00-16:00,7.0,9631.0,1375.857142857143
17111,2020-06-22,โควิด,ซังฮี้,ราชวิถี,16:00-19:00,3.0,6711.0,2237.0
17113,2020-06-23,โควิด,บางขุนพรหม,สามเสน,09:00-16:00,7.0,7998.0,1142.5714285714287
17118,2020-06-24,โควิด,สามแยกบางกะปิ,ศรีนครินทร์,07:00-09:00,2.0,1170.0,585.0
17121,2020-06-24,โควิด,สามแยกบางกะปิ,ลาดพร้าว,07:00-09:00,2.0,6089.0,3044.5
17136,2020-06-26,โควิด,ท่าพระ,จรัญสนิทวงศ์,07:00-09:00,2.0,3193.0,1596.5
17140,2020-06-29,โควิด,สี่พระยา,เจริญกรุง,09:00-16:00,7.0,13283.0,1897.5714285714287
17143,2020-06-29,โควิด,สี่พระยา,สี่พระยา,09:00-16:00,7.0,876.0,125.14285714285714
17152,2020-06-30,โควิด,สาทร-เจริญกรุง,เจริญกรุง,09:00-16:00,7.0,10363.0,1480.4285714285713
17155,2020-06-30,โควิด,สาทร-เจริญกรุง,สาทร,09:00-16:00,7.0,4906.0,700.8571428571429
17190,2020-09-10,โควิด,ประชาชื่น,ประชาชื่น,07:00-09:00,2.0,2539.0,1269.5
17202,2020-09-14,โควิด,สะพานขาว,กรุงเกษม,07:00-09:00,2.0,2214.0,1107.0
17203,2020-09-14,โควิด,สะพานขาว,กรุงเกษม,09:00-16:00,7.0,10486.0,1498.0
17204,2020-09-14,โควิด,สะพานขาว,กรุงเกษม,16:00-19:00,3.0,4623.0,1541.0
17205,2020-09-14,โควิด,สะพานขาว,หลานหลวง,07:00-09:00,2.0,4735.0,2367.5
17206,2020-09-14,โควิด,สะพานขาว,หลานหลวง,09:00-16:00,7.0,15216.0,2173.714285714286
17207,2020-09-14,โควิด,สะพานขาว,หลานหลวง,16:00-19:00,3.0,6614.0,2204.6666666666665
17220,2020-09-16,โควิด,ผังเมือง,วัฒนธรรม,07:00-09:00,2.0,1564.0,782.0
17221,2020-09-16,โควิด,ผังเมือง,วัฒนธรรม,09:00-16:00,7.0,5819.0,831.2857142857143
17222,2020-09-16,โควิด,ผังเมือง,วัฒนธรรม,16:00-19:00,3.0,2391.0,797.0
17223,2020-09-16,โควิด,ผังเมือง,พระราม9,07:00-09:00,2.0,6164.0,3082.0
17224,2020-09-16,โควิด,ผังเมือง,พระราม9,09:00-16:00,7.0,20322.0,2903.1428571428573
17225,2020-09-16,โควิด,ผังเมือง,พระราม9,16:00-19:00,3.0,9324.0,3108.0
17241,2020-09-21,โควิด,ประตูน้ำ,ราชดำริ,07:00-09:00,2.0,3359.0,1679.5
17242,2020-09-21,โควิด,ประตูน้ำ,ราชดำริ,09:00-16:00,7.0,11473.0,1639.0
17243,2020-09-21,โควิด,ประตูน้ำ,ราชดำริ,16:00-19:00,3.0,5469.0,1823.0
17244,2020-09-21,โควิด,ประตูน้ำ,ราชปรารภ,07:00-09:00,2.0,1874.0,937.0
17245,2020-09-21,โควิด,ประตูน้ำ,ราชปรารภ,09:00-16:00,7.0,1077.0,153.85714285714286
17246,2020-09-21,โควิด,ประตูน้ำ,ราชปรารภ,16:00-19:00,3.0,208.0,69.33333333333333
17247,2020-09-21,โควิด,ประตูน้ำ,เพชรบุรี,07:00-09:00,2.0,7938.0,3969.0
17248,2020-09-21,โควิด,ประตูน้ำ,เพชรบุรี,09:00-16:00,7.0,23383.0,3340.4285714285716
17249,2020-09-21,โควิด,ประตูน้ำ,เพชรบุรี,16:00-19:00,3.0,10561.0,3520.3333333333335
17256,2020-09-23,โควิด,จักรพรรดิพงษ์,นครสวรรค์,07:00-09:00,2.0,2831.0,1415.5
17257,2020-09-23,โควิด,จักรพรรดิพงษ์,นครสวรรค์,09:00-16:00,7.0,8912.0,1273.142857142857
17258,2020-09-23,โควิด,จักรพรรดิพงษ์,นครสวรรค์,16:00-19:00,3.0,5036.0,1678.6666666666667
17259,2020-09-23,โควิด,จักรพรรดิพงษ์,จักรพรรดิพงษ์,07:00-09:00,2.0,6083.0,3041.5
17260,2020-09-23,โควิด,จักรพรรดิพงษ์,จักรพรรดิพงษ์,09:00-16:00,7.0,20827.0,2975.285714285714
17261,2020-09-23,โควิด,จักรพรรดิพงษ์,จักรพรรดิพงษ์,16:00-19:00,3.0,9565.0,3188.3333333333335
17262,2020-09-24,โควิด,คอกวัว,ตะนาว,07:00-09:00,2.0,1488.0,744.0
17263,2020-09-24,โควิด,คอกวัว,ตะนาว,09:00-16:00,7.0,5980.0,854.2857142857143
17264,2020-09-24,โควิด,คอกวัว,ตะนาว,16:00-19:00,3.0,3739.0,1246.3333333333333
17265,2020-09-24,โควิด,คอกวัว,ราชดำเนินกลาง,07:00-09:00,2.0,7557.0,3778.5
17266,2020-09-24,โควิด,คอกวัว,ราชดำเนินกลาง,09:00-16:00,7.0,30001.0,4285.857142857143
17267,2020-09-24,โควิด,คอกวัว,ราชดำเนินกลาง,16:00-19:00,3.0,13038.0,4346.0
17268,2020-09-25,โควิด,เทเวศร์,กรุงเกษม,07:00-09:00,2.0,879.0,439.5
17269,2020-09-25,โควิด,เทเวศร์,กรุงเกษม,09:00-16:00,7.0,3138.0,448.2857142857143
17270,2020-09-25,โควิด,เทเวศร์,กรุงเกษม,16:00-19:00,3.0,1244.0,414.6666666666667
17271,2020-09-25,โควิด,เทเวศร์,สามเสน,07:00-09:00,2.0,3116.0,1558.0
17272,2020-09-25,โควิด,เทเวศร์,สามเสน,09:00-16:00,7.0,7820.0,1117.142857142857
17273,2020-09-25,โควิด,เทเวศร์,สามเสน,16:00-19:00,3.0,2953.0,984.3333333333334
17334,2020-03-05,โควิด,ลาดพร้าว101,ลาดพร้าว,07:00-09:00,2.0,4170.0,2085.0
17350,2020-03-09,โควิด,ยมราช,หลานหลวง,09:00-16:00,7.0,888.0,126.85714285714286
17353,2020-03-09,โควิด,ยมราช,สวรรคโลก,09:00-16:00,7.0,5540.0,791.4285714285714
17355,2020-03-09,โควิด,ยมราช,พิษณุโลก,07:00-09:00,2.0,8749.0,4374.5
17356,2020-03-09,โควิด,ยมราช,พิษณุโลก,09:00-16:00,7.0,28994.0,4142.0
17357,2020-03-09,โควิด,ยมราช,พิษณุโลก,16:00-19:00,3.0,10396.0,3465.3333333333335
17358,2020-03-09,โควิด,ยมราช,เพชรบุรี,07:00-09:00,2.0,5250.0,2625.0
17359,2020-03-09,โควิด,ยมราช,เพชรบุรี,09:00-16:00,7.0,20482.0,2926.0
17360,2020-03-09,โควิด,ยมราช,เพชรบุรี,16:00-19:00,3.0,8097.0,2699.0
17382,2020-03-13,โควิด,เสาวณี,สวรรคโลก,07:00-09:00,2.0,2466.0,1233.0
17385,2020-03-13,โควิด,เสาวณี,ศรีอยุธยา,07:00-09:00,2.0,4191.0,2095.5
17400,2020-03-18,โควิด,ลาดกระบัง-ฉลองกรุง,ฉลองกรุง,07:00-09:00,2.0,973.0,486.5
17403,2020-03-18,โควิด,ลาดกระบัง-ฉลองกรุง,ลาดกระบัง,07:00-09:00,2.0,7961.0,3980.5
17412,2020-03-20,โควิด,โรงกรองน้ำ,พระรามที่6,07:00-09:00,2.0,5468.0,2734.0
17415,2020-03-20,โควิด,โรงกรองน้ำ,นครไชยศรี,07:00-09:00,2.0,2401.0,1200.5
17421,2020-03-24,โควิด,จุฬา12,พญาไท,07:00-09:00,2.0,2559.0,1279.5
17422,2020-03-24,โควิด,จุฬา12,พญาไท,09:00-16:00,7.0,9509.0,1358.4285714285713
17423,2020-03-24,โควิด,จุฬา12,พญาไท,16:00-19:00,3.0,3905.0,1301.6666666666667
17430,2020-03-25,โควิด,วุฒากาศ,วุฒากาศ,07:00-09:00,2.0,1383.0,691.5
17433,2020-03-25,โควิด,วุฒากาศ,ซอยมะลิ,07:00-09:00,2.0,17.0,8.5
17436,2020-03-25,โควิด,วุฒากาศ,เทอดไท,07:00-09:00,2.0,1946.0,973.0
17439,2020-03-26,โควิด,ประดิพัทธ์,พระรามที่6,07:00-09:00,2.0,3843.0,1921.5
